ticker,date,alpha_score,comp_rsi,comp_macd,comp_bb,comp_momentum,comp_volatility,comp_volume
AAPL,2024-06-20,44.0,50.0,20.0,50.0,50.0,50.0,50.0
AAPL,2024-06-21,44.0,50.0,20.0,50.0,50.0,50.0,50.0
AAPL,2024-06-24,44.0,50.0,20.0,50.0,50.0,50.0,50.0
AAPL,2024-06-25,44.0,50.0,20.0,50.0,50.0,50.0,50.0
AAPL,2024-06-26,56.0,50.0,80.0,50.0,50.0,50.0,50.0
AAPL,2024-06-27,56.0,50.0,80.0,50.0,50.0,50.0,50.0
AAPL,2024-06-28,56.0,50.0,80.0,50.0,50.0,50.0,50.0
AAPL,2024-07-01,56.0,50.0,80.0,50.0,50.0,50.0,50.0
AAPL,2024-07-02,56.0,50.0,80.0,50.0,50.0,50.0,50.0
AAPL,2024-07-03,56.0,50.0,80.0,50.0,50.0,50.0,50.0
AAPL,2024-07-05,56.0,50.0,80.0,50.0,50.0,50.0,50.0
AAPL,2024-07-08,56.0,50.0,80.0,50.0,50.0,50.0,50.0
AAPL,2024-07-09,56.0,50.0,80.0,50.0,50.0,50.0,50.0
AAPL,2024-07-10,56.0,50.0,80.0,50.0,50.0,50.0,50.0
AAPL,2024-07-11,46.4,18.0,80.0,50.0,50.0,50.0,50.0
AAPL,2024-07-12,46.4,18.0,80.0,50.0,50.0,50.0,50.0
AAPL,2024-07-15,46.4,18.0,80.0,50.0,50.0,50.0,50.0
AAPL,2024-07-16,46.4,18.0,80.0,50.0,50.0,50.0,50.0
AAPL,2024-07-17,53.6,42.0,80.0,50.0,50.0,50.0,50.0
AAPL,2024-07-18,56.8,52.0,80.0,52.0,50.0,50.0,46.0
AAPL,2024-07-19,47.8,52.0,20.0,52.0,60.0,65.0,46.0
AAPL,2024-07-22,47.8,52.0,20.0,52.0,60.0,65.0,46.0
AAPL,2024-07-23,44.8,42.0,20.0,52.0,60.0,65.0,46.0
AAPL,2024-07-24,50.4,52.0,20.0,68.0,60.0,55.0,54.0
AAPL,2024-07-25,49.0,52.0,20.0,68.0,53.0,55.0,46.0
AAPL,2024-07-26,49.0,52.0,20.0,68.0,53.0,55.0,46.0
AAPL,2024-07-29,49.5,52.0,20.0,68.0,60.0,55.0,35.0
AAPL,2024-07-30,50.0,52.0,20.0,68.0,53.0,65.0,46.0
AAPL,2024-07-31,46.8,52.0,20.0,52.0,53.0,65.0,46.0
AAPL,2024-08-01,49.5,52.0,20.0,68.0,47.0,65.0,54.0
AAPL,2024-08-02,49.9,52.0,20.0,68.0,47.0,65.0,62.0
AAPL,2024-08-05,57.1,68.0,20.0,90.0,38.0,55.0,70.0
AAPL,2024-08-06,56.3,68.0,20.0,90.0,38.0,55.0,54.0
AAPL,2024-08-07,54.3,68.0,20.0,80.0,38.0,55.0,54.0
AAPL,2024-08-08,46.7,52.0,20.0,68.0,38.0,55.0,46.0
AAPL,2024-08-09,43.5,52.0,20.0,52.0,38.0,55.0,46.0
AAPL,2024-08-12,43.0,52.0,20.0,52.0,38.0,55.0,35.0
AAPL,2024-08-13,43.5,52.0,20.0,52.0,38.0,55.0,46.0
AAPL,2024-08-14,52.5,42.0,80.0,52.0,38.0,55.0,46.0
AAPL,2024-08-15,52.0,42.0,80.0,38.0,53.0,55.0,46.0
AAPL,2024-08-16,49.3,42.0,80.0,25.0,53.0,55.0,46.0
AAPL,2024-08-19,52.0,42.0,80.0,38.0,53.0,55.0,46.0
AAPL,2024-08-20,48.8,42.0,80.0,25.0,53.0,55.0,35.0
AAPL,2024-08-21,53.5,42.0,80.0,38.0,60.0,65.0,35.0
AAPL,2024-08-22,54.0,42.0,80.0,38.0,60.0,65.0,46.0
AAPL,2024-08-23,54.0,42.0,80.0,38.0,60.0,65.0,46.0
AAPL,2024-08-26,53.5,42.0,80.0,38.0,60.0,65.0,35.0
AAPL,2024-08-27,53.5,42.0,80.0,38.0,60.0,65.0,35.0
AAPL,2024-08-28,53.0,42.0,80.0,38.0,53.0,65.0,46.0
AAPL,2024-08-29,54.4,42.0,80.0,38.0,60.0,65.0,54.0
AAPL,2024-08-30,54.4,42.0,80.0,38.0,60.0,65.0,54.0
AAPL,2024-09-03,60.2,52.0,80.0,52.0,60.0,65.0,54.0
AAPL,2024-09-04,48.2,52.0,20.0,52.0,60.0,65.0,54.0
AAPL,2024-09-05,47.8,52.0,20.0,52.0,60.0,65.0,46.0
AAPL,2024-09-06,51.4,52.0,20.0,68.0,60.0,65.0,54.0
AAPL,2024-09-09,50.8,52.0,20.0,68.0,53.0,65.0,62.0
AAPL,2024-09-10,52.8,52.0,20.0,80.0,53.0,65.0,54.0
AAPL,2024-09-11,47.2,52.0,20.0,52.0,53.0,65.0,54.0
AAPL,2024-09-12,46.8,52.0,20.0,52.0,53.0,65.0,46.0
AAPL,2024-09-13,46.8,52.0,20.0,52.0,47.0,75.0,46.0
AAPL,2024-09-16,57.3,68.0,20.0,90.0,38.0,65.0,54.0
AAPL,2024-09-17,55.3,68.0,20.0,80.0,38.0,65.0,54.0
AAPL,2024-09-18,46.2,52.0,20.0,52.0,47.0,65.0,54.0
AAPL,2024-09-19,41.4,42.0,20.0,38.0,53.0,65.0,54.0
AAPL,2024-09-20,54.7,42.0,80.0,38.0,53.0,65.0,80.0
AAPL,2024-09-23,54.8,42.0,80.0,52.0,47.0,65.0,46.0
AAPL,2024-09-24,53.0,42.0,80.0,38.0,53.0,65.0,46.0
AAPL,2024-09-25,54.3,42.0,80.0,52.0,47.0,65.0,35.0
AAPL,2024-09-26,52.4,42.0,80.0,38.0,53.0,65.0,35.0
AAPL,2024-09-27,51.5,42.0,80.0,38.0,47.0,65.0,35.0
AAPL,2024-09-30,57.3,42.0,80.0,60.0,53.0,65.0,46.0
AAPL,2024-10-01,59.2,52.0,80.0,52.0,53.0,65.0,54.0
AAPL,2024-10-02,58.2,52.0,80.0,52.0,53.0,65.0,35.0
AAPL,2024-10-03,58.2,52.0,80.0,52.0,53.0,65.0,35.0
AAPL,2024-10-04,58.2,52.0,80.0,52.0,53.0,65.0,35.0
AAPL,2024-10-07,46.2,52.0,20.0,52.0,53.0,65.0,35.0
AAPL,2024-10-08,45.2,52.0,20.0,52.0,53.0,55.0,35.0
AAPL,2024-10-09,40.5,42.0,20.0,38.0,60.0,55.0,35.0
AAPL,2024-10-10,51.4,42.0,80.0,38.0,53.0,55.0,35.0
AAPL,2024-10-11,57.2,52.0,80.0,52.0,53.0,55.0,35.0
AAPL,2024-10-14,54.0,42.0,80.0,38.0,60.0,65.0,46.0
AAPL,2024-10-15,58.8,42.0,80.0,60.0,60.0,65.0,54.0
AAPL,2024-10-16,53.5,42.0,80.0,38.0,60.0,65.0,35.0
AAPL,2024-10-17,52.4,42.0,80.0,38.0,53.0,65.0,35.0
AAPL,2024-10-18,50.8,42.0,80.0,25.0,53.0,65.0,54.0
AAPL,2024-10-21,51.4,42.0,80.0,25.0,60.0,65.0,46.0
AAPL,2024-10-22,51.4,42.0,80.0,25.0,60.0,65.0,46.0
AAPL,2024-10-23,59.2,52.0,80.0,52.0,53.0,65.0,54.0
AAPL,2024-10-24,58.8,52.0,80.0,52.0,53.0,65.0,46.0
AAPL,2024-10-25,46.8,52.0,20.0,52.0,53.0,65.0,46.0
AAPL,2024-10-28,41.0,42.0,20.0,38.0,53.0,65.0,46.0
AAPL,2024-10-29,42.0,42.0,20.0,38.0,60.0,65.0,46.0
AAPL,2024-10-30,47.2,52.0,20.0,52.0,53.0,65.0,54.0
AAPL,2024-10-31,50.8,52.0,20.0,68.0,53.0,65.0,62.0
AAPL,2024-11-01,57.0,68.0,20.0,80.0,47.0,65.0,62.0
AAPL,2024-11-04,59.5,68.0,20.0,90.0,53.0,65.0,54.0
AAPL,2024-11-05,50.9,52.0,20.0,80.0,47.0,65.0,35.0
AAPL,2024-11-06,51.9,52.0,20.0,80.0,47.0,65.0,54.0
AAPL,2024-11-07,45.8,52.0,20.0,52.0,47.0,65.0,46.0
AAPL,2024-11-08,45.8,52.0,20.0,52.0,47.0,65.0,46.0
AAPL,2024-11-11,49.0,52.0,20.0,68.0,47.0,65.0,46.0
AAPL,2024-11-12,47.7,52.0,20.0,68.0,38.0,65.0,46.0
AAPL,2024-11-13,46.2,52.0,20.0,52.0,47.0,65.0,54.0
AAPL,2024-11-14,46.2,52.0,20.0,52.0,47.0,65.0,54.0
AAPL,2024-11-15,44.9,52.0,20.0,52.0,38.0,65.0,54.0
AAPL,2024-11-18,44.9,52.0,20.0,52.0,38.0,65.0,54.0
AAPL,2024-11-19,56.5,52.0,80.0,52.0,38.0,65.0,46.0
AAPL,2024-11-20,57.8,52.0,80.0,52.0,47.0,65.0,46.0
AAPL,2024-11-21,57.8,52.0,80.0,52.0,47.0,65.0,46.0
AAPL,2024-11-22,52.0,42.0,80.0,38.0,47.0,65.0,46.0
AAPL,2024-11-25,50.2,42.0,80.0,25.0,47.0,65.0,62.0
AAPL,2024-11-26,57.3,42.0,80.0,60.0,53.0,65.0,46.0
AAPL,2024-11-27,57.3,42.0,80.0,60.0,53.0,65.0,46.0
AAPL,2024-11-29,54.9,32.0,80.0,60.0,60.0,65.0,35.0
AAPL,2024-12-02,56.8,32.0,80.0,60.0,60.0,75.0,54.0
AAPL,2024-12-03,52.2,18.0,80.0,60.0,60.0,75.0,46.0
AAPL,2024-12-04,52.6,18.0,80.0,60.0,60.0,75.0,54.0
AAPL,2024-12-05,45.2,18.0,80.0,25.0,60.0,75.0,46.0
AAPL,2024-12-06,45.2,18.0,80.0,25.0,60.0,75.0,46.0
AAPL,2024-12-09,45.6,18.0,80.0,25.0,60.0,75.0,54.0
AAPL,2024-12-10,47.0,18.0,80.0,25.0,72.0,75.0,46.0
AAPL,2024-12-11,48.2,18.0,80.0,38.0,60.0,75.0,54.0
AAPL,2024-12-12,47.0,18.0,80.0,25.0,72.0,75.0,46.0
AAPL,2024-12-13,47.8,18.0,80.0,38.0,60.0,75.0,46.0
AAPL,2024-12-16,47.4,18.0,80.0,25.0,72.0,75.0,54.0
AAPL,2024-12-17,47.4,18.0,80.0,25.0,72.0,75.0,54.0
AAPL,2024-12-18,55.4,42.0,80.0,38.0,60.0,75.0,54.0
AAPL,2024-12-19,52.4,32.0,80.0,38.0,60.0,75.0,54.0
AAPL,2024-12-20,48.2,18.0,80.0,25.0,72.0,75.0,70.0
AAPL,2024-12-23,47.0,18.0,80.0,25.0,72.0,75.0,46.0
AAPL,2024-12-24,46.4,18.0,80.0,25.0,72.0,75.0,35.0
AAPL,2024-12-26,46.4,18.0,80.0,25.0,72.0,75.0,35.0
AAPL,2024-12-27,51.0,32.0,80.0,38.0,60.0,65.0,46.0
AAPL,2024-12-30,44.8,42.0,20.0,52.0,60.0,65.0,46.0
AAPL,2024-12-31,44.8,42.0,20.0,52.0,60.0,65.0,46.0
AAPL,2025-01-02,50.4,52.0,20.0,68.0,53.0,65.0,54.0
AAPL,2025-01-03,50.0,52.0,20.0,68.0,53.0,65.0,46.0
AAPL,2025-01-06,50.0,52.0,20.0,68.0,53.0,65.0,46.0
AAPL,2025-01-07,51.4,52.0,20.0,80.0,47.0,65.0,46.0
AAPL,2025-01-08,49.0,52.0,20.0,68.0,47.0,65.0,46.0
AAPL,2025-01-10,57.3,68.0,20.0,90.0,38.0,65.0,54.0
AAPL,2025-01-13,57.3,68.0,20.0,90.0,38.0,65.0,54.0
AAPL,2025-01-14,54.9,68.0,20.0,80.0,38.0,65.0,46.0
AAPL,2025-01-15,47.7,52.0,20.0,68.0,38.0,65.0,46.0
AAPL,2025-01-16,57.3,68.0,20.0,90.0,38.0,65.0,54.0
AAPL,2025-01-17,55.3,68.0,20.0,80.0,38.0,65.0,54.0
AAPL,2025-01-21,57.4,82.0,20.0,80.0,28.0,55.0,62.0
AAPL,2025-01-22,52.8,68.0,20.0,80.0,28.0,55.0,54.0
AAPL,2025-01-23,53.8,68.0,20.0,80.0,28.0,65.0,54.0
AAPL,2025-01-24,51.4,68.0,20.0,68.0,28.0,65.0,54.0
AAPL,2025-01-27,42.8,52.0,20.0,52.0,28.0,55.0,62.0
AAPL,2025-01-28,43.9,52.0,20.0,52.0,38.0,55.0,54.0
AAPL,2025-01-29,55.5,52.0,80.0,52.0,38.0,55.0,46.0
AAPL,2025-01-30,55.5,52.0,80.0,52.0,38.0,55.0,46.0
AAPL,2025-01-31,56.3,52.0,80.0,52.0,38.0,55.0,62.0
AAPL,2025-02-03,55.9,52.0,80.0,52.0,38.0,55.0,54.0
AAPL,2025-02-04,55.5,52.0,80.0,52.0,38.0,55.0,46.0
AAPL,2025-02-05,55.0,52.0,80.0,52.0,38.0,55.0,35.0
AAPL,2025-02-06,55.0,52.0,80.0,52.0,38.0,55.0,35.0
AAPL,2025-02-07,55.0,52.0,80.0,52.0,38.0,55.0,35.0
AAPL,2025-02-10,55.0,52.0,80.0,52.0,38.0,55.0,35.0
AAPL,2025-02-11,56.8,52.0,80.0,52.0,47.0,55.0,46.0
AAPL,2025-02-12,55.0,52.0,80.0,38.0,53.0,55.0,46.0
AAPL,2025-02-13,49.3,42.0,80.0,25.0,53.0,55.0,46.0
AAPL,2025-02-14,49.9,42.0,80.0,25.0,60.0,55.0,35.0
AAPL,2025-02-18,50.4,42.0,80.0,25.0,60.0,55.0,46.0
AAPL,2025-02-19,51.6,42.0,80.0,25.0,72.0,55.0,35.0
AAPL,2025-02-20,49.9,42.0,80.0,25.0,60.0,55.0,35.0
AAPL,2025-02-21,53.4,42.0,80.0,38.0,60.0,55.0,54.0
AAPL,2025-02-24,52.2,42.0,80.0,25.0,72.0,55.0,46.0
AAPL,2025-02-25,53.0,42.0,80.0,38.0,60.0,55.0,46.0
AAPL,2025-02-26,58.8,52.0,80.0,52.0,53.0,65.0,46.0
AAPL,2025-02-27,57.8,52.0,80.0,52.0,47.0,65.0,46.0
AAPL,2025-02-28,58.2,52.0,80.0,52.0,53.0,55.0,54.0
AAPL,2025-03-03,46.2,52.0,20.0,52.0,53.0,55.0,54.0
AAPL,2025-03-04,48.2,52.0,20.0,52.0,60.0,65.0,54.0
AAPL,2025-03-05,47.2,52.0,20.0,52.0,53.0,65.0,54.0
AAPL,2025-03-06,47.2,52.0,20.0,52.0,53.0,65.0,54.0
AAPL,2025-03-07,47.2,52.0,20.0,52.0,53.0,65.0,54.0
AAPL,2025-03-10,58.9,68.0,20.0,90.0,53.0,55.0,62.0
AAPL,2025-03-11,58.0,68.0,20.0,90.0,47.0,55.0,62.0
AAPL,2025-03-12,56.3,68.0,20.0,90.0,38.0,55.0,54.0
AAPL,2025-03-13,59.0,82.0,20.0,90.0,28.0,55.0,54.0
AAPL,2025-03-14,52.8,68.0,20.0,80.0,28.0,55.0,54.0
AAPL,2025-03-17,52.4,68.0,20.0,80.0,28.0,55.0,46.0
AAPL,2025-03-18,52.4,68.0,20.0,80.0,28.0,55.0,46.0
AAPL,2025-03-19,50.4,68.0,20.0,68.0,28.0,55.0,54.0
AAPL,2025-03-20,50.0,68.0,20.0,68.0,28.0,55.0,46.0
AAPL,2025-03-21,42.8,52.0,20.0,52.0,28.0,55.0,62.0
AAPL,2025-03-24,42.0,52.0,20.0,52.0,28.0,55.0,46.0
AAPL,2025-03-25,55.0,52.0,80.0,52.0,38.0,55.0,35.0
AAPL,2025-03-26,55.0,52.0,80.0,52.0,38.0,55.0,35.0
AAPL,2025-03-27,55.0,52.0,80.0,52.0,38.0,55.0,35.0
AAPL,2025-03-28,55.5,52.0,80.0,52.0,38.0,55.0,46.0
AAPL,2025-03-31,55.9,52.0,80.0,52.0,38.0,55.0,54.0
AAPL,2025-04-01,55.0,52.0,80.0,52.0,38.0,55.0,35.0
AAPL,2025-04-02,55.0,52.0,80.0,52.0,38.0,55.0,35.0
AAPL,2025-04-03,54.2,68.0,20.0,90.0,28.0,45.0,62.0
AAPL,2025-04-04,56.8,82.0,20.0,90.0,15.0,45.0,70.0
AAPL,2025-04-07,56.8,82.0,20.0,90.0,15.0,45.0,70.0
AAPL,2025-04-08,56.4,82.0,20.0,90.0,15.0,45.0,62.0
AAPL,2025-04-09,46.2,52.0,20.0,68.0,38.0,38.0,70.0
AAPL,2025-04-10,50.6,68.0,20.0,68.0,38.0,38.0,62.0
AAPL,2025-04-11,42.2,52.0,20.0,52.0,38.0,38.0,54.0
AAPL,2025-04-14,42.2,52.0,20.0,52.0,38.0,38.0,54.0
AAPL,2025-04-15,53.2,52.0,80.0,52.0,38.0,38.0,35.0
AAPL,2025-04-16,52.8,52.0,80.0,52.0,38.0,28.0,46.0
AAPL,2025-04-17,52.2,52.0,80.0,52.0,38.0,28.0,35.0
AAPL,2025-04-21,50.8,52.0,80.0,52.0,28.0,28.0,35.0
AAPL,2025-04-22,52.2,52.0,80.0,52.0,38.0,28.0,35.0
AAPL,2025-04-23,52.2,52.0,80.0,52.0,38.0,28.0,35.0
AAPL,2025-04-24,52.2,52.0,80.0,52.0,38.0,28.0,35.0
AAPL,2025-04-25,52.2,52.0,80.0,52.0,38.0,28.0,35.0
AAPL,2025-04-28,52.2,52.0,80.0,52.0,38.0,28.0,35.0
AAPL,2025-04-29,49.5,52.0,80.0,38.0,38.0,28.0,35.0
AAPL,2025-04-30,49.5,52.0,80.0,38.0,38.0,28.0,35.0
AAPL,2025-05-01,50.0,52.0,80.0,38.0,38.0,28.0,46.0
AAPL,2025-05-02,56.5,52.0,80.0,52.0,53.0,38.0,54.0
AAPL,2025-05-05,57.1,52.0,80.0,52.0,60.0,38.0,46.0
AAPL,2025-05-06,57.1,52.0,80.0,52.0,60.0,38.0,46.0
AAPL,2025-05-07,62.1,52.0,80.0,68.0,72.0,38.0,46.0
AAPL,2025-05-08,44.8,52.0,20.0,52.0,47.0,55.0,46.0
AAPL,2025-05-09,46.2,52.0,20.0,52.0,60.0,55.0,35.0
AAPL,2025-05-12,53.4,42.0,80.0,38.0,60.0,55.0,54.0
AAPL,2025-05-13,53.0,42.0,80.0,38.0,60.0,55.0,46.0
AAPL,2025-05-14,53.0,42.0,80.0,38.0,60.0,55.0,46.0
AAPL,2025-05-15,53.0,42.0,80.0,38.0,60.0,55.0,46.0
AAPL,2025-05-16,56.4,52.0,80.0,38.0,60.0,55.0,54.0
AAPL,2025-05-19,58.8,52.0,80.0,52.0,60.0,55.0,46.0
AAPL,2025-05-20,58.8,52.0,80.0,52.0,60.0,55.0,46.0
AAPL,2025-05-21,57.2,52.0,80.0,52.0,47.0,55.0,54.0
AAPL,2025-05-22,46.7,52.0,20.0,68.0,38.0,55.0,46.0
AAPL,2025-05-23,54.3,68.0,20.0,80.0,38.0,55.0,54.0
AAPL,2025-05-27,43.9,52.0,20.0,52.0,38.0,55.0,54.0
AAPL,2025-05-28,43.5,52.0,20.0,52.0,38.0,55.0,46.0
AAPL,2025-05-29,43.5,52.0,20.0,52.0,38.0,55.0,46.0
AAPL,2025-05-30,43.9,52.0,20.0,52.0,38.0,55.0,54.0
AAPL,2025-06-02,44.3,52.0,20.0,52.0,47.0,55.0,35.0
AAPL,2025-06-03,45.8,52.0,20.0,52.0,53.0,55.0,46.0
AAPL,2025-06-04,45.8,52.0,20.0,52.0,53.0,55.0,46.0
AAPL,2025-06-05,46.2,52.0,20.0,52.0,53.0,55.0,54.0
AAPL,2025-06-06,58.8,52.0,80.0,52.0,60.0,55.0,46.0
AAPL,2025-06-09,58.2,52.0,80.0,52.0,53.0,55.0,54.0
AAPL,2025-06-10,56.9,52.0,80.0,52.0,38.0,65.0,54.0
AAPL,2025-06-11,48.1,52.0,20.0,68.0,38.0,65.0,54.0
AAPL,2025-06-12,47.7,52.0,20.0,68.0,38.0,65.0,46.0
AAPL,2025-06-13,50.1,52.0,20.0,80.0,38.0,65.0,46.0
AAPL,2025-06-16,47.7,52.0,20.0,68.0,38.0,65.0,46.0
AAPL,2025-06-17,50.1,52.0,20.0,80.0,38.0,65.0,46.0
AAPL,2025-06-18,47.7,52.0,20.0,68.0,38.0,65.0,46.0
AAPL,2025-06-20,46.6,52.0,20.0,52.0,47.0,65.0,62.0
AAPL,2025-06-23,59.2,52.0,80.0,52.0,53.0,65.0,54.0
AAPL,2025-06-24,59.2,52.0,80.0,52.0,53.0,65.0,54.0
AAPL,2025-06-25,58.8,52.0,80.0,52.0,53.0,65.0,46.0
AAPL,2025-06-26,58.8,52.0,80.0,52.0,53.0,65.0,46.0
AAPL,2025-06-27,59.2,52.0,80.0,52.0,53.0,65.0,54.0
AAPL,2025-06-30,51.1,42.0,80.0,25.0,53.0,65.0,62.0
AAPL,2025-07-01,58.8,42.0,80.0,60.0,60.0,65.0,54.0
AAPL,2025-07-02,55.8,32.0,80.0,60.0,60.0,65.0,54.0
AAPL,2025-07-03,54.9,32.0,80.0,60.0,60.0,65.0,35.0
AAPL,2025-07-07,51.4,42.0,80.0,25.0,60.0,65.0,46.0
AAPL,2025-07-08,53.0,42.0,80.0,38.0,53.0,65.0,46.0
AAPL,2025-07-09,51.4,42.0,80.0,25.0,60.0,65.0,46.0
AAPL,2025-07-10,51.4,42.0,80.0,25.0,60.0,65.0,46.0
AAPL,2025-07-11,54.0,42.0,80.0,38.0,60.0,65.0,46.0
AAPL,2025-07-14,56.8,42.0,80.0,52.0,60.0,65.0,46.0
AAPL,2025-07-15,56.8,42.0,80.0,52.0,60.0,65.0,46.0
AAPL,2025-07-16,56.8,42.0,80.0,52.0,60.0,65.0,46.0
AAPL,2025-07-17,56.8,42.0,80.0,52.0,60.0,65.0,46.0
AAPL,2025-07-18,54.0,42.0,80.0,38.0,60.0,65.0,46.0
AAPL,2025-07-21,55.0,42.0,80.0,38.0,60.0,75.0,46.0
AAPL,2025-07-22,54.0,42.0,80.0,38.0,60.0,65.0,46.0
AAPL,2025-07-23,55.0,42.0,80.0,38.0,60.0,75.0,46.0
AAPL,2025-07-24,55.0,42.0,80.0,38.0,60.0,75.0,46.0
AAPL,2025-07-25,55.0,42.0,80.0,38.0,60.0,75.0,46.0
AAPL,2025-07-28,55.0,42.0,80.0,38.0,60.0,75.0,46.0
AAPL,2025-07-29,48.2,52.0,20.0,52.0,53.0,75.0,54.0
AAPL,2025-07-30,51.0,52.0,20.0,68.0,53.0,75.0,46.0
AAPL,2025-07-31,53.2,52.0,20.0,80.0,47.0,75.0,62.0
AAPL,2025-08-01,59.1,68.0,20.0,90.0,38.0,75.0,70.0
AAPL,2025-08-04,58.3,68.0,20.0,90.0,38.0,75.0,54.0
AAPL,2025-08-05,55.9,68.0,20.0,80.0,38.0,75.0,46.0
AAPL,2025-08-06,44.6,42.0,20.0,52.0,53.0,65.0,62.0
AAPL,2025-08-07,55.2,32.0,80.0,60.0,60.0,55.0,62.0
AAPL,2025-08-08,51.0,18.0,80.0,60.0,60.0,55.0,62.0
AAPL,2025-08-11,50.6,18.0,80.0,60.0,60.0,55.0,54.0
AAPL,2025-08-12,50.2,18.0,80.0,60.0,60.0,55.0,46.0
AAPL,2025-08-13,52.4,18.0,80.0,60.0,72.0,55.0,54.0
AAPL,2025-08-14,45.0,18.0,80.0,25.0,72.0,55.0,46.0
AAPL,2025-08-15,43.2,18.0,80.0,25.0,60.0,55.0,46.0
AAPL,2025-08-18,49.5,32.0,80.0,38.0,60.0,55.0,35.0
AAPL,2025-08-19,49.5,32.0,80.0,38.0,60.0,55.0,35.0
AAPL,2025-08-20,55.2,42.0,80.0,52.0,60.0,55.0,35.0
AAPL,2025-08-21,55.2,42.0,80.0,52.0,60.0,55.0,35.0
AAPL,2025-08-22,55.2,42.0,80.0,52.0,60.0,55.0,35.0
AAPL,2025-08-25,43.2,42.0,20.0,52.0,60.0,55.0,35.0
AAPL,2025-08-26,43.8,42.0,20.0,52.0,60.0,55.0,46.0
AAPL,2025-08-27,45.0,42.0,20.0,52.0,72.0,55.0,35.0
AAPL,2025-08-28,39.2,32.0,20.0,38.0,72.0,55.0,35.0
AAPL,2025-08-29,42.6,32.0,20.0,52.0,72.0,55.0,46.0
AAPL,2025-09-02,45.6,42.0,20.0,52.0,72.0,55.0,46.0
AAPL,2025-09-03,45.4,18.0,80.0,25.0,72.0,55.0,54.0
AAPL,2025-09-04,52.0,18.0,80.0,60.0,72.0,55.0,46.0
AAPL,2025-09-05,51.6,18.0,80.0,60.0,60.0,65.0,54.0
AAPL,2025-09-08,48.8,32.0,80.0,25.0,60.0,65.0,54.0
AAPL,2025-09-09,57.2,42.0,80.0,52.0,60.0,65.0,54.0
AAPL,2025-09-10,49.9,52.0,20.0,68.0,47.0,65.0,62.0
AAPL,2025-09-11,46.2,52.0,20.0,52.0,47.0,65.0,54.0
AAPL,2025-09-12,44.2,42.0,20.0,52.0,53.0,65.0,54.0
AAPL,2025-09-15,41.0,42.0,20.0,38.0,53.0,65.0,46.0
AAPL,2025-09-16,42.4,42.0,20.0,38.0,60.0,65.0,54.0
AAPL,2025-09-17,42.0,42.0,20.0,38.0,60.0,65.0,46.0
AAPL,2025-09-18,42.0,42.0,20.0,38.0,60.0,65.0,46.0
AAPL,2025-09-19,56.6,32.0,80.0,60.0,60.0,65.0,70.0
AAPL,2025-09-22,52.8,18.0,80.0,60.0,72.0,55.0,62.0
AAPL,2025-09-23,52.0,18.0,80.0,60.0,72.0,55.0,46.0
AAPL,2025-09-24,49.2,32.0,80.0,25.0,72.0,55.0,46.0
AAPL,2025-09-25,45.0,18.0,80.0,25.0,72.0,55.0,46.0
AAPL,2025-09-26,47.4,32.0,80.0,25.0,60.0,55.0,46.0
AAPL,2025-09-29,49.5,32.0,80.0,38.0,60.0,55.0,35.0
AAPL,2025-09-30,51.2,32.0,80.0,38.0,72.0,55.0,35.0
AAPL,2025-10-01,50.0,32.0,80.0,38.0,60.0,55.0,46.0
AAPL,2025-10-02,45.8,18.0,80.0,38.0,60.0,55.0,46.0
AAPL,2025-10-03,45.8,18.0,80.0,38.0,60.0,55.0,46.0
AAPL,2025-10-06,50.0,32.0,80.0,38.0,60.0,55.0,46.0
AAPL,2025-10-07,37.5,32.0,20.0,38.0,60.0,55.0,35.0
AAPL,2025-10-08,40.2,32.0,20.0,38.0,72.0,65.0,35.0
AAPL,2025-10-09,46.0,42.0,20.0,52.0,72.0,65.0,35.0
AAPL,2025-10-10,47.2,52.0,20.0,52.0,60.0,55.0,54.0
AAPL,2025-10-13,46.2,52.0,20.0,52.0,60.0,55.0,35.0
AAPL,2025-10-14,46.2,52.0,20.0,52.0,60.0,55.0,35.0
AAPL,2025-10-15,46.2,52.0,20.0,52.0,60.0,55.0,35.0
AAPL,2025-10-16,50.0,52.0,20.0,68.0,60.0,55.0,46.0
AAPL,2025-10-17,44.2,42.0,20.0,52.0,53.0,65.0,54.0
AAPL,2025-10-20,36.1,32.0,20.0,25.0,53.0,65.0,62.0
AAPL,2025-10-21,36.8,32.0,20.0,25.0,60.0,65.0,54.0
AAPL,2025-10-22,41.0,42.0,20.0,38.0,53.0,65.0,46.0
AAPL,2025-10-23,53.0,42.0,80.0,38.0,53.0,65.0,46.0
AAPL,2025-10-24,50.3,42.0,80.0,25.0,53.0,65.0,46.0
AAPL,2025-10-27,55.8,32.0,80.0,60.0,60.0,65.0,54.0
AAPL,2025-10-28,48.4,32.0,80.0,25.0,60.0,65.0,46.0
AAPL,2025-10-29,48.8,32.0,80.0,25.0,60.0,65.0,54.0
AAPL,2025-10-30,45.0,18.0,80.0,25.0,60.0,65.0,62.0
AAPL,2025-10-31,51.8,32.0,80.0,38.0,60.0,65.0,62.0
AAPL,2025-11-03,51.4,32.0,80.0,38.0,60.0,65.0,54.0
AAPL,2025-11-04,51.4,32.0,80.0,38.0,60.0,65.0,54.0
AAPL,2025-11-05,51.0,32.0,80.0,38.0,60.0,65.0,46.0
AAPL,2025-11-06,51.4,32.0,80.0,38.0,60.0,65.0,54.0
AAPL,2025-11-07,44.8,42.0,20.0,52.0,60.0,65.0,46.0
AAPL,2025-11-10,41.8,32.0,20.0,52.0,60.0,65.0,46.0
AAPL,2025-11-11,36.6,18.0,20.0,38.0,72.0,65.0,46.0
AAPL,2025-11-12,39.0,32.0,20.0,38.0,60.0,65.0,46.0
AAPL,2025-11-13,40.8,32.0,20.0,38.0,72.0,65.0,46.0
AAPL,2025-11-14,39.0,32.0,20.0,38.0,60.0,65.0,46.0
AAPL,2025-11-17,46.8,52.0,20.0,52.0,53.0,65.0,46.0
AAPL,2025-11-18,46.8,52.0,20.0,52.0,53.0,65.0,46.0
AAPL,2025-11-19,45.8,42.0,20.0,52.0,60.0,75.0,46.0
AAPL,2025-11-20,50.0,52.0,20.0,68.0,53.0,65.0,46.0
AAPL,2025-11-21,45.2,42.0,20.0,52.0,60.0,65.0,54.0
AAPL,2025-11-24,42.8,32.0,20.0,60.0,53.0,65.0,54.0
AAPL,2025-11-25,43.4,32.0,20.0,60.0,60.0,65.0,46.0
AAPL,2025-11-26,35.9,32.0,20.0,25.0,60.0,65.0,35.0
AAPL,2025-11-28,47.8,32.0,80.0,25.0,53.0,75.0,35.0
AAPL,2025-12-01,51.6,18.0,80.0,60.0,60.0,65.0,54.0
AAPL,2025-12-02,51.6,18.0,80.0,60.0,60.0,65.0,54.0
AAPL,2025-12-03,44.2,18.0,80.0,25.0,60.0,65.0,46.0
AAPL,2025-12-04,54.0,42.0,80.0,38.0,60.0,65.0,46.0
AAPL,2025-12-05,57.2,42.0,80.0,52.0,60.0,65.0,54.0
AAPL,2025-12-08,44.8,42.0,20.0,52.0,60.0,65.0,46.0
AAPL,2025-12-09,43.8,42.0,20.0,52.0,53.0,65.0,46.0
AAPL,2025-12-10,43.8,42.0,20.0,52.0,53.0,65.0,46.0
AAPL,2025-12-11,43.8,42.0,20.0,52.0,53.0,65.0,46.0
AAPL,2025-12-12,43.8,42.0,20.0,52.0,53.0,65.0,46.0
AAPL,2025-12-15,47.2,52.0,20.0,52.0,53.0,65.0,54.0
AAPL,2025-12-16,47.8,52.0,20.0,52.0,53.0,75.0,46.0
AAPL,2025-12-17,50.4,52.0,20.0,68.0,53.0,65.0,54.0
AAPL,2025-12-18,50.4,52.0,20.0,68.0,53.0,65.0,54.0
AAPL,2025-12-19,52.2,52.0,20.0,68.0,53.0,75.0,70.0
AAPL,2025-12-22,52.4,52.0,20.0,80.0,47.0,75.0,46.0
AAPL,2025-12-23,49.5,52.0,20.0,68.0,47.0,75.0,35.0
AAPL,2025-12-24,46.3,52.0,20.0,52.0,47.0,75.0,35.0
AAPL,2025-12-26,49.5,52.0,20.0,68.0,47.0,75.0,35.0
AAPL,2025-12-29,46.3,52.0,20.0,52.0,47.0,75.0,35.0
AAPL,2025-12-30,45.0,52.0,20.0,52.0,38.0,75.0,35.0
AAPL,2025-12-31,48.2,52.0,20.0,68.0,38.0,75.0,35.0
AAPL,2026-01-02,48.7,52.0,20.0,68.0,38.0,75.0,46.0
AAPL,2026-01-05,58.3,68.0,20.0,90.0,38.0,75.0,54.0
AAPL,2026-01-06,62.5,82.0,20.0,90.0,38.0,75.0,54.0
AAPL,2026-01-07,62.5,82.0,20.0,90.0,38.0,75.0,54.0
AAPL,2026-01-08,62.5,82.0,20.0,90.0,38.0,75.0,54.0
AAPL,2026-01-09,60.1,82.0,20.0,80.0,38.0,75.0,46.0
AAPL,2026-01-12,60.5,82.0,20.0,80.0,38.0,75.0,54.0
AAPL,2026-01-13,53.9,68.0,20.0,68.0,38.0,75.0,54.0
AAPL,2026-01-14,53.5,68.0,20.0,68.0,38.0,75.0,46.0
AAPL,2026-01-15,60.1,82.0,20.0,80.0,38.0,75.0,46.0
AAPL,2026-01-16,60.9,82.0,20.0,80.0,38.0,75.0,62.0
AAPL,2026-01-20,64.9,92.0,20.0,90.0,38.0,65.0,62.0
AAPL,2026-01-21,59.5,82.0,20.0,80.0,38.0,65.0,54.0
AAPL,2026-01-22,59.1,82.0,20.0,80.0,38.0,65.0,46.0
AAPL,2026-01-23,60.1,82.0,20.0,80.0,38.0,75.0,46.0
AAPL,2026-01-26,44.9,52.0,20.0,52.0,38.0,65.0,54.0
AAPL,2026-01-27,44.9,52.0,20.0,52.0,38.0,65.0,54.0
AAPL,2026-01-28,56.5,52.0,80.0,52.0,38.0,65.0,46.0
AAPL,2026-01-29,56.9,52.0,80.0,52.0,38.0,65.0,54.0
AAPL,2026-01-30,57.3,52.0,80.0,52.0,38.0,65.0,62.0
AAPL,2026-02-02,55.9,42.0,80.0,60.0,47.0,55.0,54.0
AAPL,2026-02-03,50.8,42.0,80.0,25.0,53.0,65.0,54.0
AAPL,2026-02-04,55.2,32.0,80.0,60.0,60.0,55.0,62.0
AAPL,2026-02-05,47.4,32.0,80.0,25.0,60.0,55.0,46.0
AAPL,2026-02-06,48.4,32.0,80.0,25.0,60.0,65.0,46.0
AAPL,2026-02-09,53.0,42.0,80.0,38.0,60.0,55.0,46.0
AAPL,2026-02-10,52.5,42.0,80.0,38.0,60.0,55.0,35.0
AAPL,2026-02-11,53.0,42.0,80.0,38.0,60.0,55.0,46.0
AAPL,2026-02-12,58.2,52.0,80.0,52.0,53.0,55.0,54.0
AAPL,2026-02-13,49.6,68.0,20.0,52.0,47.0,55.0,46.0
AAPL,2026-02-17,46.8,52.0,20.0,52.0,60.0,55.0,46.0
AAPL,2026-02-18,46.2,52.0,20.0,52.0,60.0,55.0,35.0
AAPL,2026-02-19,46.2,52.0,20.0,52.0,60.0,55.0,35.0
AAPL,2026-02-20,46.8,52.0,20.0,52.0,60.0,55.0,46.0
AAPL,2026-02-23,46.2,52.0,20.0,52.0,60.0,55.0,35.0
AAPL,2026-02-24,55.8,42.0,80.0,52.0,60.0,55.0,46.0
AAPL,2026-02-25,52.5,42.0,80.0,38.0,60.0,55.0,35.0
AAPL,2026-02-26,55.2,42.0,80.0,52.0,60.0,55.0,35.0
AAPL,2026-02-27,58.2,52.0,80.0,52.0,53.0,55.0,54.0
AAPL,2026-03-02,45.8,52.0,20.0,52.0,53.0,55.0,46.0
AAPL,2026-03-03,44.8,52.0,20.0,52.0,47.0,55.0,46.0
AAPL,2026-03-04,48.0,52.0,20.0,68.0,47.0,55.0,46.0
AAPL,2026-03-05,47.1,52.0,20.0,68.0,38.0,55.0,54.0
AAPL,2026-03-06,46.7,52.0,20.0,68.0,38.0,55.0,46.0
AAPL,2026-03-09,46.7,52.0,20.0,68.0,38.0,55.0,46.0
AAPL,2026-03-10,43.0,52.0,20.0,52.0,38.0,55.0,35.0
AAPL,2026-03-11,43.0,52.0,20.0,52.0,38.0,55.0,35.0
AAPL,2026-03-12,53.9,68.0,20.0,80.0,38.0,55.0,46.0
AAPL,2026-03-13,55.9,68.0,20.0,90.0,38.0,55.0,46.0
AAPL,2026-03-16,56.2,68.0,20.0,80.0,47.0,65.0,46.0
AAPL,2026-03-17,47.7,52.0,20.0,68.0,38.0,65.0,46.0
AAPL,2026-03-18,54.9,68.0,20.0,80.0,38.0,65.0,46.0
AAPL,2026-03-19,54.9,68.0,20.0,80.0,38.0,65.0,46.0
AAPL,2026-03-20,56.1,68.0,20.0,80.0,38.0,65.0,70.0
AAPL,2026-03-23,47.7,52.0,20.0,68.0,38.0,65.0,46.0
AAPL,2026-03-24,48.1,52.0,20.0,68.0,38.0,65.0,54.0
AAPL,2026-03-25,44.0,52.0,20.0,52.0,38.0,65.0,35.0
AAPL,2026-03-26,44.9,52.0,20.0,52.0,38.0,65.0,54.0
AAPL,2026-03-27,52.9,68.0,20.0,68.0,38.0,65.0,54.0
AAPL,2026-03-30,54.9,68.0,20.0,80.0,38.0,65.0,46.0
AAPL,2026-03-31,56.9,52.0,80.0,52.0,38.0,65.0,54.0
AAPL,2026-04-01,57.8,52.0,80.0,52.0,47.0,65.0,46.0
AAPL,2026-04-02,57.8,52.0,80.0,52.0,47.0,65.0,46.0
AAPL,2026-04-06,56.0,52.0,80.0,38.0,53.0,65.0,46.0
AAPL,2026-04-07,58.6,52.0,80.0,52.0,47.0,65.0,62.0
AAPL,2026-04-08,52.4,52.0,80.0,25.0,47.0,65.0,46.0
AAPL,2026-04-09,48.9,42.0,80.0,25.0,47.0,65.0,35.0
AAPL,2026-04-10,50.3,42.0,80.0,25.0,53.0,65.0,46.0
AAPL,2026-04-13,57.0,52.0,80.0,38.0,60.0,65.0,46.0
AAPL,2026-04-14,56.4,52.0,80.0,38.0,53.0,65.0,54.0
AAPL,2026-04-15,58.8,42.0,80.0,60.0,60.0,65.0,54.0
AAPL,2026-04-16,51.8,42.0,80.0,25.0,60.0,65.0,54.0
AAPL,2026-04-17,58.8,42.0,80.0,60.0,60.0,65.0,54.0
AAPL,2026-04-20,57.2,32.0,80.0,60.0,72.0,65.0,46.0
AAPL,2026-04-21,54.4,42.0,80.0,38.0,60.0,65.0,54.0
AAPL,2026-04-22,50.8,42.0,80.0,25.0,60.0,55.0,54.0
AAPL,2026-04-23,50.4,42.0,80.0,25.0,60.0,55.0,46.0
AAPL,2026-04-24,53.0,42.0,80.0,38.0,60.0,55.0,46.0
AAPL,2026-04-27,55.8,42.0,80.0,52.0,60.0,55.0,46.0
AAPL,2026-04-28,53.0,42.0,80.0,38.0,60.0,55.0,46.0
AAPL,2026-04-29,54.0,42.0,80.0,38.0,60.0,65.0,46.0
AAPL,2026-04-30,55.2,42.0,80.0,38.0,60.0,65.0,70.0
AAPL,2026-05-01,55.2,32.0,80.0,60.0,60.0,55.0,62.0
AAPL,2026-05-04,53.0,42.0,80.0,38.0,60.0,55.0,46.0
AAPL,2026-05-05,56.6,32.0,80.0,60.0,72.0,55.0,54.0
AAPL,2026-05-06,56.6,32.0,80.0,60.0,72.0,55.0,54.0
AAPL,2026-05-07,49.2,32.0,80.0,25.0,72.0,55.0,46.0
AAPL,2026-05-08,52.4,18.0,80.0,60.0,72.0,55.0,54.0
AAPL,2026-05-11,45.0,18.0,80.0,25.0,72.0,55.0,46.0
AAPL,2026-05-12,45.0,18.0,80.0,25.0,72.0,55.0,46.0
AAPL,2026-05-13,46.4,18.0,80.0,25.0,72.0,65.0,54.0
AAPL,2026-05-14,46.0,18.0,80.0,25.0,72.0,65.0,46.0
AAPL,2026-05-15,46.4,18.0,80.0,25.0,72.0,65.0,54.0
AAPL,2026-05-18,46.8,18.0,80.0,38.0,60.0,65.0,46.0
AAPL,2026-05-19,48.6,18.0,80.0,38.0,72.0,65.0,46.0
AAPL,2026-05-20,48.6,18.0,80.0,38.0,72.0,65.0,46.0
AAPL,2026-05-21,46.0,18.0,80.0,25.0,72.0,65.0,46.0
AAPL,2026-05-22,46.0,18.0,80.0,25.0,72.0,65.0,46.0
AAPL,2026-05-26,48.6,18.0,80.0,38.0,72.0,65.0,46.0
AAPL,2026-05-27,46.4,18.0,80.0,25.0,72.0,65.0,54.0
AAPL,2026-05-28,46.0,18.0,80.0,25.0,72.0,65.0,46.0
AAPL,2026-05-29,49.0,18.0,80.0,38.0,72.0,65.0,54.0
AAPL,2026-06-01,54.2,32.0,80.0,52.0,60.0,65.0,54.0
AAPL,2026-06-02,46.0,18.0,80.0,25.0,72.0,65.0,46.0
AAPL,2026-06-03,39.4,32.0,20.0,38.0,60.0,65.0,54.0
AAPL,2026-06-04,39.0,32.0,20.0,38.0,60.0,65.0,46.0
AAPL,2026-06-05,45.2,42.0,20.0,52.0,60.0,65.0,54.0
AAPL,2026-06-08,47.6,52.0,20.0,52.0,53.0,65.0,62.0
AAPL,2026-06-09,53.9,52.0,20.0,90.0,47.0,65.0,54.0
AAPL,2026-06-10,51.9,52.0,20.0,80.0,47.0,65.0,54.0
AAPL,2026-06-11,49.0,52.0,20.0,68.0,47.0,65.0,46.0
AAPL,2026-06-12,51.4,52.0,20.0,80.0,47.0,65.0,46.0
AAPL,2026-06-15,49.0,52.0,20.0,68.0,47.0,65.0,46.0
AAPL,2026-06-16,46.8,52.0,20.0,52.0,53.0,65.0,46.0
AAPL,2026-06-17,48.0,52.0,20.0,68.0,47.0,55.0,46.0
AAPL,2026-06-18,46.6,52.0,20.0,52.0,47.0,65.0,62.0
AMD,2024-06-20,44.0,50.0,20.0,50.0,50.0,50.0,50.0
AMD,2024-06-21,44.0,50.0,20.0,50.0,50.0,50.0,50.0
AMD,2024-06-24,44.0,50.0,20.0,50.0,50.0,50.0,50.0
AMD,2024-06-25,44.0,50.0,20.0,50.0,50.0,50.0,50.0
AMD,2024-06-26,44.0,50.0,20.0,50.0,50.0,50.0,50.0
AMD,2024-06-27,44.0,50.0,20.0,50.0,50.0,50.0,50.0
AMD,2024-06-28,44.0,50.0,20.0,50.0,50.0,50.0,50.0
AMD,2024-07-01,44.0,50.0,20.0,50.0,50.0,50.0,50.0
AMD,2024-07-02,56.0,50.0,80.0,50.0,50.0,50.0,50.0
AMD,2024-07-03,56.0,50.0,80.0,50.0,50.0,50.0,50.0
AMD,2024-07-05,56.0,50.0,80.0,50.0,50.0,50.0,50.0
AMD,2024-07-08,56.0,50.0,80.0,50.0,50.0,50.0,50.0
AMD,2024-07-09,56.0,50.0,80.0,50.0,50.0,50.0,50.0
AMD,2024-07-10,56.0,50.0,80.0,50.0,50.0,50.0,50.0
AMD,2024-07-11,46.4,18.0,80.0,50.0,50.0,50.0,50.0
AMD,2024-07-12,46.4,18.0,80.0,50.0,50.0,50.0,50.0
AMD,2024-07-15,50.6,32.0,80.0,50.0,50.0,50.0,50.0
AMD,2024-07-16,53.6,42.0,80.0,50.0,50.0,50.0,50.0
AMD,2024-07-17,49.4,68.0,20.0,50.0,50.0,50.0,50.0
AMD,2024-07-18,53.2,68.0,20.0,68.0,50.0,50.0,54.0
AMD,2024-07-19,52.9,68.0,20.0,80.0,38.0,45.0,46.0
AMD,2024-07-22,50.5,68.0,20.0,68.0,38.0,45.0,46.0
AMD,2024-07-23,50.0,68.0,20.0,68.0,38.0,45.0,35.0
AMD,2024-07-24,52.9,68.0,20.0,80.0,38.0,45.0,46.0
AMD,2024-07-25,56.0,82.0,20.0,80.0,28.0,45.0,54.0
AMD,2024-07-26,55.6,82.0,20.0,80.0,28.0,45.0,46.0
AMD,2024-07-29,55.6,82.0,20.0,80.0,28.0,45.0,46.0
AMD,2024-07-30,56.0,82.0,20.0,80.0,28.0,45.0,54.0
AMD,2024-07-31,50.2,68.0,20.0,68.0,28.0,45.0,70.0
AMD,2024-08-01,55.7,82.0,20.0,80.0,28.0,38.0,62.0
AMD,2024-08-02,51.0,82.0,20.0,68.0,15.0,38.0,54.0
AMD,2024-08-05,47.5,68.0,20.0,68.0,15.0,45.0,54.0
AMD,2024-08-06,51.7,82.0,20.0,68.0,15.0,45.0,54.0
AMD,2024-08-07,51.2,82.0,20.0,68.0,15.0,45.0,46.0
AMD,2024-08-08,43.1,68.0,20.0,52.0,15.0,38.0,46.0
AMD,2024-08-09,42.6,68.0,20.0,52.0,15.0,38.0,35.0
AMD,2024-08-12,37.8,52.0,20.0,52.0,15.0,38.0,35.0
AMD,2024-08-13,50.3,52.0,80.0,52.0,15.0,38.0,46.0
AMD,2024-08-14,52.5,52.0,80.0,52.0,28.0,45.0,35.0
AMD,2024-08-15,51.7,52.0,80.0,38.0,38.0,45.0,46.0
AMD,2024-08-16,52.5,52.0,80.0,38.0,47.0,45.0,35.0
AMD,2024-08-19,54.9,42.0,80.0,60.0,47.0,45.0,54.0
AMD,2024-08-20,55.8,42.0,80.0,60.0,53.0,45.0,54.0
AMD,2024-08-21,56.4,42.0,80.0,60.0,60.0,45.0,46.0
AMD,2024-08-22,55.0,52.0,80.0,38.0,60.0,45.0,46.0
AMD,2024-08-23,53.8,42.0,80.0,38.0,72.0,45.0,46.0
AMD,2024-08-26,57.8,52.0,80.0,52.0,60.0,45.0,46.0
AMD,2024-08-27,57.2,52.0,80.0,52.0,60.0,45.0,35.0
AMD,2024-08-28,56.2,52.0,80.0,52.0,53.0,45.0,35.0
AMD,2024-08-29,57.2,52.0,80.0,52.0,60.0,45.0,35.0
AMD,2024-08-30,59.0,52.0,80.0,52.0,72.0,45.0,35.0
AMD,2024-09-03,52.8,68.0,20.0,68.0,53.0,45.0,46.0
AMD,2024-09-04,45.8,52.0,20.0,52.0,60.0,45.0,46.0
AMD,2024-09-05,48.5,52.0,20.0,68.0,60.0,45.0,35.0
AMD,2024-09-06,54.2,68.0,20.0,80.0,47.0,45.0,46.0
AMD,2024-09-09,47.4,52.0,20.0,68.0,53.0,45.0,35.0
AMD,2024-09-10,45.8,52.0,20.0,52.0,60.0,45.0,46.0
AMD,2024-09-11,58.2,52.0,80.0,52.0,60.0,45.0,54.0
AMD,2024-09-12,57.8,52.0,80.0,52.0,60.0,45.0,46.0
AMD,2024-09-13,54.2,42.0,80.0,52.0,60.0,45.0,35.0
AMD,2024-09-16,53.2,42.0,80.0,52.0,53.0,45.0,35.0
AMD,2024-09-17,55.8,52.0,80.0,52.0,47.0,45.0,46.0
AMD,2024-09-18,54.5,52.0,80.0,52.0,38.0,45.0,46.0
AMD,2024-09-19,47.9,42.0,80.0,25.0,47.0,45.0,54.0
AMD,2024-09-20,51.4,42.0,80.0,38.0,53.0,45.0,54.0
AMD,2024-09-23,47.8,42.0,80.0,25.0,53.0,45.0,35.0
AMD,2024-09-24,49.4,42.0,80.0,25.0,60.0,45.0,46.0
AMD,2024-09-25,49.8,42.0,80.0,25.0,60.0,45.0,54.0
AMD,2024-09-26,55.6,32.0,80.0,60.0,72.0,45.0,54.0
AMD,2024-09-27,51.2,42.0,80.0,25.0,72.0,45.0,46.0
AMD,2024-09-30,53.2,42.0,80.0,38.0,72.0,45.0,35.0
AMD,2024-10-01,57.6,42.0,80.0,52.0,72.0,55.0,46.0
AMD,2024-10-02,57.6,42.0,80.0,52.0,72.0,55.0,46.0
AMD,2024-10-03,54.8,42.0,80.0,38.0,72.0,55.0,46.0
AMD,2024-10-04,51.6,32.0,80.0,25.0,85.0,55.0,54.0
AMD,2024-10-07,51.6,32.0,80.0,25.0,85.0,55.0,54.0
AMD,2024-10-08,51.6,32.0,80.0,25.0,85.0,55.0,54.0
AMD,2024-10-09,52.2,32.0,80.0,38.0,72.0,55.0,54.0
AMD,2024-10-10,57.0,42.0,80.0,52.0,60.0,55.0,70.0
AMD,2024-10-11,55.2,42.0,80.0,38.0,72.0,55.0,54.0
AMD,2024-10-14,43.8,42.0,20.0,52.0,60.0,55.0,46.0
AMD,2024-10-15,49.4,52.0,20.0,68.0,60.0,45.0,54.0
AMD,2024-10-16,49.0,52.0,20.0,68.0,60.0,45.0,46.0
AMD,2024-10-17,48.0,52.0,20.0,68.0,47.0,55.0,46.0
AMD,2024-10-18,48.4,52.0,20.0,68.0,53.0,55.0,35.0
AMD,2024-10-21,49.0,52.0,20.0,68.0,53.0,55.0,46.0
AMD,2024-10-22,50.4,52.0,20.0,80.0,47.0,55.0,46.0
AMD,2024-10-23,49.1,52.0,20.0,80.0,38.0,55.0,46.0
AMD,2024-10-24,46.2,52.0,20.0,68.0,38.0,55.0,35.0
AMD,2024-10-25,43.5,52.0,20.0,52.0,38.0,55.0,46.0
AMD,2024-10-28,45.2,52.0,20.0,52.0,47.0,55.0,54.0
AMD,2024-10-29,44.6,42.0,20.0,52.0,60.0,55.0,62.0
AMD,2024-10-30,49.3,52.0,20.0,80.0,38.0,45.0,70.0
AMD,2024-10-31,51.8,68.0,20.0,80.0,28.0,45.0,54.0
AMD,2024-11-01,51.4,68.0,20.0,80.0,28.0,45.0,46.0
AMD,2024-11-04,51.4,68.0,20.0,80.0,28.0,45.0,46.0
AMD,2024-11-05,50.9,68.0,20.0,80.0,28.0,45.0,35.0
AMD,2024-11-06,44.2,52.0,20.0,68.0,28.0,45.0,46.0
AMD,2024-11-07,42.5,52.0,20.0,52.0,38.0,45.0,46.0
AMD,2024-11-08,41.0,52.0,20.0,52.0,28.0,45.0,46.0
AMD,2024-11-11,41.0,52.0,20.0,52.0,28.0,45.0,46.0
AMD,2024-11-12,45.7,52.0,20.0,68.0,38.0,45.0,46.0
AMD,2024-11-13,51.4,68.0,20.0,80.0,28.0,45.0,46.0
AMD,2024-11-14,49.0,68.0,20.0,68.0,28.0,45.0,46.0
AMD,2024-11-15,51.8,68.0,20.0,80.0,28.0,45.0,54.0
AMD,2024-11-18,49.4,68.0,20.0,68.0,28.0,45.0,54.0
AMD,2024-11-19,50.0,68.0,20.0,68.0,38.0,45.0,35.0
AMD,2024-11-20,49.0,68.0,20.0,68.0,28.0,45.0,46.0
AMD,2024-11-21,49.0,68.0,20.0,68.0,28.0,45.0,46.0
AMD,2024-11-22,45.2,68.0,20.0,52.0,28.0,45.0,35.0
AMD,2024-11-25,53.0,52.0,80.0,52.0,28.0,45.0,46.0
AMD,2024-11-26,56.2,52.0,80.0,68.0,28.0,45.0,46.0
AMD,2024-11-27,63.5,68.0,80.0,68.0,38.0,55.0,46.0
AMD,2024-11-29,58.2,52.0,80.0,68.0,38.0,55.0,35.0
AMD,2024-12-02,58.2,52.0,80.0,52.0,53.0,55.0,54.0
AMD,2024-12-03,57.8,52.0,80.0,52.0,53.0,55.0,46.0
AMD,2024-12-04,57.8,52.0,80.0,52.0,53.0,55.0,46.0
AMD,2024-12-05,56.8,52.0,80.0,52.0,47.0,55.0,46.0
AMD,2024-12-06,55.9,52.0,80.0,52.0,38.0,55.0,54.0
AMD,2024-12-09,67.2,68.0,80.0,90.0,28.0,55.0,62.0
AMD,2024-12-10,54.8,68.0,20.0,90.0,28.0,55.0,54.0
AMD,2024-12-11,54.3,68.0,20.0,80.0,38.0,55.0,54.0
AMD,2024-12-12,54.3,68.0,20.0,80.0,38.0,55.0,54.0
AMD,2024-12-13,54.7,68.0,20.0,80.0,38.0,55.0,62.0
AMD,2024-12-16,54.3,68.0,20.0,80.0,38.0,55.0,54.0
AMD,2024-12-17,52.8,68.0,20.0,80.0,28.0,55.0,54.0
AMD,2024-12-18,57.0,82.0,20.0,80.0,28.0,55.0,54.0
AMD,2024-12-19,57.0,82.0,20.0,80.0,28.0,55.0,54.0
AMD,2024-12-20,57.0,82.0,20.0,80.0,28.0,55.0,54.0
AMD,2024-12-23,51.9,68.0,20.0,68.0,38.0,55.0,54.0
AMD,2024-12-24,41.5,52.0,20.0,52.0,28.0,55.0,35.0
AMD,2024-12-26,59.8,68.0,80.0,52.0,38.0,55.0,35.0
AMD,2024-12-27,60.3,68.0,80.0,52.0,38.0,55.0,46.0
AMD,2024-12-30,62.0,68.0,80.0,68.0,28.0,55.0,46.0
AMD,2024-12-31,62.0,68.0,80.0,68.0,28.0,55.0,46.0
AMD,2025-01-02,62.0,68.0,80.0,68.0,28.0,55.0,46.0
AMD,2025-01-03,54.0,52.0,80.0,52.0,28.0,55.0,46.0
AMD,2025-01-06,55.9,52.0,80.0,52.0,38.0,55.0,54.0
AMD,2025-01-07,55.5,52.0,80.0,52.0,38.0,55.0,46.0
AMD,2025-01-08,59.1,52.0,80.0,68.0,38.0,55.0,54.0
AMD,2025-01-10,67.3,68.0,80.0,90.0,38.0,45.0,54.0
AMD,2025-01-13,65.9,68.0,80.0,80.0,38.0,55.0,46.0
AMD,2025-01-14,52.4,68.0,20.0,80.0,28.0,55.0,46.0
AMD,2025-01-15,54.5,52.0,80.0,52.0,38.0,45.0,46.0
AMD,2025-01-16,57.7,52.0,80.0,68.0,38.0,45.0,46.0
AMD,2025-01-17,55.8,52.0,80.0,52.0,47.0,45.0,46.0
AMD,2025-01-21,56.8,52.0,80.0,52.0,53.0,45.0,46.0
AMD,2025-01-22,57.8,52.0,80.0,52.0,60.0,45.0,46.0
AMD,2025-01-23,57.2,52.0,80.0,52.0,60.0,45.0,35.0
AMD,2025-01-24,56.8,52.0,80.0,52.0,47.0,55.0,46.0
AMD,2025-01-27,65.7,68.0,80.0,80.0,38.0,45.0,62.0
AMD,2025-01-28,65.3,68.0,80.0,80.0,38.0,45.0,54.0
AMD,2025-01-29,58.1,52.0,80.0,68.0,38.0,45.0,54.0
AMD,2025-01-30,55.8,52.0,80.0,52.0,47.0,45.0,46.0
AMD,2025-01-31,58.1,52.0,80.0,68.0,38.0,45.0,54.0
AMD,2025-02-03,50.5,68.0,20.0,68.0,38.0,45.0,46.0
AMD,2025-02-04,55.3,52.0,80.0,52.0,38.0,45.0,62.0
AMD,2025-02-05,52.6,68.0,20.0,80.0,28.0,45.0,70.0
AMD,2025-02-06,53.8,68.0,20.0,90.0,28.0,45.0,54.0
AMD,2025-02-07,53.8,68.0,20.0,90.0,28.0,45.0,54.0
AMD,2025-02-10,52.9,68.0,20.0,80.0,38.0,45.0,46.0
AMD,2025-02-11,45.7,52.0,20.0,68.0,38.0,45.0,46.0
AMD,2025-02-12,45.2,52.0,20.0,68.0,38.0,45.0,35.0
AMD,2025-02-13,45.7,52.0,20.0,68.0,38.0,45.0,46.0
AMD,2025-02-14,54.5,52.0,80.0,52.0,38.0,45.0,46.0
AMD,2025-02-18,54.5,52.0,80.0,52.0,38.0,45.0,46.0
AMD,2025-02-19,54.0,52.0,80.0,52.0,38.0,45.0,35.0
AMD,2025-02-20,54.0,52.0,80.0,52.0,38.0,45.0,35.0
AMD,2025-02-21,57.7,52.0,80.0,68.0,38.0,45.0,46.0
AMD,2025-02-24,62.9,68.0,80.0,80.0,28.0,45.0,35.0
AMD,2025-02-25,54.9,68.0,20.0,90.0,38.0,45.0,46.0
AMD,2025-02-26,52.9,68.0,20.0,80.0,38.0,45.0,46.0
AMD,2025-02-27,58.0,82.0,20.0,90.0,28.0,45.0,54.0
AMD,2025-02-28,58.0,82.0,20.0,90.0,28.0,45.0,54.0
AMD,2025-03-03,55.6,82.0,20.0,80.0,28.0,45.0,46.0
AMD,2025-03-04,49.4,68.0,20.0,68.0,28.0,45.0,54.0
AMD,2025-03-05,49.5,68.0,20.0,68.0,28.0,55.0,35.0
AMD,2025-03-06,52.4,68.0,20.0,80.0,28.0,55.0,46.0
AMD,2025-03-07,51.5,68.0,20.0,68.0,38.0,55.0,46.0
AMD,2025-03-10,52.8,68.0,20.0,80.0,28.0,55.0,54.0
AMD,2025-03-11,50.0,68.0,20.0,68.0,28.0,55.0,46.0
AMD,2025-03-12,43.5,52.0,20.0,52.0,38.0,55.0,46.0
AMD,2025-03-13,62.0,68.0,80.0,68.0,28.0,55.0,46.0
AMD,2025-03-14,55.5,52.0,80.0,52.0,38.0,55.0,46.0
AMD,2025-03-17,54.9,52.0,80.0,52.0,38.0,45.0,54.0
AMD,2025-03-18,54.5,52.0,80.0,52.0,38.0,45.0,46.0
AMD,2025-03-19,51.7,52.0,80.0,38.0,38.0,45.0,46.0
AMD,2025-03-20,51.7,52.0,80.0,38.0,38.0,45.0,46.0
AMD,2025-03-21,51.7,52.0,80.0,38.0,38.0,45.0,46.0
AMD,2025-03-24,56.8,42.0,80.0,60.0,60.0,45.0,54.0
AMD,2025-03-25,58.2,42.0,80.0,60.0,72.0,45.0,46.0
AMD,2025-03-26,55.4,52.0,80.0,38.0,60.0,45.0,54.0
AMD,2025-03-27,57.8,52.0,80.0,52.0,60.0,45.0,46.0
AMD,2025-03-28,57.8,52.0,80.0,52.0,60.0,45.0,46.0
AMD,2025-03-31,57.8,52.0,80.0,52.0,60.0,45.0,46.0
AMD,2025-04-01,56.8,52.0,80.0,52.0,53.0,45.0,46.0
AMD,2025-04-02,56.2,52.0,80.0,52.0,53.0,45.0,35.0
AMD,2025-04-03,53.7,68.0,20.0,80.0,38.0,45.0,62.0
AMD,2025-04-04,57.7,82.0,20.0,90.0,28.0,38.0,62.0
AMD,2025-04-07,57.7,82.0,20.0,90.0,28.0,38.0,62.0
AMD,2025-04-08,57.7,82.0,20.0,90.0,28.0,38.0,62.0
AMD,2025-04-09,42.0,52.0,20.0,52.0,38.0,28.0,70.0
AMD,2025-04-10,44.8,52.0,20.0,68.0,38.0,28.0,62.0
AMD,2025-04-11,41.2,52.0,20.0,52.0,38.0,28.0,54.0
AMD,2025-04-14,40.8,52.0,20.0,52.0,38.0,28.0,46.0
AMD,2025-04-15,40.2,52.0,20.0,52.0,38.0,28.0,35.0
AMD,2025-04-16,42.9,52.0,20.0,68.0,28.0,28.0,54.0
AMD,2025-04-17,42.5,52.0,20.0,68.0,28.0,28.0,46.0
AMD,2025-04-21,47.3,68.0,20.0,68.0,28.0,28.0,46.0
AMD,2025-04-22,40.5,52.0,20.0,68.0,15.0,28.0,46.0
AMD,2025-04-23,37.3,52.0,20.0,52.0,15.0,28.0,46.0
AMD,2025-04-24,51.3,52.0,80.0,52.0,28.0,28.0,46.0
AMD,2025-04-25,52.2,52.0,80.0,52.0,38.0,28.0,35.0
AMD,2025-04-28,52.2,52.0,80.0,52.0,38.0,28.0,35.0
AMD,2025-04-29,52.2,52.0,80.0,52.0,38.0,28.0,35.0
AMD,2025-04-30,49.5,52.0,80.0,38.0,38.0,28.0,35.0
AMD,2025-05-01,49.5,52.0,80.0,38.0,38.0,28.0,35.0
AMD,2025-05-02,52.8,52.0,80.0,38.0,60.0,28.0,35.0
AMD,2025-05-05,49.5,42.0,80.0,25.0,72.0,28.0,46.0
AMD,2025-05-06,55.5,52.0,80.0,38.0,72.0,28.0,54.0
AMD,2025-05-07,54.9,42.0,80.0,38.0,85.0,28.0,62.0
AMD,2025-05-08,49.8,42.0,80.0,25.0,60.0,45.0,54.0
AMD,2025-05-09,51.2,42.0,80.0,25.0,72.0,45.0,46.0
AMD,2025-05-12,58.6,42.0,80.0,60.0,72.0,45.0,54.0
AMD,2025-05-13,55.6,32.0,80.0,60.0,72.0,45.0,54.0
AMD,2025-05-14,53.8,18.0,80.0,60.0,85.0,45.0,62.0
AMD,2025-05-15,51.6,32.0,80.0,25.0,85.0,55.0,54.0
AMD,2025-05-16,51.6,32.0,80.0,25.0,85.0,55.0,54.0
AMD,2025-05-19,53.8,32.0,80.0,38.0,85.0,55.0,46.0
AMD,2025-05-20,56.2,42.0,80.0,38.0,85.0,55.0,35.0
AMD,2025-05-21,57.2,42.0,80.0,38.0,85.0,55.0,54.0
AMD,2025-05-22,57.0,42.0,80.0,52.0,72.0,55.0,35.0
AMD,2025-05-23,57.6,42.0,80.0,52.0,72.0,55.0,46.0
AMD,2025-05-27,54.8,42.0,80.0,38.0,72.0,55.0,46.0
AMD,2025-05-28,57.0,42.0,80.0,52.0,72.0,55.0,35.0
AMD,2025-05-29,45.0,42.0,20.0,52.0,72.0,55.0,35.0
AMD,2025-05-30,45.6,42.0,20.0,52.0,72.0,55.0,46.0
AMD,2025-06-02,45.6,42.0,20.0,52.0,72.0,55.0,46.0
AMD,2025-06-03,42.8,42.0,20.0,38.0,72.0,55.0,46.0
AMD,2025-06-04,53.8,32.0,80.0,38.0,85.0,55.0,46.0
AMD,2025-06-05,45.6,42.0,20.0,52.0,72.0,55.0,46.0
AMD,2025-06-06,45.0,42.0,20.0,52.0,72.0,55.0,35.0
AMD,2025-06-09,55.6,32.0,80.0,60.0,72.0,45.0,54.0
AMD,2025-06-10,56.6,32.0,80.0,60.0,72.0,55.0,54.0
AMD,2025-06-11,50.4,42.0,80.0,25.0,60.0,55.0,46.0
AMD,2025-06-12,55.2,42.0,80.0,52.0,53.0,55.0,54.0
AMD,2025-06-13,46.2,52.0,20.0,52.0,53.0,55.0,54.0
AMD,2025-06-16,54.6,32.0,80.0,60.0,60.0,45.0,70.0
AMD,2025-06-17,56.4,32.0,80.0,60.0,72.0,45.0,70.0
AMD,2025-06-18,48.6,32.0,80.0,25.0,72.0,45.0,54.0
AMD,2025-06-20,49.0,32.0,80.0,25.0,72.0,45.0,62.0
AMD,2025-06-23,48.6,32.0,80.0,25.0,72.0,45.0,54.0
AMD,2025-06-24,53.8,18.0,80.0,60.0,85.0,45.0,62.0
AMD,2025-06-25,53.4,18.0,80.0,60.0,85.0,45.0,54.0
AMD,2025-06-26,53.4,18.0,80.0,60.0,85.0,45.0,54.0
AMD,2025-06-27,46.4,18.0,80.0,25.0,85.0,45.0,54.0
AMD,2025-06-30,45.9,18.0,80.0,25.0,85.0,45.0,46.0
AMD,2025-07-01,54.2,42.0,80.0,38.0,72.0,45.0,54.0
AMD,2025-07-02,50.8,32.0,80.0,38.0,72.0,45.0,46.0
AMD,2025-07-03,53.2,42.0,80.0,38.0,72.0,45.0,35.0
AMD,2025-07-07,44.0,42.0,20.0,52.0,72.0,45.0,35.0
AMD,2025-07-08,44.0,42.0,20.0,52.0,72.0,45.0,35.0
AMD,2025-07-09,44.0,42.0,20.0,52.0,72.0,45.0,35.0
AMD,2025-07-10,39.2,32.0,20.0,38.0,72.0,45.0,54.0
AMD,2025-07-11,36.5,18.0,20.0,38.0,85.0,45.0,46.0
AMD,2025-07-14,48.5,18.0,80.0,38.0,85.0,45.0,46.0
AMD,2025-07-15,53.8,18.0,80.0,60.0,85.0,45.0,62.0
AMD,2025-07-16,53.4,18.0,80.0,60.0,85.0,45.0,54.0
AMD,2025-07-17,52.9,18.0,80.0,60.0,85.0,45.0,46.0
AMD,2025-07-18,45.9,18.0,80.0,25.0,85.0,45.0,46.0
AMD,2025-07-21,48.5,18.0,80.0,38.0,85.0,45.0,46.0
AMD,2025-07-22,50.8,32.0,80.0,38.0,72.0,45.0,46.0
AMD,2025-07-23,47.6,18.0,80.0,38.0,72.0,55.0,46.0
AMD,2025-07-24,45.0,18.0,80.0,25.0,72.0,55.0,46.0
AMD,2025-07-25,45.4,18.0,80.0,25.0,72.0,55.0,54.0
AMD,2025-07-28,53.4,18.0,80.0,60.0,85.0,45.0,54.0
AMD,2025-07-29,47.1,18.0,80.0,25.0,85.0,45.0,70.0
AMD,2025-07-30,47.4,18.0,80.0,25.0,85.0,55.0,54.0
AMD,2025-07-31,47.4,18.0,80.0,25.0,85.0,55.0,54.0
AMD,2025-08-01,54.2,32.0,80.0,38.0,85.0,55.0,54.0
AMD,2025-08-04,49.5,18.0,80.0,38.0,85.0,55.0,46.0
AMD,2025-08-05,54.2,32.0,80.0,38.0,85.0,55.0,54.0
AMD,2025-08-06,48.8,52.0,20.0,52.0,72.0,45.0,70.0
AMD,2025-08-07,45.0,42.0,20.0,52.0,72.0,45.0,54.0
AMD,2025-08-08,45.0,42.0,20.0,52.0,72.0,45.0,54.0
AMD,2025-08-11,45.0,42.0,20.0,52.0,72.0,45.0,54.0
AMD,2025-08-12,41.8,42.0,20.0,38.0,72.0,45.0,46.0
AMD,2025-08-13,37.0,32.0,20.0,25.0,72.0,45.0,62.0
AMD,2025-08-14,38.8,32.0,20.0,38.0,72.0,45.0,46.0
AMD,2025-08-15,44.6,42.0,20.0,52.0,72.0,45.0,46.0
AMD,2025-08-18,44.0,42.0,20.0,52.0,72.0,45.0,35.0
AMD,2025-08-19,49.0,52.0,20.0,68.0,60.0,45.0,46.0
AMD,2025-08-20,49.0,52.0,20.0,68.0,60.0,45.0,46.0
AMD,2025-08-21,49.8,52.0,20.0,80.0,53.0,45.0,35.0
AMD,2025-08-22,47.4,52.0,20.0,68.0,53.0,45.0,35.0
AMD,2025-08-25,47.6,52.0,20.0,80.0,38.0,45.0,35.0
AMD,2025-08-26,45.7,52.0,20.0,68.0,38.0,45.0,46.0
AMD,2025-08-27,42.0,52.0,20.0,52.0,38.0,45.0,35.0
AMD,2025-08-28,42.0,52.0,20.0,52.0,38.0,45.0,35.0
AMD,2025-08-29,45.2,52.0,20.0,68.0,38.0,45.0,35.0
AMD,2025-09-02,45.2,52.0,20.0,68.0,38.0,45.0,35.0
AMD,2025-09-03,45.2,52.0,20.0,68.0,38.0,45.0,35.0
AMD,2025-09-04,46.5,52.0,20.0,68.0,47.0,45.0,35.0
AMD,2025-09-05,54.2,68.0,20.0,90.0,28.0,45.0,62.0
AMD,2025-09-08,51.4,68.0,20.0,80.0,28.0,45.0,46.0
AMD,2025-09-09,45.7,52.0,20.0,68.0,38.0,45.0,46.0
AMD,2025-09-10,42.9,52.0,20.0,52.0,38.0,45.0,54.0
AMD,2025-09-11,45.6,52.0,20.0,68.0,28.0,55.0,54.0
AMD,2025-09-12,41.0,52.0,20.0,52.0,28.0,45.0,46.0
AMD,2025-09-15,42.5,52.0,20.0,52.0,38.0,45.0,46.0
AMD,2025-09-16,42.0,52.0,20.0,52.0,38.0,45.0,35.0
AMD,2025-09-17,43.5,52.0,20.0,52.0,38.0,55.0,46.0
AMD,2025-09-18,44.3,52.0,20.0,52.0,38.0,55.0,62.0
AMD,2025-09-19,43.9,52.0,20.0,52.0,38.0,55.0,54.0
AMD,2025-09-22,43.9,52.0,20.0,52.0,38.0,55.0,54.0
AMD,2025-09-23,56.8,52.0,80.0,52.0,47.0,55.0,46.0
AMD,2025-09-24,55.5,52.0,80.0,52.0,38.0,55.0,46.0
AMD,2025-09-25,55.5,52.0,80.0,52.0,38.0,55.0,46.0
AMD,2025-09-26,55.0,52.0,80.0,52.0,38.0,55.0,35.0
AMD,2025-09-29,56.8,52.0,80.0,52.0,47.0,55.0,46.0
AMD,2025-09-30,53.5,52.0,80.0,38.0,47.0,55.0,35.0
AMD,2025-10-01,49.3,42.0,80.0,25.0,53.0,55.0,46.0
AMD,2025-10-02,57.8,42.0,80.0,60.0,60.0,55.0,54.0
AMD,2025-10-03,56.0,52.0,80.0,38.0,60.0,55.0,46.0
AMD,2025-10-06,52.9,18.0,80.0,60.0,85.0,28.0,80.0
AMD,2025-10-07,52.4,18.0,80.0,60.0,85.0,28.0,70.0
AMD,2025-10-08,52.4,18.0,80.0,60.0,85.0,28.0,70.0
AMD,2025-10-09,51.6,18.0,80.0,60.0,85.0,28.0,54.0
AMD,2025-10-10,49.2,32.0,80.0,25.0,85.0,28.0,62.0
AMD,2025-10-13,51.0,32.0,80.0,38.0,85.0,28.0,46.0
AMD,2025-10-14,51.0,32.0,80.0,38.0,85.0,28.0,46.0
AMD,2025-10-15,44.6,18.0,80.0,25.0,85.0,28.0,54.0
AMD,2025-10-16,44.2,18.0,80.0,25.0,85.0,28.0,46.0
AMD,2025-10-17,46.8,18.0,80.0,38.0,85.0,28.0,46.0
AMD,2025-10-20,46.8,18.0,80.0,38.0,85.0,28.0,46.0
AMD,2025-10-21,46.3,18.0,80.0,38.0,85.0,28.0,35.0
AMD,2025-10-22,53.8,32.0,80.0,52.0,85.0,28.0,46.0
AMD,2025-10-23,50.5,32.0,80.0,38.0,85.0,28.0,35.0
AMD,2025-10-24,46.8,18.0,80.0,38.0,85.0,28.0,46.0
AMD,2025-10-27,46.8,18.0,80.0,38.0,85.0,28.0,46.0
AMD,2025-10-28,46.3,18.0,80.0,38.0,85.0,28.0,35.0
AMD,2025-10-29,46.3,18.0,80.0,38.0,85.0,28.0,35.0
AMD,2025-10-30,50.5,32.0,80.0,38.0,85.0,28.0,35.0
AMD,2025-10-31,50.5,32.0,80.0,38.0,85.0,28.0,35.0
AMD,2025-11-03,51.5,32.0,80.0,38.0,85.0,38.0,35.0
AMD,2025-11-04,43.9,42.0,20.0,52.0,72.0,38.0,46.0
AMD,2025-11-05,36.7,32.0,20.0,38.0,60.0,38.0,54.0
AMD,2025-11-06,44.5,52.0,20.0,52.0,53.0,38.0,54.0
AMD,2025-11-07,45.1,52.0,20.0,52.0,60.0,38.0,46.0
AMD,2025-11-10,43.9,42.0,20.0,52.0,72.0,38.0,46.0
AMD,2025-11-11,45.5,52.0,20.0,52.0,60.0,38.0,54.0
AMD,2025-11-12,40.1,42.0,20.0,38.0,60.0,38.0,62.0
AMD,2025-11-13,42.5,42.0,20.0,52.0,60.0,38.0,54.0
AMD,2025-11-14,42.1,42.0,20.0,52.0,60.0,38.0,46.0
AMD,2025-11-17,42.6,52.0,20.0,52.0,47.0,38.0,35.0
AMD,2025-11-18,47.4,52.0,20.0,80.0,38.0,38.0,46.0
AMD,2025-11-19,50.7,52.0,20.0,90.0,47.0,38.0,46.0
AMD,2025-11-20,53.1,68.0,20.0,90.0,28.0,38.0,54.0
AMD,2025-11-21,53.1,68.0,20.0,90.0,28.0,38.0,54.0
AMD,2025-11-24,45.9,52.0,20.0,80.0,28.0,38.0,46.0
AMD,2025-11-25,44.4,52.0,20.0,80.0,15.0,38.0,54.0
AMD,2025-11-26,43.5,52.0,20.0,68.0,28.0,38.0,46.0
AMD,2025-11-28,43.0,52.0,20.0,68.0,28.0,38.0,35.0
AMD,2025-12-01,39.8,52.0,20.0,52.0,28.0,38.0,35.0
AMD,2025-12-02,43.5,52.0,20.0,68.0,28.0,38.0,46.0
AMD,2025-12-03,39.8,52.0,20.0,52.0,28.0,38.0,35.0
AMD,2025-12-04,39.8,52.0,20.0,52.0,28.0,38.0,35.0
AMD,2025-12-05,41.2,52.0,20.0,52.0,38.0,38.0,35.0
AMD,2025-12-08,41.2,52.0,20.0,52.0,38.0,38.0,35.0
AMD,2025-12-09,41.2,52.0,20.0,52.0,38.0,38.0,35.0
AMD,2025-12-10,54.0,52.0,80.0,52.0,38.0,45.0,35.0
AMD,2025-12-11,53.0,52.0,80.0,52.0,28.0,45.0,46.0
AMD,2025-12-12,44.2,52.0,20.0,68.0,28.0,45.0,46.0
AMD,2025-12-15,48.5,68.0,20.0,68.0,28.0,45.0,35.0
AMD,2025-12-16,43.7,52.0,20.0,68.0,28.0,45.0,35.0
AMD,2025-12-17,53.4,68.0,20.0,90.0,28.0,45.0,46.0
AMD,2025-12-18,51.4,68.0,20.0,80.0,28.0,45.0,46.0
AMD,2025-12-19,46.6,52.0,20.0,52.0,60.0,45.0,62.0
AMD,2025-12-22,45.8,52.0,20.0,52.0,60.0,45.0,46.0
AMD,2025-12-23,55.3,52.0,80.0,52.0,47.0,45.0,35.0
AMD,2025-12-24,57.2,52.0,80.0,52.0,60.0,45.0,35.0
AMD,2025-12-26,57.2,52.0,80.0,52.0,53.0,55.0,35.0
AMD,2025-12-29,56.8,52.0,80.0,52.0,47.0,55.0,46.0
AMD,2025-12-30,56.3,52.0,80.0,52.0,47.0,55.0,35.0
AMD,2025-12-31,56.3,52.0,80.0,52.0,47.0,55.0,35.0
AMD,2026-01-02,52.4,42.0,80.0,38.0,53.0,55.0,54.0
AMD,2026-01-05,55.4,52.0,80.0,38.0,53.0,55.0,54.0
AMD,2026-01-06,56.2,52.0,80.0,52.0,47.0,45.0,54.0
AMD,2026-01-07,54.9,52.0,80.0,52.0,38.0,45.0,54.0
AMD,2026-01-08,45.7,52.0,20.0,68.0,38.0,45.0,46.0
AMD,2026-01-09,50.5,68.0,20.0,68.0,38.0,45.0,46.0
AMD,2026-01-12,42.5,52.0,20.0,52.0,38.0,45.0,46.0
AMD,2026-01-13,53.2,42.0,80.0,38.0,60.0,45.0,70.0
AMD,2026-01-14,49.8,42.0,80.0,25.0,60.0,45.0,54.0
AMD,2026-01-15,50.2,42.0,80.0,25.0,60.0,45.0,62.0
AMD,2026-01-16,58.6,42.0,80.0,60.0,72.0,45.0,54.0
AMD,2026-01-20,51.6,42.0,80.0,25.0,72.0,45.0,54.0
AMD,2026-01-21,51.8,18.0,80.0,60.0,72.0,45.0,62.0
AMD,2026-01-22,51.4,18.0,80.0,60.0,72.0,45.0,54.0
AMD,2026-01-23,53.4,18.0,80.0,60.0,85.0,45.0,54.0
AMD,2026-01-26,48.2,32.0,80.0,25.0,72.0,45.0,46.0
AMD,2026-01-27,48.2,32.0,80.0,25.0,72.0,45.0,46.0
AMD,2026-01-28,50.8,32.0,80.0,38.0,72.0,45.0,46.0
AMD,2026-01-29,50.8,32.0,80.0,38.0,72.0,45.0,46.0
AMD,2026-01-30,60.0,52.0,80.0,52.0,72.0,45.0,54.0
AMD,2026-02-02,56.6,42.0,80.0,52.0,72.0,45.0,46.0
AMD,2026-02-03,55.2,42.0,80.0,52.0,60.0,45.0,54.0
AMD,2026-02-04,52.4,68.0,20.0,80.0,38.0,28.0,70.0
AMD,2026-02-05,51.6,68.0,20.0,80.0,38.0,28.0,54.0
AMD,2026-02-06,46.7,52.0,20.0,68.0,53.0,28.0,54.0
AMD,2026-02-09,47.3,52.0,20.0,68.0,60.0,28.0,46.0
AMD,2026-02-10,45.7,52.0,20.0,68.0,53.0,28.0,35.0
AMD,2026-02-11,44.0,52.0,20.0,68.0,38.0,28.0,46.0
AMD,2026-02-12,44.0,52.0,20.0,68.0,38.0,28.0,46.0
AMD,2026-02-13,43.5,52.0,20.0,68.0,38.0,28.0,35.0
AMD,2026-02-17,47.3,68.0,20.0,68.0,28.0,28.0,46.0
AMD,2026-02-18,47.3,68.0,20.0,68.0,28.0,28.0,46.0
AMD,2026-02-19,43.0,52.0,20.0,68.0,28.0,38.0,35.0
AMD,2026-02-20,46.3,68.0,20.0,68.0,15.0,38.0,46.0
AMD,2026-02-23,46.3,68.0,20.0,68.0,15.0,38.0,46.0
AMD,2026-02-24,40.1,52.0,20.0,52.0,28.0,28.0,62.0
AMD,2026-02-25,39.7,52.0,20.0,52.0,28.0,28.0,54.0
AMD,2026-02-26,39.3,52.0,20.0,52.0,28.0,28.0,46.0
AMD,2026-02-27,37.3,52.0,20.0,52.0,15.0,28.0,46.0
AMD,2026-03-02,39.3,52.0,20.0,52.0,28.0,28.0,46.0
AMD,2026-03-03,45.3,68.0,20.0,68.0,15.0,28.0,46.0
AMD,2026-03-04,39.3,52.0,20.0,52.0,28.0,28.0,46.0
AMD,2026-03-05,43.8,52.0,20.0,52.0,47.0,45.0,46.0
AMD,2026-03-06,49.4,52.0,20.0,80.0,47.0,45.0,46.0
AMD,2026-03-09,56.2,52.0,80.0,52.0,47.0,45.0,54.0
AMD,2026-03-10,54.5,52.0,80.0,52.0,38.0,45.0,46.0
AMD,2026-03-11,54.0,52.0,80.0,52.0,38.0,45.0,35.0
AMD,2026-03-12,54.5,52.0,80.0,52.0,38.0,45.0,46.0
AMD,2026-03-13,57.7,52.0,80.0,68.0,38.0,45.0,46.0
AMD,2026-03-16,54.5,52.0,80.0,52.0,38.0,45.0,46.0
AMD,2026-03-17,54.0,52.0,80.0,52.0,38.0,45.0,35.0
AMD,2026-03-18,55.8,52.0,80.0,52.0,47.0,45.0,46.0
AMD,2026-03-19,54.0,52.0,80.0,38.0,53.0,45.0,46.0
AMD,2026-03-20,57.2,52.0,80.0,52.0,53.0,45.0,54.0
AMD,2026-03-23,57.8,52.0,80.0,52.0,60.0,45.0,46.0
AMD,2026-03-24,51.7,52.0,80.0,38.0,38.0,45.0,46.0
AMD,2026-03-25,56.8,42.0,80.0,60.0,60.0,45.0,54.0
AMD,2026-03-26,57.2,52.0,80.0,52.0,53.0,45.0,54.0
AMD,2026-03-27,56.8,52.0,80.0,52.0,53.0,45.0,46.0
AMD,2026-03-30,56.2,52.0,80.0,52.0,47.0,45.0,54.0
AMD,2026-03-31,58.2,52.0,80.0,52.0,60.0,45.0,54.0
AMD,2026-04-01,55.4,52.0,80.0,38.0,60.0,45.0,54.0
AMD,2026-04-02,56.8,42.0,80.0,60.0,60.0,45.0,54.0
AMD,2026-04-06,58.2,42.0,80.0,60.0,72.0,45.0,46.0
AMD,2026-04-07,49.4,42.0,80.0,25.0,60.0,45.0,46.0
AMD,2026-04-08,58.6,42.0,80.0,60.0,72.0,45.0,54.0
AMD,2026-04-09,55.2,32.0,80.0,60.0,72.0,45.0,46.0
AMD,2026-04-10,53.4,18.0,80.0,60.0,85.0,45.0,54.0
AMD,2026-04-13,52.4,18.0,80.0,60.0,85.0,45.0,35.0
AMD,2026-04-14,52.9,18.0,80.0,60.0,85.0,45.0,46.0
AMD,2026-04-15,45.9,18.0,80.0,25.0,85.0,45.0,46.0
AMD,2026-04-16,53.8,18.0,80.0,60.0,85.0,45.0,62.0
AMD,2026-04-17,45.9,18.0,80.0,25.0,85.0,45.0,46.0
AMD,2026-04-20,45.9,18.0,80.0,25.0,85.0,45.0,46.0
AMD,2026-04-21,46.4,18.0,80.0,25.0,85.0,45.0,54.0
AMD,2026-04-22,53.4,18.0,80.0,60.0,85.0,45.0,54.0
AMD,2026-04-23,46.4,18.0,80.0,25.0,85.0,45.0,54.0
AMD,2026-04-24,54.1,18.0,80.0,60.0,85.0,45.0,70.0
AMD,2026-04-27,45.6,18.0,80.0,25.0,85.0,38.0,54.0
AMD,2026-04-28,48.2,18.0,80.0,38.0,85.0,38.0,54.0
AMD,2026-04-29,45.6,18.0,80.0,25.0,85.0,38.0,54.0
AMD,2026-04-30,45.6,18.0,80.0,25.0,85.0,38.0,54.0
AMD,2026-05-01,45.2,18.0,80.0,25.0,85.0,38.0,46.0
AMD,2026-05-04,52.5,32.0,80.0,38.0,85.0,38.0,54.0
AMD,2026-05-05,48.6,18.0,80.0,38.0,85.0,38.0,62.0
AMD,2026-05-06,52.0,18.0,80.0,60.0,85.0,28.0,62.0
AMD,2026-05-07,44.2,18.0,80.0,25.0,85.0,28.0,46.0
AMD,2026-05-08,51.6,18.0,80.0,60.0,85.0,28.0,54.0
AMD,2026-05-11,44.2,18.0,80.0,25.0,85.0,28.0,46.0
AMD,2026-05-12,44.2,18.0,80.0,25.0,85.0,28.0,46.0
AMD,2026-05-13,43.7,18.0,80.0,25.0,85.0,28.0,35.0
AMD,2026-05-14,46.3,18.0,80.0,38.0,85.0,28.0,35.0
AMD,2026-05-15,50.5,32.0,80.0,38.0,85.0,28.0,35.0
AMD,2026-05-18,53.3,32.0,80.0,52.0,85.0,28.0,35.0
AMD,2026-05-19,44.8,42.0,20.0,52.0,85.0,28.0,46.0
AMD,2026-05-20,39.0,32.0,20.0,38.0,85.0,28.0,46.0
AMD,2026-05-21,38.5,32.0,20.0,38.0,85.0,28.0,35.0
AMD,2026-05-22,34.8,18.0,20.0,38.0,85.0,28.0,46.0
AMD,2026-05-26,44.2,18.0,80.0,25.0,85.0,28.0,46.0
AMD,2026-05-27,43.7,18.0,80.0,25.0,85.0,28.0,35.0
AMD,2026-05-28,44.2,18.0,80.0,25.0,85.0,28.0,46.0
AMD,2026-05-29,44.2,18.0,80.0,25.0,85.0,28.0,46.0
AMD,2026-06-01,46.8,18.0,80.0,38.0,85.0,28.0,46.0
AMD,2026-06-02,43.7,18.0,80.0,25.0,85.0,28.0,35.0
AMD,2026-06-03,44.2,18.0,80.0,25.0,85.0,28.0,46.0
AMD,2026-06-04,47.8,18.0,80.0,38.0,85.0,38.0,46.0
AMD,2026-06-05,47.3,52.0,20.0,52.0,72.0,38.0,54.0
AMD,2026-06-08,42.1,42.0,20.0,52.0,60.0,38.0,46.0
AMD,2026-06-09,42.5,42.0,20.0,52.0,60.0,38.0,54.0
AMD,2026-06-10,44.0,52.0,20.0,52.0,53.0,38.0,46.0
AMD,2026-06-11,42.1,42.0,20.0,52.0,60.0,38.0,46.0
AMD,2026-06-12,42.9,42.0,20.0,52.0,72.0,28.0,46.0
AMD,2026-06-15,37.9,32.0,20.0,25.0,85.0,38.0,54.0
AMD,2026-06-16,44.8,42.0,20.0,52.0,85.0,28.0,46.0
AMD,2026-06-17,44.8,42.0,20.0,52.0,85.0,28.0,46.0
AMD,2026-06-18,42.5,42.0,20.0,38.0,85.0,28.0,54.0
AMZN,2024-06-20,44.0,50.0,20.0,50.0,50.0,50.0,50.0
AMZN,2024-06-21,56.0,50.0,80.0,50.0,50.0,50.0,50.0
AMZN,2024-06-24,56.0,50.0,80.0,50.0,50.0,50.0,50.0
AMZN,2024-06-25,56.0,50.0,80.0,50.0,50.0,50.0,50.0
AMZN,2024-06-26,56.0,50.0,80.0,50.0,50.0,50.0,50.0
AMZN,2024-06-27,56.0,50.0,80.0,50.0,50.0,50.0,50.0
AMZN,2024-06-28,56.0,50.0,80.0,50.0,50.0,50.0,50.0
AMZN,2024-07-01,56.0,50.0,80.0,50.0,50.0,50.0,50.0
AMZN,2024-07-02,56.0,50.0,80.0,50.0,50.0,50.0,50.0
AMZN,2024-07-03,56.0,50.0,80.0,50.0,50.0,50.0,50.0
AMZN,2024-07-05,56.0,50.0,80.0,50.0,50.0,50.0,50.0
AMZN,2024-07-08,56.0,50.0,80.0,50.0,50.0,50.0,50.0
AMZN,2024-07-09,56.0,50.0,80.0,50.0,50.0,50.0,50.0
AMZN,2024-07-10,56.0,50.0,80.0,50.0,50.0,50.0,50.0
AMZN,2024-07-11,53.6,42.0,80.0,50.0,50.0,50.0,50.0
AMZN,2024-07-12,56.6,52.0,80.0,50.0,50.0,50.0,50.0
AMZN,2024-07-15,44.6,52.0,20.0,50.0,50.0,50.0,50.0
AMZN,2024-07-16,44.6,52.0,20.0,50.0,50.0,50.0,50.0
AMZN,2024-07-17,44.6,52.0,20.0,50.0,50.0,50.0,50.0
AMZN,2024-07-18,55.6,68.0,20.0,80.0,50.0,50.0,54.0
AMZN,2024-07-19,55.2,68.0,20.0,80.0,47.0,55.0,46.0
AMZN,2024-07-22,53.9,68.0,20.0,80.0,38.0,55.0,46.0
AMZN,2024-07-23,49.4,52.0,20.0,68.0,53.0,55.0,54.0
AMZN,2024-07-24,55.2,68.0,20.0,80.0,47.0,55.0,46.0
AMZN,2024-07-25,54.3,68.0,20.0,80.0,38.0,55.0,54.0
AMZN,2024-07-26,52.5,68.0,20.0,68.0,38.0,65.0,46.0
AMZN,2024-07-29,47.7,52.0,20.0,68.0,38.0,65.0,46.0
AMZN,2024-07-30,52.9,68.0,20.0,68.0,38.0,65.0,54.0
AMZN,2024-07-31,44.9,52.0,20.0,52.0,38.0,65.0,54.0
AMZN,2024-08-01,45.3,52.0,20.0,52.0,38.0,65.0,62.0
AMZN,2024-08-02,60.3,82.0,20.0,90.0,28.0,55.0,80.0
AMZN,2024-08-05,59.4,82.0,20.0,90.0,28.0,55.0,62.0
AMZN,2024-08-06,59.0,82.0,20.0,90.0,28.0,55.0,54.0
AMZN,2024-08-07,55.6,82.0,20.0,80.0,28.0,45.0,46.0
AMZN,2024-08-08,49.0,68.0,20.0,68.0,28.0,45.0,46.0
AMZN,2024-08-09,49.0,68.0,20.0,68.0,28.0,45.0,46.0
AMZN,2024-08-12,48.5,68.0,20.0,68.0,28.0,45.0,35.0
AMZN,2024-08-13,45.8,68.0,20.0,52.0,28.0,45.0,46.0
AMZN,2024-08-14,46.8,68.0,20.0,52.0,38.0,45.0,35.0
AMZN,2024-08-15,54.9,52.0,80.0,52.0,38.0,45.0,54.0
AMZN,2024-08-16,54.0,52.0,80.0,52.0,38.0,45.0,35.0
AMZN,2024-08-19,55.3,52.0,80.0,52.0,47.0,45.0,35.0
AMZN,2024-08-20,54.0,52.0,80.0,52.0,38.0,45.0,35.0
AMZN,2024-08-21,55.8,52.0,80.0,52.0,47.0,45.0,46.0
AMZN,2024-08-22,55.3,52.0,80.0,52.0,47.0,45.0,35.0
AMZN,2024-08-23,55.3,52.0,80.0,52.0,47.0,45.0,35.0
AMZN,2024-08-26,54.0,52.0,80.0,52.0,38.0,45.0,35.0
AMZN,2024-08-27,54.0,52.0,80.0,52.0,38.0,45.0,35.0
AMZN,2024-08-28,54.0,52.0,80.0,52.0,38.0,45.0,35.0
AMZN,2024-08-29,54.0,52.0,80.0,52.0,38.0,45.0,35.0
AMZN,2024-08-30,56.4,52.0,80.0,38.0,60.0,55.0,54.0
AMZN,2024-09-03,59.2,52.0,80.0,52.0,60.0,55.0,54.0
AMZN,2024-09-04,58.8,52.0,80.0,52.0,60.0,55.0,46.0
AMZN,2024-09-05,56.4,52.0,80.0,38.0,60.0,55.0,54.0
AMZN,2024-09-06,59.2,52.0,80.0,52.0,60.0,55.0,54.0
AMZN,2024-09-09,58.8,52.0,80.0,52.0,60.0,55.0,46.0
AMZN,2024-09-10,56.4,52.0,80.0,38.0,60.0,55.0,54.0
AMZN,2024-09-11,57.8,42.0,80.0,60.0,60.0,55.0,54.0
AMZN,2024-09-12,57.4,42.0,80.0,60.0,60.0,55.0,46.0
AMZN,2024-09-13,50.4,42.0,80.0,25.0,60.0,55.0,46.0
AMZN,2024-09-16,50.4,42.0,80.0,25.0,60.0,55.0,46.0
AMZN,2024-09-17,50.4,42.0,80.0,25.0,60.0,55.0,46.0
AMZN,2024-09-18,53.4,42.0,80.0,38.0,60.0,55.0,54.0
AMZN,2024-09-19,50.8,42.0,80.0,25.0,60.0,55.0,54.0
AMZN,2024-09-20,51.6,42.0,80.0,25.0,60.0,55.0,70.0
AMZN,2024-09-23,47.8,32.0,80.0,25.0,60.0,55.0,54.0
AMZN,2024-09-24,49.6,32.0,80.0,25.0,72.0,55.0,54.0
AMZN,2024-09-25,54.8,42.0,80.0,38.0,72.0,55.0,46.0
AMZN,2024-09-26,54.8,42.0,80.0,38.0,72.0,55.0,46.0
AMZN,2024-09-27,55.8,42.0,80.0,52.0,60.0,55.0,46.0
AMZN,2024-09-30,59.2,52.0,80.0,52.0,60.0,55.0,54.0
AMZN,2024-10-01,46.8,52.0,20.0,52.0,60.0,55.0,46.0
AMZN,2024-10-02,46.2,52.0,20.0,52.0,60.0,55.0,35.0
AMZN,2024-10-03,45.8,52.0,20.0,52.0,53.0,55.0,46.0
AMZN,2024-10-04,48.2,52.0,20.0,52.0,60.0,65.0,54.0
AMZN,2024-10-07,53.8,52.0,20.0,80.0,60.0,65.0,54.0
AMZN,2024-10-08,50.0,52.0,20.0,68.0,53.0,65.0,46.0
AMZN,2024-10-09,46.8,52.0,20.0,52.0,53.0,65.0,46.0
AMZN,2024-10-10,45.8,52.0,20.0,52.0,47.0,65.0,46.0
AMZN,2024-10-11,43.8,42.0,20.0,52.0,53.0,65.0,46.0
AMZN,2024-10-14,46.2,52.0,20.0,52.0,53.0,65.0,35.0
AMZN,2024-10-15,46.8,52.0,20.0,52.0,53.0,65.0,46.0
AMZN,2024-10-16,46.2,52.0,20.0,52.0,53.0,65.0,35.0
AMZN,2024-10-17,45.8,52.0,20.0,52.0,47.0,65.0,46.0
AMZN,2024-10-18,43.2,42.0,20.0,52.0,47.0,65.0,54.0
AMZN,2024-10-21,54.8,42.0,80.0,52.0,47.0,65.0,46.0
AMZN,2024-10-22,52.0,42.0,80.0,38.0,47.0,65.0,46.0
AMZN,2024-10-23,44.9,52.0,20.0,52.0,38.0,65.0,54.0
AMZN,2024-10-24,45.8,52.0,20.0,52.0,47.0,65.0,46.0
AMZN,2024-10-25,45.8,52.0,20.0,52.0,47.0,65.0,46.0
AMZN,2024-10-28,44.0,52.0,20.0,38.0,53.0,65.0,46.0
AMZN,2024-10-29,51.8,42.0,80.0,25.0,60.0,65.0,54.0
AMZN,2024-10-30,51.8,42.0,80.0,25.0,60.0,65.0,54.0
AMZN,2024-10-31,48.0,52.0,20.0,52.0,53.0,65.0,70.0
AMZN,2024-11-01,58.6,42.0,80.0,60.0,60.0,55.0,70.0
AMZN,2024-11-04,57.8,42.0,80.0,60.0,60.0,55.0,54.0
AMZN,2024-11-05,57.4,42.0,80.0,60.0,60.0,55.0,46.0
AMZN,2024-11-06,57.0,32.0,80.0,60.0,72.0,55.0,62.0
AMZN,2024-11-07,52.4,18.0,80.0,60.0,72.0,55.0,54.0
AMZN,2024-11-08,49.2,32.0,80.0,25.0,72.0,55.0,46.0
AMZN,2024-11-11,49.2,32.0,80.0,25.0,72.0,55.0,46.0
AMZN,2024-11-12,49.2,32.0,80.0,25.0,72.0,55.0,46.0
AMZN,2024-11-13,45.4,18.0,80.0,25.0,72.0,55.0,54.0
AMZN,2024-11-14,49.6,32.0,80.0,25.0,72.0,55.0,54.0
AMZN,2024-11-15,56.6,42.0,80.0,52.0,60.0,55.0,62.0
AMZN,2024-11-18,58.8,52.0,80.0,52.0,60.0,55.0,46.0
AMZN,2024-11-19,43.2,42.0,20.0,52.0,60.0,55.0,35.0
AMZN,2024-11-20,46.8,52.0,20.0,52.0,60.0,55.0,46.0
AMZN,2024-11-21,47.2,52.0,20.0,52.0,60.0,55.0,54.0
AMZN,2024-11-22,46.2,52.0,20.0,52.0,60.0,55.0,35.0
AMZN,2024-11-25,46.8,52.0,20.0,52.0,60.0,55.0,46.0
AMZN,2024-11-26,43.8,42.0,20.0,52.0,60.0,55.0,46.0
AMZN,2024-11-27,43.2,42.0,20.0,52.0,60.0,55.0,35.0
AMZN,2024-11-29,45.0,42.0,20.0,52.0,72.0,55.0,35.0
AMZN,2024-12-02,41.0,42.0,20.0,38.0,60.0,55.0,46.0
AMZN,2024-12-03,50.4,42.0,80.0,25.0,60.0,55.0,46.0
AMZN,2024-12-04,54.8,32.0,80.0,60.0,60.0,55.0,54.0
AMZN,2024-12-05,54.4,32.0,80.0,60.0,60.0,55.0,46.0
AMZN,2024-12-06,50.6,18.0,80.0,60.0,60.0,55.0,54.0
AMZN,2024-12-09,43.6,18.0,80.0,25.0,60.0,55.0,54.0
AMZN,2024-12-10,43.2,18.0,80.0,25.0,60.0,55.0,46.0
AMZN,2024-12-11,45.0,18.0,80.0,25.0,72.0,55.0,46.0
AMZN,2024-12-12,43.2,18.0,80.0,25.0,60.0,55.0,46.0
AMZN,2024-12-13,50.0,32.0,80.0,38.0,60.0,55.0,46.0
AMZN,2024-12-16,46.4,18.0,80.0,25.0,72.0,65.0,54.0
AMZN,2024-12-17,52.8,32.0,80.0,38.0,72.0,65.0,46.0
AMZN,2024-12-18,59.2,52.0,80.0,52.0,60.0,55.0,54.0
AMZN,2024-12-19,46.0,42.0,20.0,52.0,72.0,55.0,54.0
AMZN,2024-12-20,46.8,42.0,20.0,52.0,72.0,55.0,70.0
AMZN,2024-12-23,45.6,42.0,20.0,52.0,72.0,55.0,46.0
AMZN,2024-12-24,42.2,42.0,20.0,38.0,72.0,55.0,35.0
AMZN,2024-12-26,43.2,42.0,20.0,52.0,60.0,55.0,35.0
AMZN,2024-12-27,43.8,42.0,20.0,52.0,60.0,55.0,46.0
AMZN,2024-12-30,46.8,52.0,20.0,52.0,60.0,55.0,46.0
AMZN,2024-12-31,49.5,52.0,20.0,68.0,60.0,55.0,35.0
AMZN,2025-01-02,50.0,52.0,20.0,68.0,60.0,55.0,46.0
AMZN,2025-01-03,42.8,42.0,20.0,52.0,53.0,55.0,46.0
AMZN,2025-01-06,43.8,42.0,20.0,52.0,60.0,55.0,46.0
AMZN,2025-01-07,48.0,52.0,20.0,68.0,47.0,55.0,46.0
AMZN,2025-01-08,48.0,52.0,20.0,68.0,47.0,55.0,46.0
AMZN,2025-01-10,50.9,52.0,20.0,80.0,47.0,55.0,54.0
AMZN,2025-01-13,49.1,52.0,20.0,80.0,38.0,55.0,46.0
AMZN,2025-01-14,49.1,52.0,20.0,80.0,38.0,55.0,46.0
AMZN,2025-01-15,44.8,52.0,20.0,52.0,47.0,55.0,46.0
AMZN,2025-01-16,43.5,52.0,20.0,52.0,38.0,55.0,46.0
AMZN,2025-01-17,39.5,42.0,20.0,38.0,47.0,55.0,54.0
AMZN,2025-01-21,46.8,42.0,20.0,60.0,60.0,65.0,54.0
AMZN,2025-01-22,58.8,42.0,80.0,60.0,60.0,65.0,54.0
AMZN,2025-01-23,55.4,32.0,80.0,60.0,60.0,65.0,46.0
AMZN,2025-01-24,51.4,42.0,80.0,25.0,60.0,65.0,46.0
AMZN,2025-01-27,51.1,42.0,80.0,25.0,53.0,65.0,62.0
AMZN,2025-01-28,48.8,32.0,80.0,25.0,60.0,65.0,54.0
AMZN,2025-01-29,48.4,32.0,80.0,25.0,60.0,65.0,46.0
AMZN,2025-01-30,54.0,42.0,80.0,38.0,60.0,65.0,46.0
AMZN,2025-01-31,54.4,42.0,80.0,38.0,60.0,65.0,54.0
AMZN,2025-02-03,54.4,42.0,80.0,38.0,60.0,65.0,54.0
AMZN,2025-02-04,48.4,32.0,80.0,25.0,60.0,65.0,46.0
AMZN,2025-02-05,57.2,42.0,80.0,52.0,60.0,65.0,54.0
AMZN,2025-02-06,54.8,42.0,80.0,38.0,60.0,65.0,62.0
AMZN,2025-02-07,48.0,52.0,20.0,52.0,60.0,55.0,70.0
AMZN,2025-02-10,46.8,52.0,20.0,52.0,60.0,55.0,46.0
AMZN,2025-02-11,46.2,52.0,20.0,52.0,60.0,55.0,35.0
AMZN,2025-02-12,50.0,52.0,20.0,68.0,60.0,55.0,46.0
AMZN,2025-02-13,46.8,52.0,20.0,52.0,60.0,55.0,46.0
AMZN,2025-02-14,50.0,52.0,20.0,68.0,60.0,55.0,46.0
AMZN,2025-02-18,51.8,52.0,20.0,80.0,53.0,55.0,54.0
AMZN,2025-02-19,51.4,52.0,20.0,80.0,47.0,65.0,46.0
AMZN,2025-02-20,52.1,52.0,20.0,90.0,38.0,65.0,46.0
AMZN,2025-02-21,57.3,68.0,20.0,90.0,38.0,65.0,54.0
AMZN,2025-02-24,56.3,68.0,20.0,90.0,38.0,55.0,54.0
AMZN,2025-02-25,56.3,68.0,20.0,90.0,38.0,55.0,54.0
AMZN,2025-02-26,54.9,68.0,20.0,80.0,38.0,65.0,46.0
AMZN,2025-02-27,57.0,82.0,20.0,80.0,28.0,55.0,54.0
AMZN,2025-02-28,51.9,68.0,20.0,68.0,38.0,55.0,54.0
AMZN,2025-03-03,52.8,68.0,20.0,80.0,28.0,55.0,54.0
AMZN,2025-03-04,57.0,82.0,20.0,80.0,28.0,55.0,54.0
AMZN,2025-03-05,50.0,68.0,20.0,68.0,28.0,55.0,46.0
AMZN,2025-03-06,52.8,68.0,20.0,80.0,28.0,55.0,54.0
AMZN,2025-03-07,57.0,82.0,20.0,80.0,28.0,55.0,54.0
AMZN,2025-03-10,57.0,82.0,20.0,80.0,28.0,55.0,54.0
AMZN,2025-03-11,52.8,68.0,20.0,80.0,28.0,55.0,54.0
AMZN,2025-03-12,50.0,68.0,20.0,68.0,28.0,55.0,46.0
AMZN,2025-03-13,52.4,68.0,20.0,80.0,28.0,55.0,46.0
AMZN,2025-03-14,50.0,68.0,20.0,68.0,28.0,55.0,46.0
AMZN,2025-03-17,50.4,68.0,20.0,68.0,28.0,55.0,54.0
AMZN,2025-03-18,50.0,68.0,20.0,68.0,28.0,55.0,46.0
AMZN,2025-03-19,50.0,68.0,20.0,68.0,28.0,55.0,46.0
AMZN,2025-03-20,50.0,68.0,20.0,68.0,28.0,55.0,46.0
AMZN,2025-03-21,60.7,68.0,80.0,52.0,38.0,55.0,54.0
AMZN,2025-03-24,55.5,52.0,80.0,52.0,38.0,55.0,46.0
AMZN,2025-03-25,55.0,52.0,80.0,52.0,38.0,55.0,35.0
AMZN,2025-03-26,55.5,52.0,80.0,52.0,38.0,55.0,46.0
AMZN,2025-03-27,55.0,52.0,80.0,52.0,38.0,55.0,35.0
AMZN,2025-03-28,63.9,68.0,80.0,68.0,38.0,55.0,54.0
AMZN,2025-03-31,66.3,68.0,80.0,80.0,38.0,55.0,54.0
AMZN,2025-04-01,63.5,68.0,80.0,68.0,38.0,55.0,46.0
AMZN,2025-04-02,55.9,52.0,80.0,52.0,38.0,55.0,54.0
AMZN,2025-04-03,54.2,68.0,20.0,90.0,28.0,45.0,62.0
AMZN,2025-04-04,58.8,82.0,20.0,90.0,28.0,45.0,70.0
AMZN,2025-04-07,56.1,68.0,20.0,90.0,38.0,45.0,70.0
AMZN,2025-04-08,58.4,82.0,20.0,90.0,28.0,45.0,62.0
AMZN,2025-04-09,42.6,52.0,20.0,52.0,38.0,38.0,62.0
AMZN,2025-04-10,45.4,52.0,20.0,68.0,38.0,38.0,54.0
AMZN,2025-04-11,53.8,52.0,80.0,52.0,38.0,38.0,46.0
AMZN,2025-04-14,53.8,52.0,80.0,52.0,38.0,38.0,46.0
AMZN,2025-04-15,57.0,52.0,80.0,68.0,38.0,38.0,46.0
AMZN,2025-04-16,48.3,68.0,20.0,68.0,28.0,38.0,46.0
AMZN,2025-04-17,48.3,68.0,20.0,68.0,28.0,38.0,46.0
AMZN,2025-04-21,50.7,68.0,20.0,80.0,28.0,38.0,46.0
AMZN,2025-04-22,43.5,52.0,20.0,68.0,28.0,38.0,46.0
AMZN,2025-04-23,52.3,52.0,80.0,52.0,28.0,38.0,46.0
AMZN,2025-04-24,53.2,52.0,80.0,52.0,38.0,38.0,35.0
AMZN,2025-04-25,50.5,52.0,80.0,38.0,38.0,38.0,35.0
AMZN,2025-04-28,54.6,52.0,80.0,52.0,47.0,38.0,35.0
AMZN,2025-04-29,54.6,52.0,80.0,52.0,47.0,38.0,35.0
AMZN,2025-04-30,53.8,52.0,80.0,52.0,38.0,38.0,46.0
AMZN,2025-05-01,52.8,52.0,80.0,38.0,47.0,38.0,54.0
AMZN,2025-05-02,54.7,52.0,80.0,38.0,60.0,38.0,54.0
AMZN,2025-05-05,57.2,52.0,80.0,52.0,60.0,45.0,35.0
AMZN,2025-05-06,57.2,52.0,80.0,52.0,60.0,45.0,35.0
AMZN,2025-05-07,56.8,52.0,80.0,38.0,72.0,45.0,46.0
AMZN,2025-05-08,54.0,52.0,80.0,38.0,53.0,45.0,46.0
AMZN,2025-05-09,52.5,42.0,80.0,38.0,60.0,55.0,35.0
AMZN,2025-05-12,56.0,32.0,80.0,60.0,72.0,45.0,62.0
AMZN,2025-05-13,55.6,32.0,80.0,60.0,72.0,45.0,54.0
AMZN,2025-05-14,48.2,32.0,80.0,25.0,72.0,45.0,46.0
AMZN,2025-05-15,54.2,42.0,80.0,38.0,72.0,45.0,54.0
AMZN,2025-05-16,53.8,42.0,80.0,38.0,72.0,45.0,46.0
AMZN,2025-05-19,56.8,42.0,80.0,38.0,85.0,55.0,46.0
AMZN,2025-05-20,54.2,42.0,80.0,38.0,72.0,55.0,35.0
AMZN,2025-05-21,57.6,42.0,80.0,52.0,72.0,55.0,46.0
AMZN,2025-05-22,55.8,42.0,80.0,52.0,60.0,55.0,46.0
AMZN,2025-05-23,58.8,52.0,80.0,52.0,60.0,55.0,46.0
AMZN,2025-05-27,53.0,42.0,80.0,38.0,60.0,55.0,46.0
AMZN,2025-05-28,55.2,42.0,80.0,52.0,60.0,55.0,35.0
AMZN,2025-05-29,57.6,42.0,80.0,52.0,72.0,55.0,46.0
AMZN,2025-05-30,44.2,42.0,20.0,52.0,60.0,55.0,54.0
AMZN,2025-06-02,43.8,42.0,20.0,52.0,60.0,55.0,46.0
AMZN,2025-06-03,45.6,42.0,20.0,52.0,72.0,55.0,46.0
AMZN,2025-06-04,45.6,42.0,20.0,52.0,72.0,55.0,46.0
AMZN,2025-06-05,46.0,42.0,20.0,52.0,72.0,55.0,54.0
AMZN,2025-06-06,49.2,32.0,80.0,25.0,72.0,55.0,46.0
AMZN,2025-06-09,56.2,32.0,80.0,60.0,72.0,55.0,46.0
AMZN,2025-06-10,55.4,32.0,80.0,60.0,60.0,65.0,46.0
AMZN,2025-06-11,53.4,42.0,80.0,38.0,53.0,65.0,54.0
AMZN,2025-06-12,53.0,42.0,80.0,38.0,53.0,65.0,46.0
AMZN,2025-06-13,54.0,42.0,80.0,38.0,60.0,65.0,46.0
AMZN,2025-06-16,51.4,42.0,80.0,25.0,60.0,65.0,46.0
AMZN,2025-06-17,54.0,42.0,80.0,38.0,60.0,65.0,46.0
AMZN,2025-06-18,45.2,42.0,20.0,52.0,60.0,65.0,54.0
AMZN,2025-06-20,48.6,52.0,20.0,52.0,60.0,65.0,62.0
AMZN,2025-06-23,46.8,52.0,20.0,52.0,53.0,65.0,46.0
AMZN,2025-06-24,45.2,42.0,20.0,52.0,60.0,65.0,54.0
AMZN,2025-06-25,43.8,42.0,20.0,52.0,53.0,65.0,46.0
AMZN,2025-06-26,42.4,42.0,20.0,38.0,60.0,65.0,54.0
AMZN,2025-06-27,56.6,32.0,80.0,60.0,60.0,65.0,70.0
AMZN,2025-06-30,54.4,42.0,80.0,38.0,60.0,65.0,54.0
AMZN,2025-07-01,51.4,42.0,80.0,25.0,60.0,65.0,46.0
AMZN,2025-07-02,54.0,42.0,80.0,38.0,60.0,65.0,46.0
AMZN,2025-07-03,47.9,32.0,80.0,25.0,60.0,65.0,35.0
AMZN,2025-07-07,48.4,32.0,80.0,25.0,60.0,65.0,46.0
AMZN,2025-07-08,56.2,42.0,80.0,52.0,53.0,65.0,54.0
AMZN,2025-07-09,53.0,42.0,80.0,38.0,53.0,65.0,46.0
AMZN,2025-07-10,52.4,42.0,80.0,38.0,53.0,65.0,35.0
AMZN,2025-07-11,51.8,42.0,80.0,25.0,60.0,65.0,54.0
AMZN,2025-07-14,51.4,42.0,80.0,25.0,60.0,65.0,46.0
AMZN,2025-07-15,51.0,32.0,80.0,38.0,60.0,65.0,46.0
AMZN,2025-07-16,44.8,42.0,20.0,52.0,60.0,65.0,46.0
AMZN,2025-07-17,44.8,42.0,20.0,52.0,60.0,65.0,46.0
AMZN,2025-07-18,42.0,42.0,20.0,38.0,60.0,65.0,46.0
AMZN,2025-07-21,48.4,32.0,80.0,25.0,60.0,65.0,46.0
AMZN,2025-07-22,42.0,42.0,20.0,38.0,60.0,65.0,46.0
AMZN,2025-07-23,41.5,42.0,20.0,38.0,60.0,65.0,35.0
AMZN,2025-07-24,55.4,32.0,80.0,60.0,60.0,65.0,46.0
AMZN,2025-07-25,47.9,32.0,80.0,25.0,60.0,65.0,35.0
AMZN,2025-07-28,48.4,32.0,80.0,25.0,60.0,65.0,46.0
AMZN,2025-07-29,54.0,42.0,80.0,38.0,60.0,65.0,46.0
AMZN,2025-07-30,42.0,42.0,20.0,38.0,60.0,65.0,46.0
AMZN,2025-07-31,49.6,32.0,80.0,25.0,60.0,65.0,70.0
AMZN,2025-08-01,57.1,68.0,20.0,90.0,38.0,55.0,70.0
AMZN,2025-08-04,56.7,68.0,20.0,90.0,38.0,55.0,62.0
AMZN,2025-08-05,55.6,68.0,20.0,80.0,47.0,55.0,54.0
AMZN,2025-08-06,45.2,52.0,20.0,52.0,47.0,55.0,54.0
AMZN,2025-08-07,45.8,52.0,20.0,52.0,53.0,55.0,46.0
AMZN,2025-08-08,44.8,52.0,20.0,52.0,47.0,55.0,46.0
AMZN,2025-08-11,44.3,52.0,20.0,52.0,47.0,55.0,35.0
AMZN,2025-08-12,44.8,52.0,20.0,52.0,47.0,55.0,46.0
AMZN,2025-08-13,45.8,52.0,20.0,52.0,53.0,55.0,46.0
AMZN,2025-08-14,41.4,42.0,20.0,38.0,60.0,55.0,54.0
AMZN,2025-08-15,54.8,42.0,80.0,52.0,53.0,55.0,46.0
AMZN,2025-08-18,51.4,42.0,80.0,38.0,53.0,55.0,35.0
AMZN,2025-08-19,57.2,52.0,80.0,52.0,53.0,55.0,35.0
AMZN,2025-08-20,56.8,52.0,80.0,52.0,47.0,55.0,46.0
AMZN,2025-08-21,43.0,52.0,20.0,52.0,38.0,55.0,35.0
AMZN,2025-08-22,41.8,42.0,20.0,52.0,47.0,55.0,46.0
AMZN,2025-08-25,56.3,52.0,80.0,52.0,47.0,55.0,35.0
AMZN,2025-08-26,56.3,52.0,80.0,52.0,47.0,55.0,35.0
AMZN,2025-08-27,53.3,42.0,80.0,52.0,47.0,55.0,35.0
AMZN,2025-08-28,51.0,42.0,80.0,38.0,47.0,55.0,46.0
AMZN,2025-08-29,59.2,52.0,80.0,52.0,60.0,65.0,35.0
AMZN,2025-09-02,48.2,52.0,20.0,52.0,60.0,65.0,54.0
AMZN,2025-09-03,47.8,52.0,20.0,52.0,60.0,65.0,46.0
AMZN,2025-09-04,58.2,42.0,80.0,60.0,60.0,55.0,62.0
AMZN,2025-09-05,53.4,42.0,80.0,38.0,60.0,55.0,54.0
AMZN,2025-09-08,50.4,42.0,80.0,25.0,60.0,55.0,46.0
AMZN,2025-09-09,57.4,42.0,80.0,60.0,60.0,55.0,46.0
AMZN,2025-09-10,59.6,52.0,80.0,52.0,60.0,55.0,62.0
AMZN,2025-09-11,58.2,52.0,80.0,52.0,53.0,55.0,54.0
AMZN,2025-09-12,45.2,52.0,20.0,52.0,47.0,55.0,54.0
AMZN,2025-09-15,45.8,52.0,20.0,52.0,53.0,55.0,46.0
AMZN,2025-09-16,40.4,42.0,20.0,38.0,53.0,55.0,54.0
AMZN,2025-09-17,46.2,52.0,20.0,52.0,53.0,55.0,54.0
AMZN,2025-09-18,47.2,52.0,20.0,52.0,60.0,55.0,54.0
AMZN,2025-09-19,48.0,52.0,20.0,52.0,60.0,55.0,70.0
AMZN,2025-09-22,48.5,52.0,20.0,68.0,47.0,55.0,54.0
AMZN,2025-09-23,56.7,68.0,20.0,90.0,38.0,55.0,62.0
AMZN,2025-09-24,56.3,68.0,20.0,90.0,38.0,55.0,54.0
AMZN,2025-09-25,56.3,68.0,20.0,90.0,38.0,55.0,54.0
AMZN,2025-09-26,53.9,68.0,20.0,80.0,38.0,55.0,46.0
AMZN,2025-09-29,48.0,52.0,20.0,68.0,47.0,55.0,46.0
AMZN,2025-09-30,50.9,52.0,20.0,80.0,47.0,55.0,54.0
AMZN,2025-10-01,48.0,52.0,20.0,68.0,47.0,55.0,46.0
AMZN,2025-10-02,44.5,52.0,20.0,52.0,38.0,65.0,46.0
AMZN,2025-10-03,47.7,52.0,20.0,68.0,38.0,65.0,46.0
AMZN,2025-10-06,47.7,52.0,20.0,68.0,38.0,65.0,46.0
AMZN,2025-10-07,44.0,52.0,20.0,52.0,38.0,65.0,35.0
AMZN,2025-10-08,46.2,52.0,20.0,52.0,47.0,65.0,54.0
AMZN,2025-10-09,57.8,52.0,80.0,52.0,47.0,65.0,46.0
AMZN,2025-10-10,49.5,52.0,20.0,80.0,38.0,55.0,54.0
AMZN,2025-10-13,43.5,52.0,20.0,52.0,38.0,55.0,46.0
AMZN,2025-10-14,46.7,52.0,20.0,68.0,38.0,55.0,46.0
AMZN,2025-10-15,46.7,52.0,20.0,68.0,38.0,55.0,46.0
AMZN,2025-10-16,53.9,68.0,20.0,80.0,38.0,55.0,46.0
AMZN,2025-10-17,53.9,68.0,20.0,80.0,38.0,55.0,46.0
AMZN,2025-10-20,46.7,52.0,20.0,68.0,38.0,55.0,46.0
AMZN,2025-10-21,46.2,52.0,20.0,52.0,53.0,55.0,54.0
AMZN,2025-10-22,56.8,52.0,80.0,52.0,47.0,55.0,46.0
AMZN,2025-10-23,57.8,52.0,80.0,52.0,53.0,55.0,46.0
AMZN,2025-10-24,55.0,52.0,80.0,38.0,53.0,55.0,46.0
AMZN,2025-10-27,49.3,42.0,80.0,25.0,53.0,55.0,46.0
AMZN,2025-10-28,50.8,42.0,80.0,25.0,60.0,55.0,54.0
AMZN,2025-10-29,50.8,42.0,80.0,25.0,60.0,55.0,54.0
AMZN,2025-10-30,59.0,52.0,80.0,52.0,53.0,55.0,70.0
AMZN,2025-10-31,56.9,32.0,80.0,60.0,72.0,45.0,80.0
AMZN,2025-11-03,51.8,18.0,80.0,60.0,72.0,45.0,62.0
AMZN,2025-11-04,55.2,32.0,80.0,60.0,72.0,45.0,46.0
AMZN,2025-11-05,48.2,32.0,80.0,25.0,72.0,45.0,46.0
AMZN,2025-11-06,52.0,42.0,80.0,38.0,60.0,45.0,46.0
AMZN,2025-11-07,53.8,42.0,80.0,38.0,72.0,45.0,46.0
AMZN,2025-11-10,53.2,42.0,80.0,38.0,72.0,45.0,35.0
AMZN,2025-11-11,53.2,42.0,80.0,38.0,72.0,45.0,35.0
AMZN,2025-11-12,56.0,42.0,80.0,52.0,72.0,45.0,35.0
AMZN,2025-11-13,59.6,52.0,80.0,52.0,72.0,45.0,46.0
AMZN,2025-11-14,47.6,52.0,20.0,52.0,72.0,45.0,46.0
AMZN,2025-11-17,46.2,52.0,20.0,52.0,60.0,45.0,54.0
AMZN,2025-11-18,48.4,52.0,20.0,68.0,53.0,45.0,54.0
AMZN,2025-11-19,48.4,52.0,20.0,68.0,53.0,45.0,54.0
AMZN,2025-11-20,54.2,68.0,20.0,80.0,47.0,45.0,46.0
AMZN,2025-11-21,47.5,52.0,20.0,68.0,47.0,45.0,54.0
AMZN,2025-11-24,47.0,52.0,20.0,68.0,47.0,45.0,46.0
AMZN,2025-11-25,44.2,52.0,20.0,52.0,53.0,45.0,35.0
AMZN,2025-11-26,43.3,52.0,20.0,52.0,47.0,45.0,35.0
AMZN,2025-11-28,45.2,52.0,20.0,52.0,60.0,45.0,35.0
AMZN,2025-12-01,43.5,52.0,20.0,52.0,38.0,55.0,46.0
AMZN,2025-12-02,43.9,52.0,20.0,52.0,38.0,55.0,54.0
AMZN,2025-12-03,43.5,52.0,20.0,52.0,38.0,55.0,46.0
AMZN,2025-12-04,43.9,52.0,20.0,52.0,38.0,55.0,54.0
AMZN,2025-12-05,43.5,52.0,20.0,52.0,38.0,55.0,46.0
AMZN,2025-12-08,43.5,52.0,20.0,52.0,38.0,55.0,46.0
AMZN,2025-12-09,43.0,52.0,20.0,52.0,38.0,55.0,35.0
AMZN,2025-12-10,43.5,52.0,20.0,52.0,38.0,55.0,46.0
AMZN,2025-12-11,43.0,52.0,20.0,52.0,38.0,55.0,35.0
AMZN,2025-12-12,43.5,52.0,20.0,52.0,38.0,55.0,46.0
AMZN,2025-12-15,47.1,52.0,20.0,68.0,38.0,55.0,54.0
AMZN,2025-12-16,46.7,52.0,20.0,68.0,38.0,55.0,46.0
AMZN,2025-12-17,54.2,68.0,20.0,68.0,47.0,65.0,54.0
AMZN,2025-12-18,47.2,52.0,20.0,52.0,53.0,65.0,54.0
AMZN,2025-12-19,49.0,52.0,20.0,52.0,60.0,65.0,70.0
AMZN,2025-12-22,47.8,52.0,20.0,52.0,60.0,65.0,46.0
AMZN,2025-12-23,56.0,52.0,80.0,38.0,53.0,65.0,46.0
AMZN,2025-12-24,52.4,42.0,80.0,38.0,53.0,65.0,35.0
AMZN,2025-12-26,52.4,42.0,80.0,38.0,53.0,65.0,35.0
AMZN,2025-12-29,57.3,52.0,80.0,52.0,47.0,65.0,35.0
AMZN,2025-12-30,51.5,42.0,80.0,38.0,47.0,65.0,35.0
AMZN,2025-12-31,57.3,52.0,80.0,52.0,47.0,65.0,35.0
AMZN,2026-01-02,58.2,52.0,80.0,52.0,47.0,65.0,54.0
AMZN,2026-01-05,56.4,52.0,80.0,38.0,53.0,65.0,54.0
AMZN,2026-01-06,58.8,42.0,80.0,60.0,60.0,65.0,54.0
AMZN,2026-01-07,58.8,42.0,80.0,60.0,60.0,65.0,54.0
AMZN,2026-01-08,55.8,32.0,80.0,60.0,60.0,65.0,54.0
AMZN,2026-01-09,55.4,32.0,80.0,60.0,60.0,65.0,46.0
AMZN,2026-01-12,48.4,32.0,80.0,25.0,60.0,65.0,46.0
AMZN,2026-01-13,54.4,42.0,80.0,38.0,60.0,65.0,54.0
AMZN,2026-01-14,60.2,52.0,80.0,52.0,60.0,65.0,54.0
AMZN,2026-01-15,60.2,52.0,80.0,52.0,60.0,65.0,54.0
AMZN,2026-01-16,60.2,52.0,80.0,52.0,60.0,65.0,54.0
AMZN,2026-01-20,46.2,52.0,20.0,52.0,53.0,55.0,54.0
AMZN,2026-01-21,46.2,52.0,20.0,52.0,53.0,55.0,54.0
AMZN,2026-01-22,45.8,52.0,20.0,52.0,53.0,55.0,46.0
AMZN,2026-01-23,46.8,52.0,20.0,52.0,60.0,55.0,46.0
AMZN,2026-01-26,45.8,52.0,20.0,52.0,53.0,55.0,46.0
AMZN,2026-01-27,53.0,42.0,80.0,38.0,60.0,55.0,46.0
AMZN,2026-01-28,56.2,42.0,80.0,52.0,60.0,55.0,54.0
AMZN,2026-01-29,56.2,42.0,80.0,52.0,60.0,55.0,54.0
AMZN,2026-01-30,59.2,52.0,80.0,52.0,60.0,55.0,54.0
AMZN,2026-02-02,55.8,42.0,80.0,52.0,60.0,55.0,46.0
AMZN,2026-02-03,46.2,52.0,20.0,52.0,53.0,55.0,54.0
AMZN,2026-02-04,49.5,52.0,20.0,80.0,38.0,55.0,54.0
AMZN,2026-02-05,57.1,68.0,20.0,90.0,38.0,55.0,70.0
AMZN,2026-02-06,60.3,82.0,20.0,90.0,28.0,55.0,80.0
AMZN,2026-02-09,59.4,82.0,20.0,90.0,28.0,55.0,62.0
AMZN,2026-02-10,59.0,82.0,20.0,90.0,28.0,55.0,54.0
AMZN,2026-02-11,59.0,82.0,20.0,90.0,28.0,55.0,54.0
AMZN,2026-02-12,59.0,82.0,20.0,90.0,28.0,55.0,54.0
AMZN,2026-02-13,57.0,82.0,20.0,80.0,28.0,55.0,54.0
AMZN,2026-02-17,57.0,82.0,20.0,80.0,28.0,55.0,54.0
AMZN,2026-02-18,50.0,68.0,20.0,68.0,28.0,55.0,46.0
AMZN,2026-02-19,49.5,68.0,20.0,68.0,28.0,55.0,35.0
AMZN,2026-02-20,47.2,68.0,20.0,52.0,28.0,55.0,54.0
AMZN,2026-02-23,50.0,68.0,20.0,68.0,28.0,55.0,46.0
AMZN,2026-02-24,46.2,68.0,20.0,52.0,28.0,55.0,35.0
AMZN,2026-02-25,53.5,52.0,80.0,52.0,28.0,55.0,35.0
AMZN,2026-02-26,58.8,68.0,80.0,52.0,28.0,55.0,46.0
AMZN,2026-02-27,54.0,52.0,80.0,52.0,28.0,55.0,46.0
AMZN,2026-03-02,54.0,52.0,80.0,52.0,28.0,55.0,46.0
AMZN,2026-03-03,53.5,52.0,80.0,52.0,28.0,55.0,35.0
AMZN,2026-03-04,52.7,52.0,80.0,38.0,38.0,55.0,46.0
AMZN,2026-03-05,50.1,52.0,80.0,25.0,38.0,55.0,46.0
AMZN,2026-03-06,52.7,52.0,80.0,38.0,38.0,55.0,46.0
AMZN,2026-03-09,55.0,52.0,80.0,38.0,53.0,55.0,46.0
AMZN,2026-03-10,54.4,52.0,80.0,38.0,53.0,55.0,35.0
AMZN,2026-03-11,57.2,52.0,80.0,52.0,53.0,55.0,35.0
AMZN,2026-03-12,57.8,52.0,80.0,52.0,53.0,55.0,46.0
AMZN,2026-03-13,58.8,52.0,80.0,52.0,60.0,55.0,46.0
AMZN,2026-03-16,58.8,52.0,80.0,52.0,60.0,55.0,46.0
AMZN,2026-03-17,56.0,52.0,80.0,38.0,60.0,55.0,46.0
AMZN,2026-03-18,57.8,52.0,80.0,52.0,53.0,55.0,46.0
AMZN,2026-03-19,57.8,52.0,80.0,52.0,53.0,55.0,46.0
AMZN,2026-03-20,62.9,52.0,80.0,80.0,47.0,55.0,54.0
AMZN,2026-03-23,57.8,52.0,80.0,52.0,53.0,55.0,46.0
AMZN,2026-03-24,60.0,52.0,80.0,68.0,47.0,55.0,46.0
AMZN,2026-03-25,57.8,52.0,80.0,52.0,53.0,55.0,46.0
AMZN,2026-03-26,60.5,52.0,80.0,68.0,47.0,55.0,54.0
AMZN,2026-03-27,56.3,68.0,20.0,90.0,38.0,55.0,54.0
AMZN,2026-03-30,54.3,68.0,20.0,80.0,38.0,55.0,54.0
AMZN,2026-03-31,45.2,52.0,20.0,52.0,47.0,55.0,54.0
AMZN,2026-04-01,57.2,52.0,80.0,52.0,47.0,55.0,54.0
AMZN,2026-04-02,55.5,52.0,80.0,52.0,38.0,55.0,46.0
AMZN,2026-04-06,53.5,52.0,80.0,38.0,47.0,55.0,35.0
AMZN,2026-04-07,54.4,52.0,80.0,38.0,53.0,55.0,35.0
AMZN,2026-04-08,57.8,42.0,80.0,60.0,60.0,55.0,54.0
AMZN,2026-04-09,55.2,32.0,80.0,60.0,60.0,55.0,62.0
AMZN,2026-04-10,52.4,18.0,80.0,60.0,72.0,55.0,54.0
AMZN,2026-04-13,52.0,18.0,80.0,60.0,72.0,55.0,46.0
AMZN,2026-04-14,52.8,18.0,80.0,60.0,72.0,55.0,62.0
AMZN,2026-04-15,52.0,18.0,80.0,60.0,72.0,55.0,46.0
AMZN,2026-04-16,45.0,18.0,80.0,25.0,72.0,55.0,46.0
AMZN,2026-04-17,47.4,18.0,80.0,25.0,85.0,55.0,54.0
AMZN,2026-04-20,49.5,18.0,80.0,38.0,85.0,55.0,46.0
AMZN,2026-04-21,47.6,18.0,80.0,38.0,72.0,55.0,46.0
AMZN,2026-04-22,49.5,18.0,80.0,38.0,85.0,55.0,46.0
AMZN,2026-04-23,49.5,18.0,80.0,38.0,85.0,55.0,46.0
AMZN,2026-04-24,47.4,18.0,80.0,25.0,85.0,55.0,54.0
AMZN,2026-04-27,49.5,18.0,80.0,38.0,85.0,55.0,46.0
AMZN,2026-04-28,49.5,18.0,80.0,38.0,85.0,55.0,46.0
AMZN,2026-04-29,50.4,18.0,80.0,38.0,85.0,55.0,62.0
AMZN,2026-04-30,50.8,18.0,80.0,38.0,85.0,55.0,70.0
AMZN,2026-05-01,50.0,18.0,80.0,38.0,85.0,55.0,54.0
AMZN,2026-05-04,46.9,18.0,80.0,25.0,85.0,55.0,46.0
AMZN,2026-05-05,46.9,18.0,80.0,25.0,85.0,55.0,46.0
AMZN,2026-05-06,46.9,18.0,80.0,25.0,85.0,55.0,46.0
AMZN,2026-05-07,48.6,18.0,80.0,38.0,72.0,65.0,46.0
AMZN,2026-05-08,48.6,18.0,80.0,38.0,72.0,65.0,46.0
AMZN,2026-05-11,40.8,32.0,20.0,38.0,72.0,65.0,46.0
AMZN,2026-05-12,44.8,42.0,20.0,52.0,60.0,65.0,46.0
AMZN,2026-05-13,39.0,32.0,20.0,38.0,60.0,65.0,46.0
AMZN,2026-05-14,44.2,42.0,20.0,52.0,60.0,65.0,35.0
AMZN,2026-05-15,44.8,42.0,20.0,52.0,60.0,65.0,46.0
AMZN,2026-05-18,44.8,42.0,20.0,52.0,60.0,65.0,46.0
AMZN,2026-05-19,51.0,52.0,20.0,68.0,60.0,65.0,46.0
AMZN,2026-05-20,44.8,42.0,20.0,52.0,60.0,65.0,46.0
AMZN,2026-05-21,44.8,42.0,20.0,52.0,60.0,65.0,46.0
AMZN,2026-05-22,43.2,42.0,20.0,52.0,53.0,65.0,35.0
AMZN,2026-05-26,43.8,42.0,20.0,52.0,53.0,65.0,46.0
AMZN,2026-05-27,42.0,42.0,20.0,38.0,60.0,65.0,46.0
AMZN,2026-05-28,42.0,42.0,20.0,38.0,60.0,65.0,46.0
AMZN,2026-05-29,44.2,42.0,20.0,52.0,53.0,65.0,54.0
AMZN,2026-06-01,51.9,52.0,20.0,80.0,47.0,65.0,54.0
AMZN,2026-06-02,52.5,52.0,20.0,90.0,38.0,65.0,54.0
AMZN,2026-06-03,56.3,68.0,20.0,90.0,38.0,55.0,54.0
AMZN,2026-06-04,49.1,52.0,20.0,80.0,38.0,55.0,46.0
AMZN,2026-06-05,56.3,68.0,20.0,90.0,38.0,55.0,54.0
AMZN,2026-06-08,54.4,68.0,20.0,90.0,28.0,55.0,46.0
AMZN,2026-06-09,54.3,68.0,20.0,80.0,38.0,55.0,54.0
AMZN,2026-06-10,54.4,68.0,20.0,90.0,28.0,55.0,46.0
AMZN,2026-06-11,52.8,68.0,20.0,80.0,28.0,55.0,54.0
AMZN,2026-06-12,52.8,68.0,20.0,80.0,28.0,55.0,54.0
AMZN,2026-06-15,46.7,52.0,20.0,68.0,38.0,55.0,46.0
AMZN,2026-06-16,43.5,52.0,20.0,52.0,38.0,55.0,46.0
AMZN,2026-06-17,51.9,68.0,20.0,68.0,38.0,55.0,54.0
AMZN,2026-06-18,44.3,52.0,20.0,52.0,38.0,55.0,62.0
GOOGL,2024-06-20,44.0,50.0,20.0,50.0,50.0,50.0,50.0
GOOGL,2024-06-21,56.0,50.0,80.0,50.0,50.0,50.0,50.0
GOOGL,2024-06-24,56.0,50.0,80.0,50.0,50.0,50.0,50.0
GOOGL,2024-06-25,56.0,50.0,80.0,50.0,50.0,50.0,50.0
GOOGL,2024-06-26,56.0,50.0,80.0,50.0,50.0,50.0,50.0
GOOGL,2024-06-27,56.0,50.0,80.0,50.0,50.0,50.0,50.0
GOOGL,2024-06-28,56.0,50.0,80.0,50.0,50.0,50.0,50.0
GOOGL,2024-07-01,56.0,50.0,80.0,50.0,50.0,50.0,50.0
GOOGL,2024-07-02,56.0,50.0,80.0,50.0,50.0,50.0,50.0
GOOGL,2024-07-03,56.0,50.0,80.0,50.0,50.0,50.0,50.0
GOOGL,2024-07-05,56.0,50.0,80.0,50.0,50.0,50.0,50.0
GOOGL,2024-07-08,56.0,50.0,80.0,50.0,50.0,50.0,50.0
GOOGL,2024-07-09,56.0,50.0,80.0,50.0,50.0,50.0,50.0
GOOGL,2024-07-10,56.0,50.0,80.0,50.0,50.0,50.0,50.0
GOOGL,2024-07-11,53.6,42.0,80.0,50.0,50.0,50.0,50.0
GOOGL,2024-07-12,53.6,42.0,80.0,50.0,50.0,50.0,50.0
GOOGL,2024-07-15,53.6,42.0,80.0,50.0,50.0,50.0,50.0
GOOGL,2024-07-16,44.6,52.0,20.0,50.0,50.0,50.0,50.0
GOOGL,2024-07-17,44.6,52.0,20.0,50.0,50.0,50.0,50.0
GOOGL,2024-07-18,55.6,68.0,20.0,80.0,50.0,50.0,54.0
GOOGL,2024-07-19,57.1,68.0,20.0,80.0,53.0,65.0,46.0
GOOGL,2024-07-22,47.2,52.0,20.0,52.0,53.0,65.0,54.0
GOOGL,2024-07-23,47.6,52.0,20.0,52.0,53.0,65.0,62.0
GOOGL,2024-07-24,57.1,68.0,20.0,90.0,38.0,55.0,70.0
GOOGL,2024-07-25,60.9,82.0,20.0,90.0,38.0,55.0,62.0
GOOGL,2024-07-26,60.9,82.0,20.0,90.0,38.0,55.0,62.0
GOOGL,2024-07-29,53.9,68.0,20.0,80.0,38.0,55.0,46.0
GOOGL,2024-07-30,51.5,68.0,20.0,68.0,38.0,55.0,46.0
GOOGL,2024-07-31,51.9,68.0,20.0,68.0,38.0,55.0,54.0
GOOGL,2024-08-01,51.5,68.0,20.0,68.0,38.0,55.0,46.0
GOOGL,2024-08-02,52.8,68.0,20.0,80.0,28.0,55.0,54.0
GOOGL,2024-08-05,57.4,82.0,20.0,80.0,28.0,55.0,62.0
GOOGL,2024-08-06,57.4,82.0,20.0,80.0,28.0,55.0,62.0
GOOGL,2024-08-07,56.6,82.0,20.0,80.0,28.0,55.0,46.0
GOOGL,2024-08-08,50.0,68.0,20.0,68.0,28.0,55.0,46.0
GOOGL,2024-08-09,50.0,68.0,20.0,68.0,28.0,55.0,46.0
GOOGL,2024-08-12,49.5,68.0,20.0,68.0,28.0,55.0,35.0
GOOGL,2024-08-13,46.2,68.0,20.0,52.0,28.0,55.0,35.0
GOOGL,2024-08-14,50.4,68.0,20.0,68.0,28.0,55.0,54.0
GOOGL,2024-08-15,51.9,68.0,20.0,68.0,38.0,55.0,54.0
GOOGL,2024-08-16,60.3,68.0,80.0,52.0,38.0,55.0,46.0
GOOGL,2024-08-19,55.5,52.0,80.0,52.0,38.0,55.0,46.0
GOOGL,2024-08-20,55.0,52.0,80.0,52.0,38.0,55.0,35.0
GOOGL,2024-08-21,55.5,52.0,80.0,52.0,38.0,55.0,46.0
GOOGL,2024-08-22,56.8,52.0,80.0,52.0,47.0,55.0,46.0
GOOGL,2024-08-23,56.3,52.0,80.0,52.0,47.0,55.0,35.0
GOOGL,2024-08-26,56.3,52.0,80.0,52.0,47.0,55.0,35.0
GOOGL,2024-08-27,55.0,52.0,80.0,52.0,38.0,55.0,35.0
GOOGL,2024-08-28,55.0,52.0,80.0,52.0,38.0,55.0,35.0
GOOGL,2024-08-29,60.3,68.0,80.0,52.0,38.0,55.0,46.0
GOOGL,2024-08-30,57.8,52.0,80.0,52.0,47.0,65.0,46.0
GOOGL,2024-09-03,71.0,68.0,80.0,90.0,47.0,65.0,62.0
GOOGL,2024-09-04,58.2,68.0,20.0,90.0,47.0,65.0,46.0
GOOGL,2024-09-05,56.2,68.0,20.0,80.0,47.0,65.0,46.0
GOOGL,2024-09-06,60.9,82.0,20.0,90.0,38.0,55.0,62.0
GOOGL,2024-09-09,60.9,82.0,20.0,90.0,38.0,55.0,62.0
GOOGL,2024-09-10,60.5,82.0,20.0,90.0,38.0,55.0,54.0
GOOGL,2024-09-11,54.3,68.0,20.0,80.0,38.0,55.0,54.0
GOOGL,2024-09-12,47.1,52.0,20.0,68.0,38.0,55.0,54.0
GOOGL,2024-09-13,45.2,52.0,20.0,52.0,47.0,55.0,54.0
GOOGL,2024-09-16,56.8,52.0,80.0,52.0,47.0,55.0,46.0
GOOGL,2024-09-17,55.5,52.0,80.0,52.0,38.0,55.0,46.0
GOOGL,2024-09-18,55.5,52.0,80.0,52.0,38.0,55.0,46.0
GOOGL,2024-09-19,57.2,52.0,80.0,52.0,47.0,55.0,54.0
GOOGL,2024-09-20,51.9,42.0,80.0,38.0,47.0,55.0,62.0
GOOGL,2024-09-23,56.8,52.0,80.0,52.0,47.0,55.0,46.0
GOOGL,2024-09-24,54.0,52.0,80.0,38.0,47.0,55.0,46.0
GOOGL,2024-09-25,56.8,52.0,80.0,52.0,47.0,55.0,46.0
GOOGL,2024-09-26,55.0,52.0,80.0,38.0,53.0,55.0,46.0
GOOGL,2024-09-27,52.0,42.0,80.0,38.0,53.0,55.0,46.0
GOOGL,2024-09-30,49.3,42.0,80.0,25.0,53.0,55.0,46.0
GOOGL,2024-10-01,51.8,42.0,80.0,25.0,60.0,65.0,54.0
GOOGL,2024-10-02,53.5,42.0,80.0,38.0,60.0,65.0,35.0
GOOGL,2024-10-03,53.5,42.0,80.0,38.0,60.0,65.0,35.0
GOOGL,2024-10-04,55.8,42.0,80.0,38.0,72.0,65.0,46.0
GOOGL,2024-10-07,59.8,52.0,80.0,52.0,60.0,65.0,46.0
GOOGL,2024-10-08,61.6,52.0,80.0,52.0,72.0,65.0,46.0
GOOGL,2024-10-09,60.2,52.0,80.0,52.0,60.0,65.0,54.0
GOOGL,2024-10-10,59.2,52.0,80.0,52.0,60.0,65.0,35.0
GOOGL,2024-10-11,47.2,52.0,20.0,52.0,60.0,65.0,35.0
GOOGL,2024-10-14,56.8,42.0,80.0,52.0,60.0,65.0,46.0
GOOGL,2024-10-15,54.0,42.0,80.0,38.0,60.0,65.0,46.0
GOOGL,2024-10-16,56.8,42.0,80.0,52.0,60.0,65.0,46.0
GOOGL,2024-10-17,46.8,52.0,20.0,52.0,53.0,65.0,46.0
GOOGL,2024-10-18,45.8,52.0,20.0,52.0,47.0,65.0,46.0
GOOGL,2024-10-21,47.2,52.0,20.0,52.0,53.0,65.0,54.0
GOOGL,2024-10-22,43.8,42.0,20.0,52.0,53.0,65.0,46.0
GOOGL,2024-10-23,50.0,52.0,20.0,68.0,53.0,65.0,46.0
GOOGL,2024-10-24,49.5,52.0,20.0,68.0,47.0,65.0,54.0
GOOGL,2024-10-25,46.8,52.0,20.0,52.0,53.0,65.0,46.0
GOOGL,2024-10-28,53.8,42.0,80.0,38.0,53.0,65.0,62.0
GOOGL,2024-10-29,58.1,42.0,80.0,60.0,53.0,65.0,62.0
GOOGL,2024-10-30,52.4,18.0,80.0,60.0,60.0,65.0,70.0
GOOGL,2024-10-31,52.2,42.0,80.0,25.0,60.0,65.0,62.0
GOOGL,2024-11-01,50.8,42.0,80.0,25.0,53.0,65.0,54.0
GOOGL,2024-11-04,54.0,42.0,80.0,38.0,60.0,65.0,46.0
GOOGL,2024-11-05,54.0,42.0,80.0,38.0,60.0,65.0,46.0
GOOGL,2024-11-06,55.8,32.0,80.0,60.0,60.0,65.0,54.0
GOOGL,2024-11-07,53.0,18.0,80.0,60.0,72.0,65.0,46.0
GOOGL,2024-11-08,48.4,32.0,80.0,25.0,60.0,65.0,46.0
GOOGL,2024-11-11,47.9,32.0,80.0,25.0,60.0,65.0,35.0
GOOGL,2024-11-12,44.2,18.0,80.0,25.0,60.0,65.0,46.0
GOOGL,2024-11-13,53.0,42.0,80.0,38.0,60.0,55.0,46.0
GOOGL,2024-11-14,56.2,42.0,80.0,52.0,60.0,55.0,54.0
GOOGL,2024-11-15,59.2,52.0,80.0,52.0,60.0,55.0,54.0
GOOGL,2024-11-18,43.8,42.0,20.0,52.0,60.0,55.0,46.0
GOOGL,2024-11-19,41.0,42.0,20.0,38.0,60.0,55.0,46.0
GOOGL,2024-11-20,43.2,42.0,20.0,52.0,60.0,55.0,35.0
GOOGL,2024-11-21,50.8,52.0,20.0,68.0,60.0,55.0,62.0
GOOGL,2024-11-22,50.9,52.0,20.0,80.0,47.0,55.0,54.0
GOOGL,2024-11-25,49.4,52.0,20.0,68.0,53.0,55.0,54.0
GOOGL,2024-11-26,47.5,52.0,20.0,68.0,47.0,55.0,35.0
GOOGL,2024-11-27,46.2,52.0,20.0,68.0,38.0,55.0,35.0
GOOGL,2024-11-29,47.5,52.0,20.0,68.0,47.0,55.0,35.0
GOOGL,2024-12-02,45.8,52.0,20.0,52.0,53.0,55.0,46.0
GOOGL,2024-12-03,45.8,52.0,20.0,52.0,53.0,55.0,46.0
GOOGL,2024-12-04,43.2,42.0,20.0,52.0,53.0,55.0,54.0
GOOGL,2024-12-05,44.8,52.0,20.0,52.0,47.0,55.0,46.0
GOOGL,2024-12-06,40.5,42.0,20.0,52.0,38.0,55.0,46.0
GOOGL,2024-12-09,53.8,42.0,80.0,52.0,47.0,55.0,46.0
GOOGL,2024-12-10,54.1,32.0,80.0,60.0,53.0,55.0,62.0
GOOGL,2024-12-11,51.4,18.0,80.0,60.0,60.0,55.0,70.0
GOOGL,2024-12-12,54.8,32.0,80.0,60.0,60.0,55.0,54.0
GOOGL,2024-12-13,47.4,32.0,80.0,25.0,60.0,55.0,46.0
GOOGL,2024-12-16,52.4,18.0,80.0,60.0,72.0,55.0,54.0
GOOGL,2024-12-17,49.6,32.0,80.0,25.0,72.0,55.0,54.0
GOOGL,2024-12-18,52.4,42.0,80.0,38.0,60.0,45.0,54.0
GOOGL,2024-12-19,52.0,42.0,80.0,38.0,60.0,45.0,46.0
GOOGL,2024-12-20,55.6,42.0,80.0,38.0,72.0,55.0,62.0
GOOGL,2024-12-23,54.8,42.0,80.0,38.0,72.0,55.0,46.0
GOOGL,2024-12-24,51.2,32.0,80.0,38.0,72.0,55.0,35.0
GOOGL,2024-12-26,51.2,32.0,80.0,38.0,72.0,55.0,35.0
GOOGL,2024-12-27,57.0,42.0,80.0,52.0,72.0,55.0,35.0
GOOGL,2024-12-30,45.0,42.0,20.0,52.0,72.0,55.0,35.0
GOOGL,2024-12-31,45.0,42.0,20.0,52.0,72.0,55.0,35.0
GOOGL,2025-01-02,45.0,42.0,20.0,52.0,72.0,55.0,35.0
GOOGL,2025-01-03,45.0,42.0,20.0,52.0,72.0,55.0,35.0
GOOGL,2025-01-06,42.8,42.0,20.0,38.0,72.0,55.0,46.0
GOOGL,2025-01-07,45.6,42.0,20.0,52.0,72.0,55.0,46.0
GOOGL,2025-01-08,45.6,42.0,20.0,52.0,72.0,55.0,46.0
GOOGL,2025-01-10,43.8,42.0,20.0,52.0,60.0,55.0,46.0
GOOGL,2025-01-13,44.8,52.0,20.0,52.0,47.0,55.0,46.0
GOOGL,2025-01-14,47.5,52.0,20.0,68.0,47.0,55.0,35.0
GOOGL,2025-01-15,41.0,42.0,20.0,38.0,60.0,55.0,46.0
GOOGL,2025-01-16,42.8,42.0,20.0,52.0,47.0,65.0,46.0
GOOGL,2025-01-17,40.4,42.0,20.0,38.0,53.0,55.0,54.0
GOOGL,2025-01-21,39.8,42.0,20.0,25.0,60.0,65.0,54.0
GOOGL,2025-01-22,39.8,42.0,20.0,25.0,60.0,65.0,54.0
GOOGL,2025-01-23,42.4,42.0,20.0,38.0,60.0,65.0,54.0
GOOGL,2025-01-24,50.8,42.0,80.0,25.0,53.0,65.0,54.0
GOOGL,2025-01-27,45.6,52.0,20.0,52.0,47.0,55.0,62.0
GOOGL,2025-01-28,45.2,52.0,20.0,52.0,47.0,55.0,54.0
GOOGL,2025-01-29,45.8,52.0,20.0,52.0,53.0,55.0,46.0
GOOGL,2025-01-30,38.8,42.0,20.0,25.0,60.0,55.0,54.0
GOOGL,2025-01-31,57.8,42.0,80.0,60.0,60.0,55.0,54.0
GOOGL,2025-02-03,53.4,42.0,80.0,38.0,60.0,55.0,54.0
GOOGL,2025-02-04,58.2,42.0,80.0,60.0,60.0,55.0,62.0
GOOGL,2025-02-05,49.2,52.0,20.0,68.0,47.0,55.0,70.0
GOOGL,2025-02-06,48.5,52.0,20.0,68.0,47.0,55.0,54.0
GOOGL,2025-02-07,48.9,52.0,20.0,80.0,38.0,45.0,62.0
GOOGL,2025-02-10,49.4,52.0,20.0,80.0,47.0,45.0,46.0
GOOGL,2025-02-11,49.4,52.0,20.0,80.0,47.0,45.0,46.0
GOOGL,2025-02-12,52.9,68.0,20.0,80.0,38.0,45.0,46.0
GOOGL,2025-02-13,46.7,52.0,20.0,68.0,38.0,55.0,46.0
GOOGL,2025-02-14,46.2,52.0,20.0,68.0,38.0,55.0,35.0
GOOGL,2025-02-18,46.7,52.0,20.0,68.0,38.0,55.0,46.0
GOOGL,2025-02-19,46.2,52.0,20.0,68.0,38.0,55.0,35.0
GOOGL,2025-02-20,46.2,52.0,20.0,68.0,38.0,55.0,35.0
GOOGL,2025-02-21,54.3,68.0,20.0,80.0,38.0,55.0,54.0
GOOGL,2025-02-24,50.0,68.0,20.0,68.0,28.0,55.0,46.0
GOOGL,2025-02-25,54.3,68.0,20.0,80.0,38.0,55.0,54.0
GOOGL,2025-02-26,52.8,68.0,20.0,80.0,28.0,55.0,54.0
GOOGL,2025-02-27,57.0,82.0,20.0,80.0,28.0,55.0,54.0
GOOGL,2025-02-28,52.8,68.0,20.0,80.0,28.0,55.0,54.0
GOOGL,2025-03-03,57.0,82.0,20.0,80.0,28.0,55.0,54.0
GOOGL,2025-03-04,50.4,68.0,20.0,68.0,28.0,55.0,54.0
GOOGL,2025-03-05,50.0,68.0,20.0,68.0,28.0,55.0,46.0
GOOGL,2025-03-06,52.5,68.0,20.0,68.0,38.0,65.0,46.0
GOOGL,2025-03-07,44.5,52.0,20.0,52.0,38.0,65.0,46.0
GOOGL,2025-03-10,52.8,68.0,20.0,80.0,28.0,55.0,54.0
GOOGL,2025-03-11,52.8,68.0,20.0,80.0,28.0,55.0,54.0
GOOGL,2025-03-12,51.5,68.0,20.0,68.0,38.0,55.0,46.0
GOOGL,2025-03-13,52.4,68.0,20.0,80.0,28.0,55.0,46.0
GOOGL,2025-03-14,50.0,68.0,20.0,68.0,28.0,55.0,46.0
GOOGL,2025-03-17,50.0,68.0,20.0,68.0,28.0,55.0,46.0
GOOGL,2025-03-18,52.8,68.0,20.0,80.0,28.0,55.0,54.0
GOOGL,2025-03-19,50.0,68.0,20.0,68.0,28.0,55.0,46.0
GOOGL,2025-03-20,62.0,68.0,80.0,68.0,28.0,55.0,46.0
GOOGL,2025-03-21,63.9,68.0,80.0,68.0,38.0,55.0,54.0
GOOGL,2025-03-24,55.5,52.0,80.0,52.0,38.0,55.0,46.0
GOOGL,2025-03-25,53.5,52.0,80.0,38.0,47.0,55.0,35.0
GOOGL,2025-03-26,55.5,52.0,80.0,52.0,38.0,55.0,46.0
GOOGL,2025-03-27,63.5,68.0,80.0,68.0,38.0,55.0,46.0
GOOGL,2025-03-28,68.3,68.0,80.0,90.0,38.0,55.0,54.0
GOOGL,2025-03-31,56.7,68.0,20.0,90.0,38.0,55.0,62.0
GOOGL,2025-04-01,51.5,68.0,20.0,68.0,38.0,55.0,46.0
GOOGL,2025-04-02,51.5,68.0,20.0,68.0,38.0,55.0,46.0
GOOGL,2025-04-03,54.8,68.0,20.0,90.0,28.0,55.0,54.0
GOOGL,2025-04-04,59.4,82.0,20.0,90.0,28.0,55.0,62.0
GOOGL,2025-04-07,57.8,82.0,20.0,80.0,28.0,55.0,70.0
GOOGL,2025-04-08,57.0,82.0,20.0,80.0,28.0,55.0,54.0
GOOGL,2025-04-09,43.3,52.0,20.0,52.0,38.0,45.0,62.0
GOOGL,2025-04-10,54.9,52.0,80.0,52.0,38.0,45.0,54.0
GOOGL,2025-04-11,54.5,52.0,80.0,52.0,38.0,45.0,46.0
GOOGL,2025-04-14,54.5,52.0,80.0,52.0,38.0,45.0,46.0
GOOGL,2025-04-15,55.3,52.0,80.0,52.0,47.0,45.0,35.0
GOOGL,2025-04-16,54.0,52.0,80.0,52.0,38.0,45.0,35.0
GOOGL,2025-04-17,54.5,52.0,80.0,52.0,38.0,45.0,46.0
GOOGL,2025-04-21,62.0,68.0,80.0,68.0,38.0,45.0,35.0
GOOGL,2025-04-22,54.0,52.0,80.0,52.0,38.0,45.0,35.0
GOOGL,2025-04-23,54.5,52.0,80.0,52.0,38.0,45.0,46.0
GOOGL,2025-04-24,52.1,52.0,80.0,38.0,38.0,45.0,54.0
GOOGL,2025-04-25,50.9,52.0,80.0,25.0,47.0,45.0,54.0
GOOGL,2025-04-28,55.0,52.0,80.0,38.0,60.0,45.0,46.0
GOOGL,2025-04-29,54.5,52.0,80.0,38.0,60.0,45.0,35.0
GOOGL,2025-04-30,54.0,52.0,80.0,38.0,53.0,45.0,46.0
GOOGL,2025-05-01,54.0,52.0,80.0,38.0,53.0,45.0,46.0
GOOGL,2025-05-02,48.9,42.0,80.0,25.0,60.0,45.0,35.0
GOOGL,2025-05-05,50.6,42.0,80.0,25.0,72.0,45.0,35.0
GOOGL,2025-05-06,53.2,42.0,80.0,38.0,72.0,45.0,35.0
GOOGL,2025-05-07,62.7,52.0,80.0,68.0,60.0,45.0,80.0
GOOGL,2025-05-08,56.6,52.0,80.0,52.0,47.0,45.0,62.0
GOOGL,2025-05-09,48.0,52.0,20.0,68.0,47.0,55.0,46.0
GOOGL,2025-05-12,58.2,52.0,80.0,52.0,53.0,55.0,54.0
GOOGL,2025-05-13,58.2,52.0,80.0,52.0,53.0,55.0,54.0
GOOGL,2025-05-14,49.8,42.0,80.0,25.0,60.0,45.0,54.0
GOOGL,2025-05-15,53.0,42.0,80.0,38.0,60.0,55.0,46.0
GOOGL,2025-05-16,53.4,42.0,80.0,38.0,60.0,55.0,54.0
GOOGL,2025-05-19,54.8,42.0,80.0,38.0,72.0,55.0,46.0
GOOGL,2025-05-20,59.2,52.0,80.0,52.0,60.0,55.0,54.0
GOOGL,2025-05-21,51.2,42.0,80.0,25.0,60.0,55.0,62.0
GOOGL,2025-05-22,51.2,42.0,80.0,25.0,60.0,55.0,62.0
GOOGL,2025-05-23,53.0,42.0,80.0,38.0,60.0,55.0,46.0
GOOGL,2025-05-27,50.4,42.0,80.0,25.0,60.0,55.0,46.0
GOOGL,2025-05-28,50.4,42.0,80.0,25.0,60.0,55.0,46.0
GOOGL,2025-05-29,52.5,42.0,80.0,38.0,60.0,55.0,35.0
GOOGL,2025-05-30,53.4,42.0,80.0,38.0,60.0,55.0,54.0
GOOGL,2025-06-02,55.8,42.0,80.0,52.0,60.0,55.0,46.0
GOOGL,2025-06-03,57.8,52.0,80.0,52.0,53.0,55.0,46.0
GOOGL,2025-06-04,45.2,52.0,20.0,52.0,53.0,55.0,35.0
GOOGL,2025-06-05,48.6,52.0,20.0,52.0,72.0,55.0,46.0
GOOGL,2025-06-06,54.8,42.0,80.0,38.0,72.0,55.0,46.0
GOOGL,2025-06-09,51.6,42.0,80.0,25.0,72.0,55.0,35.0
GOOGL,2025-06-10,56.6,32.0,80.0,60.0,72.0,55.0,54.0
GOOGL,2025-06-11,52.2,42.0,80.0,25.0,72.0,55.0,46.0
GOOGL,2025-06-12,53.5,42.0,80.0,38.0,60.0,65.0,35.0
GOOGL,2025-06-13,53.5,42.0,80.0,38.0,60.0,65.0,35.0
GOOGL,2025-06-16,53.5,42.0,80.0,38.0,60.0,65.0,35.0
GOOGL,2025-06-17,53.5,42.0,80.0,38.0,60.0,65.0,35.0
GOOGL,2025-06-18,44.8,42.0,20.0,52.0,60.0,65.0,46.0
GOOGL,2025-06-20,51.2,52.0,20.0,80.0,47.0,55.0,62.0
GOOGL,2025-06-23,49.9,52.0,20.0,80.0,38.0,55.0,62.0
GOOGL,2025-06-24,48.5,52.0,20.0,68.0,47.0,55.0,54.0
GOOGL,2025-06-25,44.8,52.0,20.0,52.0,47.0,55.0,46.0
GOOGL,2025-06-26,42.8,42.0,20.0,52.0,53.0,55.0,46.0
GOOGL,2025-06-27,42.2,42.0,20.0,38.0,60.0,55.0,70.0
GOOGL,2025-06-30,40.4,42.0,20.0,38.0,53.0,55.0,54.0
GOOGL,2025-07-01,55.8,42.0,80.0,52.0,60.0,55.0,46.0
GOOGL,2025-07-02,53.0,42.0,80.0,38.0,60.0,55.0,46.0
GOOGL,2025-07-03,52.5,42.0,80.0,38.0,60.0,55.0,35.0
GOOGL,2025-07-07,55.8,42.0,80.0,52.0,60.0,55.0,46.0
GOOGL,2025-07-08,57.8,52.0,80.0,52.0,53.0,55.0,46.0
GOOGL,2025-07-09,43.2,42.0,20.0,52.0,53.0,55.0,54.0
GOOGL,2025-07-10,41.8,42.0,20.0,52.0,47.0,55.0,46.0
GOOGL,2025-07-11,52.0,42.0,80.0,38.0,53.0,55.0,46.0
GOOGL,2025-07-14,50.4,42.0,80.0,25.0,60.0,55.0,46.0
GOOGL,2025-07-15,53.0,42.0,80.0,38.0,60.0,55.0,46.0
GOOGL,2025-07-16,50.4,42.0,80.0,25.0,60.0,55.0,46.0
GOOGL,2025-07-17,53.0,42.0,80.0,38.0,60.0,55.0,46.0
GOOGL,2025-07-18,48.4,32.0,80.0,25.0,60.0,65.0,46.0
GOOGL,2025-07-21,53.4,18.0,80.0,60.0,72.0,65.0,54.0
GOOGL,2025-07-22,53.4,18.0,80.0,60.0,72.0,65.0,54.0
GOOGL,2025-07-23,46.4,18.0,80.0,25.0,72.0,65.0,54.0
GOOGL,2025-07-24,46.8,18.0,80.0,25.0,72.0,65.0,62.0
GOOGL,2025-07-25,46.0,18.0,80.0,25.0,72.0,65.0,46.0
GOOGL,2025-07-28,44.2,18.0,80.0,25.0,60.0,65.0,46.0
GOOGL,2025-07-29,46.4,18.0,80.0,25.0,72.0,65.0,54.0
GOOGL,2025-07-30,46.0,18.0,80.0,25.0,72.0,65.0,46.0
GOOGL,2025-07-31,54.4,42.0,80.0,38.0,60.0,65.0,54.0
GOOGL,2025-08-01,56.8,42.0,80.0,52.0,60.0,65.0,46.0
GOOGL,2025-08-04,52.8,32.0,80.0,38.0,72.0,65.0,46.0
GOOGL,2025-08-05,43.8,42.0,20.0,38.0,72.0,65.0,46.0
GOOGL,2025-08-06,40.2,32.0,20.0,38.0,72.0,65.0,35.0
GOOGL,2025-08-07,40.2,32.0,20.0,38.0,72.0,65.0,35.0
GOOGL,2025-08-08,46.4,18.0,80.0,25.0,72.0,65.0,54.0
GOOGL,2025-08-11,45.4,18.0,80.0,25.0,72.0,65.0,35.0
GOOGL,2025-08-12,46.0,18.0,80.0,25.0,72.0,65.0,46.0
GOOGL,2025-08-13,50.2,32.0,80.0,25.0,72.0,65.0,46.0
GOOGL,2025-08-14,45.4,18.0,80.0,25.0,72.0,65.0,35.0
GOOGL,2025-08-15,46.0,18.0,80.0,25.0,72.0,65.0,46.0
GOOGL,2025-08-18,46.2,18.0,80.0,38.0,60.0,65.0,35.0
GOOGL,2025-08-19,38.5,32.0,20.0,38.0,60.0,65.0,35.0
GOOGL,2025-08-20,44.8,42.0,20.0,52.0,60.0,65.0,46.0
GOOGL,2025-08-21,44.2,42.0,20.0,52.0,60.0,65.0,35.0
GOOGL,2025-08-22,36.8,32.0,20.0,25.0,60.0,65.0,54.0
GOOGL,2025-08-25,32.2,18.0,20.0,25.0,60.0,65.0,46.0
GOOGL,2025-08-26,39.0,32.0,20.0,38.0,60.0,65.0,46.0
GOOGL,2025-08-27,39.0,32.0,20.0,38.0,60.0,65.0,46.0
GOOGL,2025-08-28,46.4,18.0,80.0,25.0,72.0,65.0,54.0
GOOGL,2025-08-29,46.4,18.0,80.0,25.0,72.0,65.0,54.0
GOOGL,2025-09-02,45.0,18.0,80.0,25.0,60.0,65.0,62.0
GOOGL,2025-09-03,53.7,18.0,80.0,60.0,72.0,55.0,80.0
GOOGL,2025-09-04,52.4,18.0,80.0,60.0,72.0,55.0,54.0
GOOGL,2025-09-05,52.4,18.0,80.0,60.0,72.0,55.0,54.0
GOOGL,2025-09-08,45.0,18.0,80.0,25.0,72.0,55.0,46.0
GOOGL,2025-09-09,52.4,18.0,80.0,60.0,72.0,55.0,54.0
GOOGL,2025-09-10,45.0,18.0,80.0,25.0,72.0,55.0,46.0
GOOGL,2025-09-11,45.0,18.0,80.0,25.0,72.0,55.0,46.0
GOOGL,2025-09-12,45.0,18.0,80.0,25.0,72.0,55.0,46.0
GOOGL,2025-09-15,47.8,18.0,80.0,25.0,85.0,55.0,62.0
GOOGL,2025-09-16,46.9,18.0,80.0,25.0,85.0,55.0,46.0
GOOGL,2025-09-17,49.5,18.0,80.0,38.0,85.0,55.0,46.0
GOOGL,2025-09-18,49.5,18.0,80.0,38.0,85.0,55.0,46.0
GOOGL,2025-09-19,50.0,18.0,80.0,38.0,85.0,55.0,54.0
GOOGL,2025-09-22,49.5,18.0,80.0,38.0,85.0,55.0,46.0
GOOGL,2025-09-23,49.0,18.0,80.0,38.0,85.0,55.0,35.0
GOOGL,2025-09-24,37.8,18.0,20.0,52.0,72.0,55.0,35.0
GOOGL,2025-09-25,42.6,32.0,20.0,52.0,72.0,55.0,46.0
GOOGL,2025-09-26,42.0,32.0,20.0,52.0,72.0,55.0,35.0
GOOGL,2025-09-29,45.6,42.0,20.0,52.0,72.0,55.0,46.0
GOOGL,2025-09-30,45.6,42.0,20.0,52.0,72.0,55.0,46.0
GOOGL,2025-10-01,44.8,42.0,20.0,52.0,60.0,65.0,46.0
GOOGL,2025-10-02,44.8,42.0,20.0,52.0,60.0,65.0,46.0
GOOGL,2025-10-03,44.8,42.0,20.0,52.0,60.0,65.0,46.0
GOOGL,2025-10-06,41.8,32.0,20.0,52.0,60.0,65.0,46.0
GOOGL,2025-10-07,43.8,42.0,20.0,52.0,53.0,65.0,46.0
GOOGL,2025-10-08,43.2,42.0,20.0,52.0,53.0,65.0,35.0
GOOGL,2025-10-09,52.3,52.0,20.0,80.0,53.0,65.0,46.0
GOOGL,2025-10-10,53.9,52.0,20.0,90.0,47.0,65.0,54.0
GOOGL,2025-10-13,42.8,42.0,20.0,52.0,47.0,65.0,46.0
GOOGL,2025-10-14,42.8,42.0,20.0,52.0,47.0,65.0,46.0
GOOGL,2025-10-15,41.0,42.0,20.0,38.0,53.0,65.0,46.0
GOOGL,2025-10-16,40.0,42.0,20.0,38.0,47.0,65.0,46.0
GOOGL,2025-10-17,37.9,42.0,20.0,25.0,47.0,65.0,54.0
GOOGL,2025-10-20,42.3,32.0,20.0,60.0,53.0,65.0,46.0
GOOGL,2025-10-21,40.9,42.0,20.0,38.0,47.0,65.0,62.0
GOOGL,2025-10-22,41.4,42.0,20.0,38.0,53.0,65.0,54.0
GOOGL,2025-10-23,41.0,42.0,20.0,38.0,53.0,65.0,46.0
GOOGL,2025-10-24,55.4,32.0,80.0,60.0,60.0,65.0,46.0
GOOGL,2025-10-27,52.4,18.0,80.0,60.0,72.0,55.0,54.0
GOOGL,2025-10-28,52.4,18.0,80.0,60.0,72.0,55.0,54.0
GOOGL,2025-10-29,52.4,18.0,80.0,60.0,72.0,55.0,54.0
GOOGL,2025-10-30,53.2,18.0,80.0,60.0,72.0,55.0,70.0
GOOGL,2025-10-31,45.4,18.0,80.0,25.0,72.0,55.0,54.0
GOOGL,2025-11-03,45.0,18.0,80.0,25.0,72.0,55.0,46.0
GOOGL,2025-11-04,51.8,32.0,80.0,38.0,72.0,55.0,46.0
GOOGL,2025-11-05,45.0,18.0,80.0,25.0,72.0,55.0,46.0
GOOGL,2025-11-06,45.4,18.0,80.0,25.0,72.0,55.0,54.0
GOOGL,2025-11-07,52.2,32.0,80.0,38.0,72.0,55.0,54.0
GOOGL,2025-11-10,45.0,18.0,80.0,25.0,72.0,55.0,46.0
GOOGL,2025-11-11,44.4,18.0,80.0,25.0,72.0,55.0,35.0
GOOGL,2025-11-12,51.8,32.0,80.0,38.0,72.0,55.0,46.0
GOOGL,2025-11-13,45.6,42.0,20.0,52.0,72.0,55.0,46.0
GOOGL,2025-11-14,43.8,42.0,20.0,52.0,60.0,55.0,46.0
GOOGL,2025-11-17,46.0,42.0,20.0,52.0,72.0,55.0,54.0
GOOGL,2025-11-18,46.0,42.0,20.0,52.0,72.0,55.0,54.0
GOOGL,2025-11-19,40.6,32.0,20.0,38.0,72.0,55.0,62.0
GOOGL,2025-11-20,43.6,42.0,20.0,38.0,72.0,55.0,62.0
GOOGL,2025-11-21,57.0,32.0,80.0,60.0,72.0,55.0,62.0
GOOGL,2025-11-24,52.8,18.0,80.0,60.0,72.0,55.0,62.0
GOOGL,2025-11-25,54.8,18.0,80.0,60.0,85.0,55.0,62.0
GOOGL,2025-11-26,52.4,18.0,80.0,60.0,72.0,55.0,54.0
GOOGL,2025-11-28,44.4,18.0,80.0,25.0,72.0,55.0,35.0
GOOGL,2025-12-01,51.8,32.0,80.0,38.0,72.0,55.0,46.0
GOOGL,2025-12-02,51.8,32.0,80.0,38.0,72.0,55.0,46.0
GOOGL,2025-12-03,47.6,18.0,80.0,38.0,72.0,55.0,46.0
GOOGL,2025-12-04,51.2,32.0,80.0,38.0,72.0,55.0,35.0
GOOGL,2025-12-05,47.0,18.0,80.0,38.0,72.0,55.0,35.0
GOOGL,2025-12-08,45.6,42.0,20.0,52.0,72.0,55.0,46.0
GOOGL,2025-12-09,43.2,42.0,20.0,52.0,60.0,55.0,35.0
GOOGL,2025-12-10,38.0,32.0,20.0,38.0,60.0,55.0,46.0
GOOGL,2025-12-11,43.8,42.0,20.0,52.0,60.0,55.0,46.0
GOOGL,2025-12-12,45.6,42.0,20.0,52.0,72.0,55.0,46.0
GOOGL,2025-12-15,48.0,52.0,20.0,52.0,72.0,55.0,35.0
GOOGL,2025-12-16,46.2,52.0,20.0,52.0,60.0,55.0,35.0
GOOGL,2025-12-17,52.4,52.0,20.0,80.0,60.0,55.0,46.0
GOOGL,2025-12-18,50.0,52.0,20.0,68.0,60.0,55.0,46.0
GOOGL,2025-12-19,47.2,52.0,20.0,52.0,60.0,55.0,54.0
GOOGL,2025-12-22,43.2,42.0,20.0,52.0,60.0,55.0,35.0
GOOGL,2025-12-23,42.3,42.0,20.0,52.0,47.0,65.0,35.0
GOOGL,2025-12-24,42.3,42.0,20.0,52.0,47.0,65.0,35.0
GOOGL,2025-12-26,42.3,42.0,20.0,52.0,47.0,65.0,35.0
GOOGL,2025-12-29,42.3,42.0,20.0,52.0,47.0,65.0,35.0
GOOGL,2025-12-30,42.3,42.0,20.0,52.0,47.0,65.0,35.0
GOOGL,2025-12-31,42.3,42.0,20.0,52.0,47.0,65.0,35.0
GOOGL,2026-01-02,43.2,42.0,20.0,52.0,47.0,65.0,54.0
GOOGL,2026-01-05,43.2,42.0,20.0,52.0,47.0,65.0,54.0
GOOGL,2026-01-06,43.2,42.0,20.0,52.0,47.0,65.0,54.0
GOOGL,2026-01-07,38.8,42.0,20.0,25.0,53.0,65.0,54.0
GOOGL,2026-01-08,54.8,32.0,80.0,60.0,53.0,65.0,54.0
GOOGL,2026-01-09,54.3,32.0,80.0,60.0,53.0,65.0,46.0
GOOGL,2026-01-12,51.6,18.0,80.0,60.0,60.0,65.0,54.0
GOOGL,2026-01-13,51.6,18.0,80.0,60.0,60.0,65.0,54.0
GOOGL,2026-01-14,44.2,18.0,80.0,25.0,60.0,65.0,46.0
GOOGL,2026-01-15,51.0,32.0,80.0,38.0,60.0,65.0,46.0
GOOGL,2026-01-16,57.2,42.0,80.0,38.0,72.0,75.0,54.0
GOOGL,2026-01-20,60.2,52.0,80.0,52.0,60.0,65.0,54.0
GOOGL,2026-01-21,45.2,42.0,20.0,52.0,60.0,65.0,54.0
GOOGL,2026-01-22,42.0,42.0,20.0,38.0,60.0,65.0,46.0
GOOGL,2026-01-23,44.8,42.0,20.0,52.0,60.0,65.0,46.0
GOOGL,2026-01-26,42.0,42.0,20.0,38.0,60.0,65.0,46.0
GOOGL,2026-01-27,42.0,42.0,20.0,38.0,60.0,65.0,46.0
GOOGL,2026-01-28,42.0,42.0,20.0,38.0,60.0,65.0,46.0
GOOGL,2026-01-29,51.4,32.0,80.0,38.0,60.0,65.0,54.0
GOOGL,2026-01-30,51.0,32.0,80.0,38.0,60.0,65.0,46.0
GOOGL,2026-02-02,44.6,18.0,80.0,25.0,60.0,65.0,54.0
GOOGL,2026-02-03,54.4,42.0,80.0,38.0,60.0,65.0,54.0
GOOGL,2026-02-04,46.0,42.0,20.0,52.0,60.0,65.0,70.0
GOOGL,2026-02-05,48.0,52.0,20.0,52.0,53.0,65.0,70.0
GOOGL,2026-02-06,52.2,52.0,20.0,80.0,47.0,65.0,62.0
GOOGL,2026-02-09,51.9,52.0,20.0,80.0,47.0,65.0,54.0
GOOGL,2026-02-10,52.5,52.0,20.0,90.0,38.0,65.0,54.0
GOOGL,2026-02-11,57.3,68.0,20.0,90.0,38.0,65.0,54.0
GOOGL,2026-02-12,57.3,68.0,20.0,90.0,38.0,65.0,54.0
GOOGL,2026-02-13,56.9,68.0,20.0,90.0,38.0,65.0,46.0
GOOGL,2026-02-17,56.9,68.0,20.0,90.0,38.0,65.0,46.0
GOOGL,2026-02-18,54.9,68.0,20.0,80.0,38.0,65.0,46.0
GOOGL,2026-02-19,54.4,68.0,20.0,80.0,38.0,65.0,35.0
GOOGL,2026-02-20,44.9,52.0,20.0,52.0,38.0,65.0,54.0
GOOGL,2026-02-23,44.5,52.0,20.0,52.0,38.0,65.0,46.0
GOOGL,2026-02-24,44.0,52.0,20.0,52.0,38.0,65.0,35.0
GOOGL,2026-02-25,44.5,52.0,20.0,52.0,38.0,65.0,46.0
GOOGL,2026-02-26,47.7,52.0,20.0,68.0,38.0,65.0,46.0
GOOGL,2026-02-27,44.9,52.0,20.0,52.0,38.0,65.0,54.0
GOOGL,2026-03-02,43.5,52.0,20.0,52.0,38.0,55.0,46.0
GOOGL,2026-03-03,51.0,68.0,20.0,68.0,28.0,65.0,46.0
GOOGL,2026-03-04,51.0,68.0,20.0,68.0,28.0,65.0,46.0
GOOGL,2026-03-05,52.5,68.0,20.0,68.0,38.0,65.0,46.0
GOOGL,2026-03-06,54.4,68.0,20.0,80.0,38.0,65.0,35.0
GOOGL,2026-03-09,44.5,52.0,20.0,52.0,38.0,65.0,46.0
GOOGL,2026-03-10,56.0,52.0,80.0,52.0,38.0,65.0,35.0
GOOGL,2026-03-11,56.5,52.0,80.0,52.0,38.0,65.0,46.0
GOOGL,2026-03-12,57.8,52.0,80.0,52.0,47.0,65.0,46.0
GOOGL,2026-03-13,61.0,52.0,80.0,68.0,47.0,65.0,46.0
GOOGL,2026-03-16,58.8,52.0,80.0,52.0,53.0,65.0,46.0
GOOGL,2026-03-17,57.0,52.0,80.0,38.0,60.0,65.0,46.0
GOOGL,2026-03-18,58.2,52.0,80.0,52.0,53.0,65.0,35.0
GOOGL,2026-03-19,58.8,52.0,80.0,52.0,53.0,65.0,46.0
GOOGL,2026-03-20,60.5,52.0,80.0,68.0,38.0,65.0,62.0
GOOGL,2026-03-23,61.0,52.0,80.0,68.0,47.0,65.0,46.0
GOOGL,2026-03-24,57.3,68.0,20.0,90.0,38.0,65.0,54.0
GOOGL,2026-03-25,56.9,68.0,20.0,90.0,38.0,65.0,46.0
GOOGL,2026-03-26,60.5,82.0,20.0,90.0,38.0,55.0,54.0
GOOGL,2026-03-27,59.0,82.0,20.0,90.0,28.0,55.0,54.0
GOOGL,2026-03-30,59.0,82.0,20.0,90.0,28.0,55.0,54.0
GOOGL,2026-03-31,47.1,52.0,20.0,68.0,38.0,55.0,54.0
GOOGL,2026-04-01,45.2,52.0,20.0,52.0,47.0,55.0,54.0
GOOGL,2026-04-02,56.8,52.0,80.0,52.0,47.0,55.0,46.0
GOOGL,2026-04-06,57.2,52.0,80.0,52.0,53.0,55.0,35.0
GOOGL,2026-04-07,56.8,52.0,80.0,52.0,47.0,55.0,46.0
GOOGL,2026-04-08,50.8,42.0,80.0,25.0,60.0,55.0,54.0
GOOGL,2026-04-09,50.4,42.0,80.0,25.0,60.0,55.0,46.0
GOOGL,2026-04-10,52.5,42.0,80.0,38.0,60.0,55.0,35.0
GOOGL,2026-04-13,49.9,42.0,80.0,25.0,60.0,55.0,35.0
GOOGL,2026-04-14,47.4,32.0,80.0,25.0,60.0,55.0,46.0
GOOGL,2026-04-15,43.2,18.0,80.0,25.0,60.0,55.0,46.0
GOOGL,2026-04-16,42.6,18.0,80.0,25.0,60.0,55.0,35.0
GOOGL,2026-04-17,45.0,18.0,80.0,25.0,72.0,55.0,46.0
GOOGL,2026-04-20,51.2,32.0,80.0,38.0,72.0,55.0,35.0
GOOGL,2026-04-21,54.8,42.0,80.0,38.0,72.0,55.0,46.0
GOOGL,2026-04-22,51.8,32.0,80.0,38.0,72.0,55.0,46.0
GOOGL,2026-04-23,51.8,32.0,80.0,38.0,72.0,55.0,46.0
GOOGL,2026-04-24,54.2,32.0,80.0,38.0,85.0,55.0,54.0
GOOGL,2026-04-27,50.0,18.0,80.0,38.0,85.0,55.0,54.0
GOOGL,2026-04-28,50.0,18.0,80.0,38.0,85.0,55.0,54.0
GOOGL,2026-04-29,51.0,18.0,80.0,38.0,85.0,65.0,54.0
GOOGL,2026-04-30,55.1,18.0,80.0,60.0,85.0,55.0,70.0
GOOGL,2026-05-01,54.4,18.0,80.0,60.0,85.0,55.0,54.0
GOOGL,2026-05-04,46.9,18.0,80.0,25.0,85.0,55.0,46.0
GOOGL,2026-05-05,46.9,18.0,80.0,25.0,85.0,55.0,46.0
GOOGL,2026-05-06,47.4,18.0,80.0,25.0,85.0,55.0,54.0
GOOGL,2026-05-07,46.9,18.0,80.0,25.0,85.0,55.0,46.0
GOOGL,2026-05-08,46.9,18.0,80.0,25.0,85.0,55.0,46.0
GOOGL,2026-05-11,49.0,18.0,80.0,38.0,85.0,45.0,54.0
GOOGL,2026-05-12,46.6,18.0,80.0,38.0,72.0,45.0,46.0
GOOGL,2026-05-13,47.0,18.0,80.0,38.0,72.0,45.0,54.0
GOOGL,2026-05-14,46.6,18.0,80.0,38.0,72.0,45.0,46.0
GOOGL,2026-05-15,46.6,18.0,80.0,38.0,72.0,45.0,46.0
GOOGL,2026-05-18,34.6,18.0,20.0,38.0,72.0,45.0,46.0
GOOGL,2026-05-19,45.0,42.0,20.0,52.0,72.0,45.0,54.0
GOOGL,2026-05-20,45.0,42.0,20.0,52.0,72.0,45.0,54.0
GOOGL,2026-05-21,44.6,42.0,20.0,52.0,72.0,45.0,46.0
GOOGL,2026-05-22,44.0,42.0,20.0,52.0,72.0,45.0,35.0
GOOGL,2026-05-26,44.6,42.0,20.0,52.0,72.0,45.0,46.0
GOOGL,2026-05-27,44.6,42.0,20.0,52.0,72.0,45.0,46.0
GOOGL,2026-05-28,44.6,42.0,20.0,52.0,72.0,45.0,46.0
GOOGL,2026-05-29,51.2,52.0,20.0,80.0,47.0,55.0,62.0
GOOGL,2026-06-01,50.9,52.0,20.0,80.0,47.0,55.0,54.0
GOOGL,2026-06-02,51.9,52.0,20.0,90.0,38.0,55.0,62.0
GOOGL,2026-06-03,56.7,68.0,20.0,90.0,38.0,55.0,62.0
GOOGL,2026-06-04,47.1,52.0,20.0,68.0,38.0,55.0,54.0
GOOGL,2026-06-05,47.1,52.0,20.0,68.0,38.0,55.0,54.0
GOOGL,2026-06-08,49.1,52.0,20.0,80.0,38.0,55.0,46.0
GOOGL,2026-06-09,46.7,52.0,20.0,68.0,38.0,55.0,46.0
GOOGL,2026-06-10,54.3,68.0,20.0,80.0,38.0,55.0,54.0
GOOGL,2026-06-11,48.0,52.0,20.0,80.0,28.0,55.0,54.0
GOOGL,2026-06-12,45.2,52.0,20.0,68.0,28.0,55.0,46.0
GOOGL,2026-06-15,43.5,52.0,20.0,52.0,38.0,55.0,46.0
GOOGL,2026-06-16,43.5,52.0,20.0,52.0,38.0,55.0,46.0
GOOGL,2026-06-17,43.5,52.0,20.0,52.0,38.0,55.0,46.0
GOOGL,2026-06-18,43.9,52.0,20.0,52.0,38.0,55.0,54.0
INTC,2024-06-20,44.0,50.0,20.0,50.0,50.0,50.0,50.0
INTC,2024-06-21,56.0,50.0,80.0,50.0,50.0,50.0,50.0
INTC,2024-06-24,56.0,50.0,80.0,50.0,50.0,50.0,50.0
INTC,2024-06-25,56.0,50.0,80.0,50.0,50.0,50.0,50.0
INTC,2024-06-26,56.0,50.0,80.0,50.0,50.0,50.0,50.0
INTC,2024-06-27,44.0,50.0,20.0,50.0,50.0,50.0,50.0
INTC,2024-06-28,56.0,50.0,80.0,50.0,50.0,50.0,50.0
INTC,2024-07-01,56.0,50.0,80.0,50.0,50.0,50.0,50.0
INTC,2024-07-02,56.0,50.0,80.0,50.0,50.0,50.0,50.0
INTC,2024-07-03,56.0,50.0,80.0,50.0,50.0,50.0,50.0
INTC,2024-07-05,56.0,50.0,80.0,50.0,50.0,50.0,50.0
INTC,2024-07-08,56.0,50.0,80.0,50.0,50.0,50.0,50.0
INTC,2024-07-09,56.0,50.0,80.0,50.0,50.0,50.0,50.0
INTC,2024-07-10,56.0,50.0,80.0,50.0,50.0,50.0,50.0
INTC,2024-07-11,50.6,32.0,80.0,50.0,50.0,50.0,50.0
INTC,2024-07-12,46.4,18.0,80.0,50.0,50.0,50.0,50.0
INTC,2024-07-15,46.4,18.0,80.0,50.0,50.0,50.0,50.0
INTC,2024-07-16,46.4,18.0,80.0,50.0,50.0,50.0,50.0
INTC,2024-07-17,46.4,18.0,80.0,50.0,50.0,50.0,50.0
INTC,2024-07-18,44.6,18.0,80.0,38.0,50.0,50.0,62.0
INTC,2024-07-19,59.2,52.0,80.0,52.0,60.0,55.0,54.0
INTC,2024-07-22,43.8,42.0,20.0,52.0,60.0,55.0,46.0
INTC,2024-07-23,46.2,52.0,20.0,52.0,60.0,55.0,35.0
INTC,2024-07-24,46.2,52.0,20.0,52.0,60.0,45.0,54.0
INTC,2024-07-25,52.8,68.0,20.0,68.0,53.0,45.0,46.0
INTC,2024-07-26,48.0,52.0,20.0,68.0,53.0,45.0,46.0
INTC,2024-07-29,51.3,68.0,20.0,68.0,47.0,45.0,35.0
INTC,2024-07-30,54.2,68.0,20.0,80.0,47.0,45.0,46.0
INTC,2024-07-31,47.5,52.0,20.0,68.0,47.0,45.0,54.0
INTC,2024-08-01,55.7,68.0,20.0,90.0,38.0,45.0,62.0
INTC,2024-08-02,58.6,92.0,20.0,90.0,15.0,28.0,80.0
INTC,2024-08-05,57.7,92.0,20.0,90.0,15.0,28.0,62.0
INTC,2024-08-06,57.3,92.0,20.0,90.0,15.0,28.0,54.0
INTC,2024-08-07,57.3,92.0,20.0,90.0,15.0,28.0,54.0
INTC,2024-08-08,52.3,82.0,20.0,80.0,15.0,28.0,54.0
INTC,2024-08-09,51.9,82.0,20.0,80.0,15.0,28.0,46.0
INTC,2024-08-12,49.0,82.0,20.0,68.0,15.0,28.0,35.0
INTC,2024-08-13,49.5,82.0,20.0,68.0,15.0,28.0,46.0
INTC,2024-08-14,49.0,82.0,20.0,68.0,15.0,28.0,35.0
INTC,2024-08-15,45.8,68.0,20.0,68.0,15.0,28.0,54.0
INTC,2024-08-16,41.6,68.0,20.0,52.0,15.0,28.0,35.0
INTC,2024-08-19,42.1,68.0,20.0,52.0,15.0,28.0,46.0
INTC,2024-08-20,54.1,68.0,80.0,52.0,15.0,28.0,46.0
INTC,2024-08-21,53.6,68.0,80.0,52.0,15.0,28.0,35.0
INTC,2024-08-22,54.1,68.0,80.0,52.0,15.0,28.0,46.0
INTC,2024-08-23,54.1,68.0,80.0,52.0,15.0,28.0,46.0
INTC,2024-08-26,53.6,68.0,80.0,52.0,15.0,28.0,35.0
INTC,2024-08-27,53.6,68.0,80.0,52.0,15.0,28.0,35.0
INTC,2024-08-28,53.6,68.0,80.0,52.0,15.0,28.0,35.0
INTC,2024-08-29,54.1,68.0,80.0,52.0,15.0,28.0,46.0
INTC,2024-08-30,59.9,52.0,80.0,60.0,60.0,38.0,70.0
INTC,2024-09-03,61.2,68.0,80.0,52.0,53.0,38.0,54.0
INTC,2024-09-04,63.5,68.0,80.0,68.0,47.0,38.0,54.0
INTC,2024-09-05,64.0,68.0,80.0,68.0,53.0,38.0,46.0
INTC,2024-09-06,64.6,68.0,80.0,80.0,38.0,38.0,54.0
INTC,2024-09-09,61.8,68.0,80.0,68.0,38.0,38.0,46.0
INTC,2024-09-10,65.5,68.0,80.0,80.0,47.0,38.0,46.0
INTC,2024-09-11,53.8,52.0,80.0,52.0,38.0,38.0,46.0
INTC,2024-09-12,62.6,68.0,80.0,68.0,47.0,38.0,35.0
INTC,2024-09-13,53.2,52.0,80.0,52.0,38.0,38.0,35.0
INTC,2024-09-16,54.1,52.0,80.0,38.0,53.0,38.0,62.0
INTC,2024-09-17,50.9,52.0,80.0,25.0,47.0,38.0,70.0
INTC,2024-09-18,55.5,52.0,80.0,52.0,47.0,38.0,54.0
INTC,2024-09-19,52.8,52.0,80.0,38.0,47.0,38.0,54.0
INTC,2024-09-20,52.9,52.0,80.0,25.0,60.0,38.0,70.0
INTC,2024-09-23,56.5,42.0,80.0,60.0,60.0,38.0,62.0
INTC,2024-09-24,50.9,42.0,80.0,25.0,72.0,38.0,54.0
INTC,2024-09-25,57.9,42.0,80.0,60.0,72.0,38.0,54.0
INTC,2024-09-26,52.4,42.0,80.0,25.0,85.0,38.0,46.0
INTC,2024-09-27,50.5,42.0,80.0,25.0,72.0,38.0,46.0
INTC,2024-09-30,51.5,42.0,80.0,38.0,60.0,45.0,35.0
INTC,2024-10-01,56.8,52.0,80.0,38.0,72.0,45.0,46.0
INTC,2024-10-02,59.0,52.0,80.0,52.0,72.0,45.0,35.0
INTC,2024-10-03,59.0,52.0,80.0,52.0,72.0,45.0,35.0
INTC,2024-10-04,60.0,52.0,80.0,52.0,72.0,55.0,35.0
INTC,2024-10-07,60.0,52.0,80.0,52.0,72.0,55.0,35.0
INTC,2024-10-08,55.2,42.0,80.0,38.0,85.0,45.0,35.0
INTC,2024-10-09,53.2,42.0,80.0,38.0,72.0,45.0,35.0
INTC,2024-10-10,57.0,42.0,80.0,52.0,72.0,55.0,35.0
INTC,2024-10-11,54.2,42.0,80.0,38.0,72.0,55.0,35.0
INTC,2024-10-14,57.0,42.0,80.0,52.0,72.0,55.0,35.0
INTC,2024-10-15,58.8,52.0,80.0,52.0,60.0,55.0,46.0
INTC,2024-10-16,46.8,52.0,20.0,52.0,60.0,55.0,46.0
INTC,2024-10-17,49.5,52.0,20.0,68.0,60.0,55.0,35.0
INTC,2024-10-18,46.2,52.0,20.0,52.0,60.0,55.0,35.0
INTC,2024-10-21,45.2,52.0,20.0,52.0,53.0,55.0,35.0
INTC,2024-10-22,48.0,52.0,20.0,68.0,47.0,55.0,46.0
INTC,2024-10-23,49.1,52.0,20.0,80.0,38.0,55.0,46.0
INTC,2024-10-24,46.7,52.0,20.0,68.0,38.0,55.0,46.0
INTC,2024-10-25,43.9,52.0,20.0,52.0,38.0,55.0,54.0
INTC,2024-10-28,44.8,52.0,20.0,52.0,47.0,55.0,46.0
INTC,2024-10-29,46.6,52.0,20.0,52.0,53.0,55.0,62.0
INTC,2024-10-30,48.5,52.0,20.0,68.0,47.0,55.0,54.0
INTC,2024-10-31,52.3,52.0,20.0,90.0,38.0,55.0,70.0
INTC,2024-11-01,40.2,42.0,20.0,38.0,53.0,45.0,70.0
INTC,2024-11-04,45.2,52.0,20.0,52.0,53.0,45.0,54.0
INTC,2024-11-05,50.0,42.0,80.0,38.0,47.0,45.0,46.0
INTC,2024-11-06,57.2,42.0,80.0,60.0,60.0,45.0,62.0
INTC,2024-11-07,55.6,32.0,80.0,60.0,72.0,45.0,54.0
INTC,2024-11-08,55.6,32.0,80.0,60.0,72.0,45.0,54.0
INTC,2024-11-11,52.4,42.0,80.0,38.0,60.0,45.0,54.0
INTC,2024-11-12,57.8,52.0,80.0,52.0,60.0,45.0,46.0
INTC,2024-11-13,53.8,42.0,80.0,38.0,72.0,45.0,46.0
INTC,2024-11-14,53.2,42.0,80.0,38.0,72.0,45.0,35.0
INTC,2024-11-15,57.8,52.0,80.0,52.0,60.0,45.0,46.0
INTC,2024-11-18,52.0,42.0,80.0,38.0,60.0,45.0,46.0
INTC,2024-11-19,45.8,52.0,20.0,52.0,60.0,45.0,46.0
INTC,2024-11-20,45.2,52.0,20.0,52.0,60.0,45.0,35.0
INTC,2024-11-21,45.8,52.0,20.0,52.0,60.0,45.0,46.0
INTC,2024-11-22,45.2,52.0,20.0,52.0,60.0,45.0,35.0
INTC,2024-11-25,43.2,42.0,20.0,52.0,60.0,45.0,54.0
INTC,2024-11-26,45.8,52.0,20.0,52.0,60.0,45.0,46.0
INTC,2024-11-27,45.8,52.0,20.0,52.0,60.0,45.0,46.0
INTC,2024-11-29,47.0,52.0,20.0,52.0,72.0,45.0,35.0
INTC,2024-12-02,47.0,52.0,20.0,52.0,60.0,45.0,70.0
INTC,2024-12-03,52.2,52.0,20.0,90.0,47.0,45.0,62.0
INTC,2024-12-04,55.3,68.0,20.0,90.0,38.0,45.0,54.0
INTC,2024-12-05,54.6,68.0,20.0,90.0,28.0,45.0,70.0
INTC,2024-12-06,51.9,68.0,20.0,90.0,15.0,45.0,54.0
INTC,2024-12-09,49.4,68.0,20.0,80.0,15.0,45.0,46.0
INTC,2024-12-10,53.8,68.0,20.0,90.0,28.0,45.0,54.0
INTC,2024-12-11,52.4,68.0,20.0,80.0,28.0,55.0,46.0
INTC,2024-12-12,50.0,68.0,20.0,68.0,28.0,55.0,46.0
INTC,2024-12-13,49.5,68.0,20.0,68.0,28.0,55.0,35.0
INTC,2024-12-16,49.0,68.0,20.0,68.0,28.0,45.0,46.0
INTC,2024-12-17,49.5,68.0,20.0,68.0,28.0,55.0,35.0
INTC,2024-12-18,49.9,68.0,20.0,80.0,15.0,45.0,54.0
INTC,2024-12-19,49.4,68.0,20.0,80.0,15.0,45.0,46.0
INTC,2024-12-20,47.5,68.0,20.0,68.0,15.0,45.0,54.0
INTC,2024-12-23,40.5,52.0,20.0,52.0,28.0,45.0,35.0
INTC,2024-12-24,40.5,52.0,20.0,52.0,28.0,45.0,35.0
INTC,2024-12-26,52.5,52.0,80.0,52.0,28.0,45.0,35.0
INTC,2024-12-27,52.5,52.0,80.0,52.0,28.0,45.0,35.0
INTC,2024-12-30,57.8,68.0,80.0,52.0,28.0,45.0,46.0
INTC,2024-12-31,52.5,52.0,80.0,52.0,28.0,45.0,35.0
INTC,2025-01-02,52.5,52.0,80.0,52.0,28.0,45.0,35.0
INTC,2025-01-03,54.5,52.0,80.0,52.0,38.0,45.0,46.0
INTC,2025-01-06,55.9,52.0,80.0,52.0,38.0,55.0,54.0
INTC,2025-01-07,55.5,52.0,80.0,52.0,38.0,55.0,46.0
INTC,2025-01-08,55.5,52.0,80.0,52.0,38.0,55.0,46.0
INTC,2025-01-10,66.3,68.0,80.0,80.0,38.0,55.0,54.0
INTC,2025-01-13,65.9,68.0,80.0,80.0,38.0,55.0,46.0
INTC,2025-01-14,63.5,68.0,80.0,68.0,38.0,55.0,46.0
INTC,2025-01-15,55.5,52.0,80.0,52.0,38.0,55.0,46.0
INTC,2025-01-16,55.5,52.0,80.0,52.0,38.0,55.0,46.0
INTC,2025-01-17,57.6,42.0,80.0,60.0,60.0,45.0,70.0
INTC,2025-01-21,58.6,42.0,80.0,60.0,72.0,45.0,54.0
INTC,2025-01-22,58.2,42.0,80.0,60.0,72.0,45.0,46.0
INTC,2025-01-23,51.2,42.0,80.0,25.0,72.0,45.0,46.0
INTC,2025-01-24,58.2,52.0,80.0,52.0,60.0,45.0,54.0
INTC,2025-01-27,56.2,52.0,80.0,52.0,47.0,45.0,54.0
INTC,2025-01-28,54.9,52.0,80.0,52.0,38.0,45.0,54.0
INTC,2025-01-29,56.2,52.0,80.0,52.0,47.0,45.0,54.0
INTC,2025-01-30,57.6,52.0,80.0,52.0,53.0,45.0,62.0
INTC,2025-01-31,46.5,52.0,20.0,68.0,38.0,45.0,62.0
INTC,2025-02-03,46.1,52.0,20.0,68.0,38.0,45.0,54.0
INTC,2025-02-04,50.5,68.0,20.0,68.0,38.0,45.0,46.0
INTC,2025-02-05,43.8,52.0,20.0,52.0,47.0,45.0,46.0
INTC,2025-02-06,42.0,52.0,20.0,52.0,38.0,45.0,35.0
INTC,2025-02-07,50.5,68.0,20.0,68.0,38.0,45.0,46.0
INTC,2025-02-10,45.8,52.0,20.0,52.0,60.0,45.0,46.0
INTC,2025-02-11,52.8,42.0,80.0,38.0,60.0,45.0,62.0
INTC,2025-02-12,56.0,32.0,80.0,60.0,72.0,45.0,62.0
INTC,2025-02-13,54.1,18.0,80.0,60.0,85.0,45.0,70.0
INTC,2025-02-14,48.7,32.0,80.0,25.0,72.0,38.0,70.0
INTC,2025-02-18,53.4,18.0,80.0,60.0,85.0,38.0,70.0
INTC,2025-02-19,47.9,32.0,80.0,25.0,72.0,38.0,54.0
INTC,2025-02-20,47.9,32.0,80.0,25.0,72.0,38.0,54.0
INTC,2025-02-21,52.1,42.0,80.0,38.0,72.0,28.0,46.0
INTC,2025-02-24,52.1,42.0,80.0,38.0,72.0,28.0,46.0
INTC,2025-02-25,57.9,52.0,80.0,52.0,72.0,28.0,46.0
INTC,2025-02-26,57.3,52.0,80.0,52.0,72.0,28.0,35.0
INTC,2025-02-27,57.9,52.0,80.0,52.0,72.0,28.0,46.0
INTC,2025-02-28,42.9,42.0,20.0,52.0,72.0,28.0,46.0
INTC,2025-03-03,46.3,52.0,20.0,52.0,72.0,28.0,54.0
INTC,2025-03-04,46.3,52.0,20.0,52.0,72.0,28.0,54.0
INTC,2025-03-05,47.3,52.0,20.0,68.0,60.0,28.0,46.0
INTC,2025-03-06,47.3,52.0,20.0,68.0,60.0,28.0,46.0
INTC,2025-03-07,46.8,52.0,20.0,68.0,60.0,28.0,35.0
INTC,2025-03-10,53.9,68.0,20.0,80.0,60.0,28.0,35.0
INTC,2025-03-11,52.9,68.0,20.0,80.0,53.0,28.0,35.0
INTC,2025-03-12,45.3,52.0,20.0,68.0,47.0,28.0,46.0
INTC,2025-03-13,41.9,42.0,20.0,52.0,60.0,28.0,62.0
INTC,2025-03-14,39.1,42.0,20.0,52.0,47.0,28.0,46.0
INTC,2025-03-17,50.7,42.0,80.0,38.0,60.0,28.0,54.0
INTC,2025-03-18,45.4,32.0,80.0,38.0,38.0,38.0,54.0
INTC,2025-03-19,51.2,42.0,80.0,52.0,38.0,38.0,54.0
INTC,2025-03-20,50.2,42.0,80.0,52.0,38.0,38.0,35.0
INTC,2025-03-21,52.1,42.0,80.0,52.0,47.0,38.0,46.0
INTC,2025-03-24,51.6,42.0,80.0,52.0,47.0,38.0,35.0
INTC,2025-03-25,53.5,42.0,80.0,52.0,60.0,38.0,35.0
INTC,2025-03-26,54.6,52.0,80.0,52.0,47.0,38.0,35.0
INTC,2025-03-27,55.5,52.0,80.0,52.0,53.0,38.0,35.0
INTC,2025-03-28,41.2,52.0,20.0,52.0,38.0,38.0,35.0
INTC,2025-03-31,42.6,52.0,20.0,52.0,47.0,38.0,35.0
INTC,2025-04-01,44.5,52.0,20.0,52.0,60.0,38.0,35.0
INTC,2025-04-02,44.5,52.0,20.0,52.0,60.0,38.0,35.0
INTC,2025-04-03,46.3,52.0,20.0,52.0,60.0,38.0,70.0
INTC,2025-04-04,52.0,68.0,20.0,80.0,38.0,28.0,62.0
INTC,2025-04-07,52.9,68.0,20.0,80.0,47.0,28.0,54.0
INTC,2025-04-08,57.8,82.0,20.0,90.0,38.0,28.0,54.0
INTC,2025-04-09,44.9,52.0,20.0,52.0,60.0,28.0,62.0
INTC,2025-04-10,42.9,52.0,20.0,68.0,28.0,28.0,54.0
INTC,2025-04-11,42.9,52.0,20.0,68.0,28.0,28.0,54.0
INTC,2025-04-14,40.5,52.0,20.0,68.0,15.0,28.0,46.0
INTC,2025-04-15,40.0,52.0,20.0,68.0,15.0,28.0,35.0
INTC,2025-04-16,40.5,52.0,20.0,68.0,15.0,28.0,46.0
INTC,2025-04-17,45.3,68.0,20.0,68.0,15.0,28.0,46.0
INTC,2025-04-21,44.8,68.0,20.0,68.0,15.0,28.0,35.0
INTC,2025-04-22,39.3,52.0,20.0,52.0,28.0,28.0,46.0
INTC,2025-04-23,39.3,52.0,20.0,52.0,28.0,28.0,46.0
INTC,2025-04-24,53.2,52.0,80.0,52.0,38.0,28.0,54.0
INTC,2025-04-25,51.7,52.0,80.0,52.0,28.0,28.0,54.0
INTC,2025-04-28,52.8,52.0,80.0,52.0,38.0,28.0,46.0
INTC,2025-04-29,50.8,52.0,80.0,52.0,28.0,28.0,35.0
INTC,2025-04-30,52.2,52.0,80.0,52.0,38.0,28.0,35.0
INTC,2025-05-01,52.2,52.0,80.0,52.0,38.0,28.0,35.0
INTC,2025-05-02,49.5,52.0,80.0,38.0,38.0,28.0,35.0
INTC,2025-05-05,54.5,52.0,80.0,52.0,53.0,28.0,35.0
INTC,2025-05-06,54.5,52.0,80.0,52.0,53.0,28.0,35.0
INTC,2025-05-07,57.3,52.0,80.0,52.0,72.0,28.0,35.0
INTC,2025-05-08,50.4,52.0,80.0,25.0,47.0,45.0,46.0
INTC,2025-05-09,51.9,52.0,80.0,25.0,60.0,45.0,35.0
INTC,2025-05-12,58.6,42.0,80.0,60.0,72.0,45.0,54.0
INTC,2025-05-13,58.2,42.0,80.0,60.0,72.0,45.0,46.0
INTC,2025-05-14,55.4,52.0,80.0,38.0,60.0,45.0,54.0
INTC,2025-05-15,56.8,52.0,80.0,38.0,72.0,45.0,46.0
INTC,2025-05-16,56.8,52.0,80.0,38.0,72.0,45.0,46.0
INTC,2025-05-19,59.6,52.0,80.0,52.0,72.0,45.0,46.0
INTC,2025-05-20,57.2,52.0,80.0,52.0,60.0,45.0,35.0
INTC,2025-05-21,56.8,52.0,80.0,52.0,53.0,45.0,46.0
INTC,2025-05-22,42.5,52.0,20.0,52.0,38.0,45.0,46.0
INTC,2025-05-23,48.5,52.0,20.0,68.0,47.0,55.0,54.0
INTC,2025-05-27,46.2,52.0,20.0,52.0,53.0,55.0,54.0
INTC,2025-05-28,45.8,52.0,20.0,52.0,53.0,55.0,46.0
INTC,2025-05-29,49.4,52.0,20.0,68.0,53.0,55.0,54.0
INTC,2025-05-30,56.0,68.0,20.0,80.0,47.0,55.0,62.0
INTC,2025-06-02,47.1,52.0,20.0,68.0,38.0,55.0,54.0
INTC,2025-06-03,46.2,52.0,20.0,52.0,53.0,55.0,54.0
INTC,2025-06-04,46.2,52.0,20.0,52.0,53.0,55.0,54.0
INTC,2025-06-05,48.5,52.0,20.0,68.0,47.0,55.0,54.0
INTC,2025-06-06,47.1,52.0,20.0,68.0,38.0,55.0,54.0
INTC,2025-06-09,43.9,52.0,20.0,52.0,38.0,55.0,54.0
INTC,2025-06-10,48.6,42.0,80.0,25.0,47.0,45.0,70.0
INTC,2025-06-11,55.3,52.0,80.0,52.0,38.0,45.0,62.0
INTC,2025-06-12,54.5,52.0,80.0,52.0,38.0,45.0,46.0
INTC,2025-06-13,54.9,52.0,80.0,52.0,38.0,45.0,54.0
INTC,2025-06-16,54.9,52.0,80.0,52.0,38.0,45.0,54.0
INTC,2025-06-17,56.2,52.0,80.0,52.0,47.0,45.0,54.0
INTC,2025-06-18,48.8,42.0,80.0,25.0,53.0,45.0,54.0
INTC,2025-06-20,54.8,52.0,80.0,38.0,53.0,45.0,62.0
INTC,2025-06-23,55.0,52.0,80.0,38.0,60.0,45.0,46.0
INTC,2025-06-24,58.6,42.0,80.0,60.0,72.0,45.0,54.0
INTC,2025-06-25,49.4,42.0,80.0,25.0,60.0,45.0,46.0
INTC,2025-06-26,50.6,42.0,80.0,25.0,72.0,45.0,35.0
INTC,2025-06-27,51.6,42.0,80.0,25.0,72.0,45.0,54.0
INTC,2025-06-30,53.8,42.0,80.0,38.0,72.0,45.0,46.0
INTC,2025-07-01,51.2,42.0,80.0,25.0,72.0,45.0,46.0
INTC,2025-07-02,58.2,52.0,80.0,52.0,60.0,45.0,54.0
INTC,2025-07-03,53.2,42.0,80.0,38.0,72.0,45.0,35.0
INTC,2025-07-07,59.6,52.0,80.0,52.0,72.0,45.0,46.0
INTC,2025-07-08,51.6,42.0,80.0,25.0,72.0,45.0,54.0
INTC,2025-07-09,51.2,42.0,80.0,25.0,72.0,45.0,46.0
INTC,2025-07-10,48.9,42.0,80.0,25.0,60.0,45.0,35.0
INTC,2025-07-11,53.2,42.0,80.0,38.0,72.0,45.0,35.0
INTC,2025-07-14,53.2,42.0,80.0,38.0,72.0,45.0,35.0
INTC,2025-07-15,56.6,42.0,80.0,52.0,72.0,45.0,46.0
INTC,2025-07-16,45.8,52.0,20.0,52.0,60.0,45.0,46.0
INTC,2025-07-17,45.2,52.0,20.0,52.0,60.0,45.0,35.0
INTC,2025-07-18,42.8,42.0,20.0,52.0,60.0,45.0,46.0
INTC,2025-07-21,44.6,42.0,20.0,52.0,72.0,45.0,46.0
INTC,2025-07-22,42.8,42.0,20.0,52.0,60.0,45.0,46.0
INTC,2025-07-23,41.0,42.0,20.0,38.0,60.0,55.0,46.0
INTC,2025-07-24,46.6,52.0,20.0,52.0,53.0,55.0,62.0
INTC,2025-07-25,56.1,68.0,20.0,90.0,38.0,45.0,70.0
INTC,2025-07-28,55.3,68.0,20.0,90.0,38.0,45.0,54.0
INTC,2025-07-29,55.3,68.0,20.0,90.0,38.0,45.0,54.0
INTC,2025-07-30,51.4,68.0,20.0,80.0,28.0,45.0,46.0
INTC,2025-07-31,55.3,68.0,20.0,90.0,38.0,45.0,54.0
INTC,2025-08-01,58.0,82.0,20.0,90.0,28.0,45.0,54.0
INTC,2025-08-04,51.4,68.0,20.0,80.0,28.0,45.0,46.0
INTC,2025-08-05,50.4,68.0,20.0,68.0,28.0,55.0,54.0
INTC,2025-08-06,45.2,52.0,20.0,68.0,28.0,55.0,46.0
INTC,2025-08-07,50.8,68.0,20.0,68.0,28.0,55.0,62.0
INTC,2025-08-08,49.0,68.0,20.0,68.0,28.0,45.0,46.0
INTC,2025-08-11,41.8,52.0,20.0,52.0,28.0,45.0,62.0
INTC,2025-08-12,54.9,52.0,80.0,52.0,38.0,45.0,54.0
INTC,2025-08-13,52.8,42.0,80.0,52.0,47.0,45.0,46.0
INTC,2025-08-14,47.2,32.0,80.0,25.0,60.0,45.0,62.0
INTC,2025-08-15,47.6,32.0,80.0,25.0,60.0,45.0,70.0
INTC,2025-08-18,51.8,42.0,80.0,38.0,53.0,45.0,62.0
INTC,2025-08-19,53.9,32.0,80.0,60.0,60.0,38.0,70.0
INTC,2025-08-20,50.7,42.0,80.0,38.0,53.0,38.0,54.0
INTC,2025-08-21,51.3,42.0,80.0,38.0,60.0,38.0,46.0
INTC,2025-08-22,50.9,42.0,80.0,25.0,72.0,38.0,54.0
INTC,2025-08-25,53.5,42.0,80.0,38.0,72.0,38.0,54.0
INTC,2025-08-26,52.5,42.0,80.0,38.0,72.0,38.0,35.0
INTC,2025-08-27,54.5,42.0,80.0,38.0,85.0,38.0,35.0
INTC,2025-08-28,55.2,42.0,80.0,38.0,85.0,45.0,35.0
INTC,2025-08-29,58.0,42.0,80.0,52.0,85.0,45.0,35.0
INTC,2025-09-02,58.0,42.0,80.0,52.0,85.0,45.0,35.0
INTC,2025-09-03,56.0,42.0,80.0,52.0,72.0,45.0,35.0
INTC,2025-09-04,58.0,42.0,80.0,52.0,85.0,45.0,35.0
INTC,2025-09-05,46.0,42.0,20.0,52.0,85.0,45.0,35.0
INTC,2025-09-08,46.0,42.0,20.0,52.0,85.0,45.0,35.0
INTC,2025-09-09,44.0,42.0,20.0,52.0,72.0,45.0,35.0
INTC,2025-09-10,44.0,42.0,20.0,52.0,72.0,45.0,35.0
INTC,2025-09-11,44.0,42.0,20.0,52.0,72.0,45.0,35.0
INTC,2025-09-12,44.2,52.0,20.0,52.0,53.0,45.0,35.0
INTC,2025-09-15,41.8,42.0,20.0,52.0,53.0,45.0,46.0
INTC,2025-09-16,36.9,42.0,20.0,25.0,60.0,45.0,35.0
INTC,2025-09-17,39.0,42.0,20.0,38.0,47.0,55.0,46.0
INTC,2025-09-18,52.9,18.0,80.0,60.0,85.0,28.0,80.0
INTC,2025-09-19,52.4,18.0,80.0,60.0,85.0,28.0,70.0
INTC,2025-09-22,46.9,32.0,80.0,25.0,72.0,28.0,54.0
INTC,2025-09-23,46.9,32.0,80.0,25.0,72.0,28.0,54.0
INTC,2025-09-24,52.0,18.0,80.0,60.0,85.0,28.0,62.0
INTC,2025-09-25,52.4,18.0,80.0,60.0,85.0,28.0,70.0
INTC,2025-09-26,52.4,18.0,80.0,60.0,85.0,28.0,70.0
INTC,2025-09-29,44.6,18.0,80.0,25.0,85.0,28.0,54.0
INTC,2025-09-30,46.8,18.0,80.0,38.0,85.0,28.0,46.0
INTC,2025-10-01,44.6,18.0,80.0,25.0,85.0,28.0,54.0
INTC,2025-10-02,44.6,18.0,80.0,25.0,85.0,28.0,54.0
INTC,2025-10-03,44.2,18.0,80.0,25.0,85.0,28.0,46.0
INTC,2025-10-06,46.8,18.0,80.0,38.0,85.0,28.0,46.0
INTC,2025-10-07,46.8,18.0,80.0,38.0,85.0,28.0,46.0
INTC,2025-10-08,46.3,18.0,80.0,38.0,85.0,28.0,35.0
INTC,2025-10-09,46.3,18.0,80.0,38.0,85.0,28.0,35.0
INTC,2025-10-10,54.2,32.0,80.0,52.0,85.0,28.0,54.0
INTC,2025-10-13,50.5,32.0,80.0,38.0,85.0,28.0,35.0
INTC,2025-10-14,44.8,42.0,20.0,52.0,85.0,28.0,46.0
INTC,2025-10-15,38.5,32.0,20.0,38.0,85.0,28.0,35.0
INTC,2025-10-16,45.3,42.0,20.0,52.0,85.0,38.0,35.0
INTC,2025-10-17,46.5,42.0,20.0,52.0,85.0,45.0,46.0
INTC,2025-10-20,40.2,32.0,20.0,38.0,85.0,45.0,35.0
INTC,2025-10-21,40.2,32.0,20.0,38.0,85.0,45.0,35.0
INTC,2025-10-22,44.0,42.0,20.0,52.0,72.0,45.0,35.0
INTC,2025-10-23,41.8,42.0,20.0,38.0,72.0,45.0,46.0
INTC,2025-10-24,38.2,32.0,20.0,38.0,60.0,45.0,70.0
INTC,2025-10-27,43.6,32.0,20.0,60.0,72.0,45.0,54.0
INTC,2025-10-28,41.4,18.0,20.0,60.0,85.0,45.0,54.0
INTC,2025-10-29,51.0,18.0,80.0,60.0,72.0,45.0,46.0
INTC,2025-10-30,34.4,32.0,20.0,25.0,60.0,45.0,46.0
INTC,2025-10-31,39.5,42.0,20.0,38.0,60.0,45.0,35.0
INTC,2025-11-03,42.2,42.0,20.0,52.0,60.0,45.0,35.0
INTC,2025-11-04,43.8,52.0,20.0,52.0,47.0,45.0,46.0
INTC,2025-11-05,41.2,42.0,20.0,52.0,53.0,45.0,35.0
INTC,2025-11-06,43.3,52.0,20.0,52.0,47.0,45.0,35.0
INTC,2025-11-07,45.8,52.0,20.0,52.0,60.0,45.0,46.0
INTC,2025-11-10,42.8,42.0,20.0,52.0,60.0,45.0,46.0
INTC,2025-11-11,45.2,52.0,20.0,52.0,60.0,45.0,35.0
INTC,2025-11-12,44.2,52.0,20.0,52.0,53.0,45.0,35.0
INTC,2025-11-13,49.4,52.0,20.0,80.0,47.0,45.0,46.0
INTC,2025-11-14,48.1,52.0,20.0,80.0,38.0,45.0,46.0
INTC,2025-11-17,48.1,52.0,20.0,80.0,38.0,45.0,46.0
INTC,2025-11-18,52.4,68.0,20.0,80.0,38.0,45.0,35.0
INTC,2025-11-19,45.2,52.0,20.0,68.0,38.0,45.0,35.0
INTC,2025-11-20,51.8,68.0,20.0,80.0,28.0,45.0,54.0
INTC,2025-11-21,46.1,52.0,20.0,68.0,38.0,45.0,54.0
INTC,2025-11-24,42.9,52.0,20.0,52.0,38.0,45.0,54.0
INTC,2025-11-25,41.0,52.0,20.0,52.0,28.0,45.0,46.0
INTC,2025-11-26,41.0,52.0,20.0,52.0,28.0,45.0,46.0
INTC,2025-11-28,48.8,42.0,80.0,25.0,53.0,45.0,54.0
INTC,2025-12-01,48.3,42.0,80.0,25.0,53.0,45.0,46.0
INTC,2025-12-02,55.7,32.0,80.0,60.0,72.0,38.0,70.0
INTC,2025-12-03,50.7,18.0,80.0,60.0,72.0,38.0,54.0
INTC,2025-12-04,51.7,42.0,80.0,38.0,60.0,38.0,54.0
INTC,2025-12-05,53.5,42.0,80.0,38.0,72.0,38.0,54.0
INTC,2025-12-08,51.7,42.0,80.0,38.0,60.0,38.0,54.0
INTC,2025-12-09,51.3,42.0,80.0,38.0,60.0,38.0,46.0
INTC,2025-12-10,51.3,42.0,80.0,38.0,60.0,38.0,46.0
INTC,2025-12-11,56.5,52.0,80.0,52.0,60.0,38.0,35.0
INTC,2025-12-12,45.5,52.0,20.0,52.0,60.0,38.0,54.0
INTC,2025-12-15,45.1,52.0,20.0,52.0,60.0,38.0,46.0
INTC,2025-12-16,44.5,52.0,20.0,52.0,60.0,38.0,35.0
INTC,2025-12-17,47.8,52.0,20.0,68.0,60.0,38.0,35.0
INTC,2025-12-18,48.3,52.0,20.0,68.0,60.0,38.0,46.0
INTC,2025-12-19,45.9,52.0,20.0,52.0,60.0,38.0,62.0
INTC,2025-12-22,47.8,52.0,20.0,68.0,60.0,38.0,35.0
INTC,2025-12-23,46.7,52.0,20.0,68.0,53.0,38.0,35.0
INTC,2025-12-24,46.7,52.0,20.0,68.0,53.0,38.0,35.0
INTC,2025-12-26,45.8,52.0,20.0,68.0,47.0,38.0,35.0
INTC,2025-12-29,45.2,52.0,20.0,68.0,38.0,45.0,35.0
INTC,2025-12-30,42.5,52.0,20.0,52.0,38.0,45.0,46.0
INTC,2025-12-31,42.0,52.0,20.0,52.0,28.0,55.0,46.0
INTC,2026-01-02,50.4,42.0,80.0,52.0,28.0,45.0,54.0
INTC,2026-01-05,54.2,42.0,80.0,52.0,47.0,55.0,54.0
INTC,2026-01-06,49.7,42.0,80.0,38.0,38.0,55.0,46.0
INTC,2026-01-07,54.6,32.0,80.0,60.0,60.0,45.0,70.0
INTC,2026-01-08,48.8,42.0,80.0,25.0,53.0,45.0,54.0
INTC,2026-01-09,52.2,18.0,80.0,60.0,72.0,45.0,70.0
INTC,2026-01-12,48.6,32.0,80.0,25.0,72.0,45.0,54.0
INTC,2026-01-13,53.4,18.0,80.0,60.0,85.0,38.0,70.0
INTC,2026-01-14,53.0,18.0,80.0,60.0,85.0,38.0,62.0
INTC,2026-01-15,45.6,18.0,80.0,25.0,85.0,38.0,54.0
INTC,2026-01-16,52.5,32.0,80.0,38.0,85.0,38.0,54.0
INTC,2026-01-20,50.2,32.0,80.0,25.0,85.0,38.0,62.0
INTC,2026-01-21,53.4,18.0,80.0,60.0,85.0,38.0,70.0
INTC,2026-01-22,46.0,18.0,80.0,25.0,85.0,38.0,62.0
INTC,2026-01-23,61.0,52.0,80.0,52.0,85.0,28.0,70.0
INTC,2026-01-26,58.3,52.0,80.0,52.0,72.0,28.0,54.0
INTC,2026-01-27,47.8,52.0,20.0,52.0,85.0,28.0,46.0
INTC,2026-01-28,42.5,42.0,20.0,38.0,85.0,28.0,54.0
INTC,2026-01-29,44.8,42.0,20.0,52.0,85.0,28.0,46.0
INTC,2026-01-30,47.8,52.0,20.0,52.0,85.0,28.0,46.0
INTC,2026-02-02,44.3,42.0,20.0,52.0,85.0,28.0,35.0
INTC,2026-02-03,44.8,42.0,20.0,52.0,85.0,28.0,46.0
INTC,2026-02-04,44.8,42.0,20.0,52.0,85.0,28.0,46.0
INTC,2026-02-05,42.9,42.0,20.0,52.0,72.0,28.0,46.0
INTC,2026-02-06,42.0,42.0,20.0,38.0,85.0,28.0,46.0
INTC,2026-02-09,42.3,42.0,20.0,52.0,72.0,28.0,35.0
INTC,2026-02-10,43.5,52.0,20.0,52.0,60.0,28.0,35.0
INTC,2026-02-11,43.0,52.0,20.0,52.0,53.0,28.0,46.0
INTC,2026-02-12,40.2,52.0,20.0,52.0,38.0,28.0,35.0
INTC,2026-02-13,40.2,52.0,20.0,52.0,38.0,28.0,35.0
INTC,2026-02-17,41.6,52.0,20.0,52.0,47.0,28.0,35.0
INTC,2026-02-18,43.5,52.0,20.0,68.0,38.0,28.0,35.0
INTC,2026-02-19,42.0,52.0,20.0,68.0,28.0,28.0,35.0
INTC,2026-02-20,42.5,52.0,20.0,68.0,28.0,28.0,46.0
INTC,2026-02-23,46.9,52.0,20.0,80.0,38.0,38.0,35.0
INTC,2026-02-24,45.1,52.0,20.0,52.0,60.0,38.0,46.0
INTC,2026-02-25,45.1,52.0,20.0,52.0,60.0,38.0,46.0
INTC,2026-02-26,45.7,52.0,20.0,68.0,38.0,45.0,46.0
INTC,2026-02-27,42.5,52.0,20.0,52.0,38.0,45.0,46.0
INTC,2026-03-02,43.3,52.0,20.0,52.0,47.0,45.0,35.0
INTC,2026-03-03,46.6,52.0,20.0,80.0,28.0,45.0,46.0
INTC,2026-03-04,42.9,52.0,20.0,52.0,38.0,45.0,54.0
INTC,2026-03-05,42.5,52.0,20.0,52.0,38.0,45.0,46.0
INTC,2026-03-06,45.7,52.0,20.0,68.0,38.0,45.0,46.0
INTC,2026-03-09,42.9,52.0,20.0,52.0,38.0,45.0,54.0
INTC,2026-03-10,40.1,52.0,20.0,38.0,38.0,45.0,54.0
INTC,2026-03-11,48.3,42.0,80.0,25.0,53.0,45.0,46.0
INTC,2026-03-12,54.9,52.0,80.0,52.0,38.0,45.0,54.0
INTC,2026-03-13,55.8,52.0,80.0,52.0,47.0,45.0,46.0
INTC,2026-03-16,56.2,52.0,80.0,52.0,47.0,45.0,54.0
INTC,2026-03-17,46.1,52.0,20.0,68.0,38.0,45.0,54.0
INTC,2026-03-18,43.8,52.0,20.0,52.0,47.0,45.0,46.0
INTC,2026-03-19,45.8,52.0,20.0,52.0,60.0,45.0,46.0
INTC,2026-03-20,47.9,52.0,20.0,68.0,47.0,45.0,62.0
INTC,2026-03-23,48.0,52.0,20.0,68.0,53.0,45.0,46.0
INTC,2026-03-24,45.7,52.0,20.0,68.0,38.0,45.0,46.0
INTC,2026-03-25,51.0,52.0,80.0,25.0,53.0,38.0,54.0
INTC,2026-03-26,46.3,52.0,20.0,68.0,47.0,38.0,46.0
INTC,2026-03-27,47.4,52.0,20.0,80.0,38.0,38.0,46.0
INTC,2026-03-30,49.4,52.0,20.0,90.0,38.0,38.0,46.0
INTC,2026-03-31,44.5,52.0,20.0,52.0,53.0,38.0,54.0
INTC,2026-04-01,49.1,42.0,80.0,25.0,60.0,38.0,54.0
INTC,2026-04-02,56.1,42.0,80.0,60.0,60.0,38.0,54.0
INTC,2026-04-06,57.5,42.0,80.0,60.0,72.0,38.0,46.0
INTC,2026-04-07,57.9,42.0,80.0,60.0,72.0,38.0,54.0
INTC,2026-04-08,53.0,18.0,80.0,60.0,85.0,38.0,62.0
INTC,2026-04-09,52.0,18.0,80.0,60.0,85.0,28.0,62.0
INTC,2026-04-10,52.2,18.0,80.0,60.0,85.0,38.0,46.0
INTC,2026-04-13,52.6,18.0,80.0,60.0,85.0,38.0,54.0
INTC,2026-04-14,45.6,18.0,80.0,25.0,85.0,38.0,54.0
INTC,2026-04-15,45.2,18.0,80.0,25.0,85.0,38.0,46.0
INTC,2026-04-16,45.6,18.0,80.0,25.0,85.0,38.0,54.0
INTC,2026-04-17,45.6,18.0,80.0,25.0,85.0,38.0,54.0
INTC,2026-04-20,47.8,18.0,80.0,38.0,85.0,38.0,46.0
INTC,2026-04-21,47.8,18.0,80.0,38.0,85.0,38.0,46.0
INTC,2026-04-22,52.0,32.0,80.0,38.0,85.0,38.0,46.0
INTC,2026-04-23,48.2,18.0,80.0,38.0,85.0,38.0,54.0
INTC,2026-04-24,52.4,18.0,80.0,60.0,85.0,28.0,70.0
INTC,2026-04-27,51.6,18.0,80.0,60.0,85.0,28.0,54.0
INTC,2026-04-28,44.6,18.0,80.0,25.0,85.0,28.0,54.0
INTC,2026-04-29,52.0,18.0,80.0,60.0,85.0,28.0,62.0
INTC,2026-04-30,44.6,18.0,80.0,25.0,85.0,28.0,54.0
INTC,2026-05-01,51.6,18.0,80.0,60.0,85.0,28.0,54.0
INTC,2026-05-04,44.2,18.0,80.0,25.0,85.0,28.0,46.0
INTC,2026-05-05,51.6,18.0,80.0,60.0,85.0,28.0,54.0
INTC,2026-05-06,51.6,18.0,80.0,60.0,85.0,28.0,54.0
INTC,2026-05-07,44.2,18.0,80.0,25.0,85.0,28.0,46.0
INTC,2026-05-08,52.0,18.0,80.0,60.0,85.0,28.0,62.0
INTC,2026-05-11,44.6,18.0,80.0,25.0,85.0,28.0,54.0
INTC,2026-05-12,47.2,18.0,80.0,38.0,85.0,28.0,54.0
INTC,2026-05-13,46.8,18.0,80.0,38.0,85.0,28.0,46.0
INTC,2026-05-14,51.0,32.0,80.0,38.0,85.0,28.0,46.0
INTC,2026-05-15,56.8,42.0,80.0,52.0,85.0,28.0,46.0
INTC,2026-05-18,44.8,42.0,20.0,52.0,85.0,28.0,46.0
INTC,2026-05-19,44.8,42.0,20.0,52.0,85.0,28.0,46.0
INTC,2026-05-20,39.0,32.0,20.0,38.0,85.0,28.0,46.0
INTC,2026-05-21,38.5,32.0,20.0,38.0,85.0,28.0,35.0
INTC,2026-05-22,38.5,32.0,20.0,38.0,85.0,28.0,35.0
INTC,2026-05-26,34.8,18.0,20.0,38.0,85.0,28.0,46.0
INTC,2026-05-27,38.5,32.0,20.0,38.0,85.0,28.0,35.0
INTC,2026-05-28,41.3,32.0,20.0,52.0,85.0,28.0,35.0
INTC,2026-05-29,45.2,42.0,20.0,52.0,85.0,28.0,54.0
INTC,2026-06-01,47.3,52.0,20.0,68.0,60.0,28.0,46.0
INTC,2026-06-02,49.1,52.0,20.0,68.0,72.0,28.0,46.0
INTC,2026-06-03,42.1,42.0,20.0,52.0,60.0,38.0,46.0
INTC,2026-06-04,39.6,42.0,20.0,52.0,47.0,38.0,35.0
INTC,2026-06-05,48.8,52.0,20.0,90.0,38.0,28.0,54.0
INTC,2026-06-08,39.7,52.0,20.0,52.0,28.0,28.0,54.0
INTC,2026-06-09,42.9,52.0,20.0,68.0,28.0,28.0,54.0
INTC,2026-06-10,43.5,52.0,20.0,68.0,28.0,38.0,46.0
INTC,2026-06-11,39.5,42.0,20.0,52.0,47.0,28.0,54.0
INTC,2026-06-12,36.1,42.0,20.0,25.0,60.0,28.0,54.0
INTC,2026-06-15,37.9,42.0,20.0,25.0,72.0,28.0,54.0
INTC,2026-06-16,44.5,52.0,20.0,52.0,60.0,28.0,54.0
INTC,2026-06-17,41.1,42.0,20.0,52.0,60.0,28.0,46.0
INTC,2026-06-18,57.3,42.0,80.0,60.0,72.0,28.0,62.0
META,2024-06-20,44.0,50.0,20.0,50.0,50.0,50.0,50.0
META,2024-06-21,44.0,50.0,20.0,50.0,50.0,50.0,50.0
META,2024-06-24,44.0,50.0,20.0,50.0,50.0,50.0,50.0
META,2024-06-25,56.0,50.0,80.0,50.0,50.0,50.0,50.0
META,2024-06-26,56.0,50.0,80.0,50.0,50.0,50.0,50.0
META,2024-06-27,56.0,50.0,80.0,50.0,50.0,50.0,50.0
META,2024-06-28,56.0,50.0,80.0,50.0,50.0,50.0,50.0
META,2024-07-01,56.0,50.0,80.0,50.0,50.0,50.0,50.0
META,2024-07-02,56.0,50.0,80.0,50.0,50.0,50.0,50.0
META,2024-07-03,56.0,50.0,80.0,50.0,50.0,50.0,50.0
META,2024-07-05,56.0,50.0,80.0,50.0,50.0,50.0,50.0
META,2024-07-08,56.0,50.0,80.0,50.0,50.0,50.0,50.0
META,2024-07-09,56.0,50.0,80.0,50.0,50.0,50.0,50.0
META,2024-07-10,56.0,50.0,80.0,50.0,50.0,50.0,50.0
META,2024-07-11,56.6,52.0,80.0,50.0,50.0,50.0,50.0
META,2024-07-12,44.6,52.0,20.0,50.0,50.0,50.0,50.0
META,2024-07-15,44.6,52.0,20.0,50.0,50.0,50.0,50.0
META,2024-07-16,49.4,68.0,20.0,50.0,50.0,50.0,50.0
META,2024-07-17,53.6,82.0,20.0,50.0,50.0,50.0,50.0
META,2024-07-18,55.6,68.0,20.0,80.0,50.0,50.0,54.0
META,2024-07-19,53.3,68.0,20.0,80.0,38.0,45.0,54.0
META,2024-07-22,47.0,52.0,20.0,68.0,47.0,45.0,46.0
META,2024-07-23,43.3,52.0,20.0,52.0,47.0,45.0,35.0
META,2024-07-24,53.3,68.0,20.0,80.0,38.0,45.0,54.0
META,2024-07-25,51.8,68.0,20.0,80.0,28.0,45.0,54.0
META,2024-07-26,49.0,68.0,20.0,68.0,28.0,45.0,46.0
META,2024-07-29,50.5,68.0,20.0,68.0,38.0,45.0,46.0
META,2024-07-30,50.5,68.0,20.0,68.0,38.0,45.0,46.0
META,2024-07-31,43.3,52.0,20.0,52.0,38.0,45.0,62.0
META,2024-08-01,57.0,52.0,80.0,52.0,47.0,45.0,70.0
META,2024-08-02,54.9,52.0,80.0,52.0,38.0,45.0,54.0
META,2024-08-05,53.4,52.0,80.0,52.0,28.0,45.0,54.0
META,2024-08-06,54.9,52.0,80.0,52.0,38.0,45.0,54.0
META,2024-08-07,54.9,52.0,80.0,52.0,38.0,45.0,54.0
META,2024-08-08,47.4,42.0,80.0,25.0,47.0,45.0,46.0
META,2024-08-09,56.4,42.0,80.0,60.0,60.0,45.0,46.0
META,2024-08-12,48.9,42.0,80.0,25.0,60.0,45.0,35.0
META,2024-08-13,56.4,42.0,80.0,60.0,60.0,45.0,46.0
META,2024-08-14,50.6,42.0,80.0,25.0,72.0,45.0,35.0
META,2024-08-15,51.2,42.0,80.0,25.0,72.0,45.0,46.0
META,2024-08-16,53.8,42.0,80.0,38.0,72.0,45.0,46.0
META,2024-08-19,51.5,42.0,80.0,38.0,60.0,45.0,35.0
META,2024-08-20,51.5,42.0,80.0,38.0,60.0,45.0,35.0
META,2024-08-21,54.8,42.0,80.0,38.0,72.0,55.0,46.0
META,2024-08-22,54.8,42.0,80.0,38.0,72.0,55.0,46.0
META,2024-08-23,54.2,42.0,80.0,38.0,72.0,55.0,35.0
META,2024-08-26,60.0,52.0,80.0,52.0,72.0,55.0,35.0
META,2024-08-27,60.0,52.0,80.0,52.0,72.0,55.0,35.0
META,2024-08-28,46.2,52.0,20.0,52.0,60.0,55.0,35.0
META,2024-08-29,46.2,52.0,20.0,52.0,60.0,55.0,35.0
META,2024-08-30,46.8,52.0,20.0,52.0,60.0,55.0,46.0
META,2024-09-03,47.2,52.0,20.0,52.0,60.0,55.0,54.0
META,2024-09-04,47.8,52.0,20.0,52.0,60.0,65.0,46.0
META,2024-09-05,47.8,52.0,20.0,52.0,60.0,65.0,46.0
META,2024-09-06,53.9,52.0,20.0,90.0,47.0,65.0,54.0
META,2024-09-09,51.9,52.0,20.0,80.0,47.0,65.0,54.0
META,2024-09-10,51.4,52.0,20.0,80.0,47.0,65.0,46.0
META,2024-09-11,44.5,52.0,20.0,52.0,38.0,65.0,46.0
META,2024-09-12,43.2,42.0,20.0,52.0,47.0,65.0,54.0
META,2024-09-13,42.8,42.0,20.0,52.0,47.0,65.0,46.0
META,2024-09-16,50.3,42.0,80.0,25.0,53.0,65.0,46.0
META,2024-09-17,50.8,42.0,80.0,25.0,53.0,65.0,54.0
META,2024-09-18,50.3,42.0,80.0,25.0,53.0,65.0,46.0
META,2024-09-19,51.6,18.0,80.0,60.0,60.0,65.0,54.0
META,2024-09-20,52.0,18.0,80.0,60.0,60.0,65.0,62.0
META,2024-09-23,51.6,18.0,80.0,60.0,60.0,65.0,54.0
META,2024-09-24,44.6,18.0,80.0,25.0,60.0,65.0,54.0
META,2024-09-25,44.6,18.0,80.0,25.0,60.0,65.0,54.0
META,2024-09-26,44.6,18.0,80.0,25.0,60.0,65.0,54.0
META,2024-09-27,46.8,18.0,80.0,38.0,60.0,65.0,46.0
META,2024-09-30,47.2,18.0,80.0,38.0,60.0,65.0,54.0
META,2024-10-01,49.0,18.0,80.0,38.0,72.0,65.0,54.0
META,2024-10-02,48.0,18.0,80.0,38.0,72.0,65.0,35.0
META,2024-10-03,48.6,18.0,80.0,38.0,72.0,65.0,46.0
META,2024-10-04,46.4,18.0,80.0,25.0,72.0,65.0,54.0
META,2024-10-07,52.8,32.0,80.0,38.0,72.0,65.0,46.0
META,2024-10-08,48.0,18.0,80.0,38.0,72.0,65.0,35.0
META,2024-10-09,48.6,18.0,80.0,38.0,72.0,65.0,46.0
META,2024-10-10,55.2,42.0,80.0,38.0,72.0,65.0,35.0
META,2024-10-11,52.8,32.0,80.0,38.0,72.0,65.0,46.0
META,2024-10-14,40.2,32.0,20.0,38.0,72.0,65.0,35.0
META,2024-10-15,44.8,42.0,20.0,52.0,60.0,65.0,46.0
META,2024-10-16,44.8,42.0,20.0,52.0,60.0,65.0,46.0
META,2024-10-17,44.8,42.0,20.0,52.0,60.0,65.0,46.0
META,2024-10-18,43.8,42.0,20.0,52.0,53.0,65.0,46.0
META,2024-10-21,43.8,42.0,20.0,52.0,53.0,65.0,46.0
META,2024-10-22,44.8,42.0,20.0,52.0,60.0,65.0,46.0
META,2024-10-23,51.9,52.0,20.0,80.0,47.0,65.0,54.0
META,2024-10-24,49.0,52.0,20.0,68.0,47.0,65.0,46.0
META,2024-10-25,50.4,52.0,20.0,68.0,53.0,65.0,54.0
META,2024-10-28,44.2,42.0,20.0,52.0,53.0,65.0,54.0
META,2024-10-29,41.4,42.0,20.0,38.0,53.0,65.0,54.0
META,2024-10-30,43.2,42.0,20.0,38.0,60.0,65.0,70.0
META,2024-10-31,51.6,52.0,20.0,80.0,47.0,55.0,70.0
META,2024-11-01,47.1,52.0,20.0,68.0,38.0,55.0,54.0
META,2024-11-04,50.5,52.0,20.0,80.0,38.0,65.0,54.0
META,2024-11-05,43.5,52.0,20.0,52.0,38.0,55.0,46.0
META,2024-11-06,43.9,52.0,20.0,52.0,38.0,55.0,54.0
META,2024-11-07,40.4,42.0,20.0,38.0,53.0,55.0,54.0
META,2024-11-08,39.0,42.0,20.0,38.0,47.0,55.0,46.0
META,2024-11-11,44.8,52.0,20.0,52.0,47.0,55.0,46.0
META,2024-11-12,54.2,42.0,80.0,52.0,47.0,55.0,54.0
META,2024-11-13,45.8,52.0,20.0,52.0,53.0,55.0,46.0
META,2024-11-14,45.8,52.0,20.0,52.0,53.0,55.0,46.0
META,2024-11-15,56.3,68.0,20.0,90.0,38.0,55.0,54.0
META,2024-11-18,54.3,68.0,20.0,80.0,38.0,55.0,54.0
META,2024-11-19,46.2,52.0,20.0,68.0,38.0,55.0,35.0
META,2024-11-20,45.8,52.0,20.0,52.0,53.0,55.0,46.0
META,2024-11-21,48.0,52.0,20.0,68.0,47.0,55.0,46.0
META,2024-11-22,47.5,52.0,20.0,68.0,47.0,55.0,35.0
META,2024-11-25,44.8,52.0,20.0,52.0,47.0,55.0,46.0
META,2024-11-26,43.5,52.0,20.0,52.0,38.0,55.0,46.0
META,2024-11-27,43.0,52.0,20.0,52.0,38.0,55.0,35.0
META,2024-11-29,46.2,52.0,20.0,52.0,53.0,65.0,35.0
META,2024-12-02,50.8,42.0,80.0,25.0,60.0,55.0,54.0
META,2024-12-03,54.8,32.0,80.0,60.0,60.0,55.0,54.0
META,2024-12-04,54.8,32.0,80.0,60.0,60.0,55.0,54.0
META,2024-12-05,46.9,32.0,80.0,25.0,60.0,55.0,35.0
META,2024-12-06,54.8,32.0,80.0,60.0,60.0,55.0,54.0
META,2024-12-09,50.4,42.0,80.0,25.0,60.0,55.0,46.0
META,2024-12-10,47.4,32.0,80.0,25.0,60.0,55.0,46.0
META,2024-12-11,47.4,32.0,80.0,25.0,60.0,55.0,46.0
META,2024-12-12,46.9,32.0,80.0,25.0,60.0,55.0,35.0
META,2024-12-13,53.0,42.0,80.0,38.0,60.0,55.0,46.0
META,2024-12-16,55.8,42.0,80.0,38.0,72.0,65.0,46.0
META,2024-12-17,56.2,42.0,80.0,38.0,72.0,65.0,54.0
META,2024-12-18,47.6,52.0,20.0,52.0,60.0,55.0,62.0
META,2024-12-19,47.2,52.0,20.0,52.0,60.0,55.0,54.0
META,2024-12-20,48.5,52.0,20.0,52.0,60.0,55.0,80.0
META,2024-12-23,46.8,52.0,20.0,52.0,60.0,55.0,46.0
META,2024-12-24,46.2,52.0,20.0,52.0,60.0,55.0,35.0
META,2024-12-26,46.2,52.0,20.0,52.0,60.0,55.0,35.0
META,2024-12-27,46.2,52.0,20.0,52.0,60.0,55.0,35.0
META,2024-12-30,49.5,52.0,20.0,68.0,60.0,55.0,35.0
META,2024-12-31,49.9,52.0,20.0,80.0,47.0,55.0,35.0
META,2025-01-02,45.2,52.0,20.0,52.0,47.0,55.0,54.0
META,2025-01-03,44.8,52.0,20.0,52.0,47.0,55.0,46.0
META,2025-01-06,38.8,42.0,20.0,25.0,60.0,55.0,54.0
META,2025-01-07,53.8,42.0,80.0,52.0,47.0,55.0,46.0
META,2025-01-08,56.8,52.0,80.0,52.0,47.0,55.0,46.0
META,2025-01-10,54.6,42.0,80.0,52.0,47.0,55.0,62.0
META,2025-01-13,55.5,52.0,80.0,52.0,38.0,55.0,46.0
META,2025-01-14,47.1,52.0,20.0,68.0,38.0,55.0,54.0
META,2025-01-15,42.5,52.0,20.0,38.0,47.0,55.0,54.0
META,2025-01-16,44.3,52.0,20.0,52.0,47.0,55.0,35.0
META,2025-01-17,45.2,52.0,20.0,52.0,47.0,55.0,54.0
META,2025-01-21,56.0,52.0,80.0,38.0,60.0,55.0,46.0
META,2025-01-22,53.0,42.0,80.0,38.0,60.0,55.0,46.0
META,2025-01-23,57.4,42.0,80.0,60.0,60.0,55.0,46.0
META,2025-01-24,58.2,42.0,80.0,60.0,60.0,55.0,62.0
META,2025-01-27,55.6,32.0,80.0,60.0,60.0,55.0,70.0
META,2025-01-28,52.8,18.0,80.0,60.0,72.0,55.0,62.0
META,2025-01-29,52.8,18.0,80.0,60.0,72.0,55.0,62.0
META,2025-01-30,52.8,18.0,80.0,60.0,72.0,55.0,62.0
META,2025-01-31,45.4,18.0,80.0,25.0,72.0,55.0,54.0
META,2025-02-03,45.4,18.0,80.0,25.0,72.0,55.0,54.0
META,2025-02-04,45.0,18.0,80.0,25.0,72.0,55.0,46.0
META,2025-02-05,46.4,18.0,80.0,25.0,72.0,65.0,54.0
META,2025-02-06,46.0,18.0,80.0,25.0,72.0,65.0,46.0
META,2025-02-07,46.0,18.0,80.0,25.0,72.0,65.0,46.0
META,2025-02-10,48.6,18.0,80.0,38.0,72.0,65.0,46.0
META,2025-02-11,48.6,18.0,80.0,38.0,72.0,65.0,46.0
META,2025-02-12,50.5,18.0,80.0,38.0,85.0,65.0,46.0
META,2025-02-13,49.6,18.0,80.0,38.0,72.0,75.0,46.0
META,2025-02-14,51.5,18.0,80.0,38.0,85.0,75.0,46.0
META,2025-02-18,56.0,32.0,80.0,52.0,72.0,65.0,54.0
META,2025-02-19,47.0,42.0,20.0,52.0,72.0,65.0,54.0
META,2025-02-20,46.6,42.0,20.0,52.0,72.0,65.0,46.0
META,2025-02-21,47.8,52.0,20.0,52.0,60.0,65.0,46.0
META,2025-02-24,53.4,52.0,20.0,80.0,60.0,65.0,46.0
META,2025-02-25,53.9,52.0,20.0,90.0,47.0,65.0,54.0
META,2025-02-26,49.0,52.0,20.0,68.0,47.0,65.0,46.0
META,2025-02-27,51.4,52.0,20.0,80.0,47.0,65.0,46.0
META,2025-02-28,49.5,52.0,20.0,68.0,47.0,65.0,54.0
META,2025-03-03,50.1,52.0,20.0,80.0,38.0,65.0,46.0
META,2025-03-04,55.3,68.0,20.0,80.0,38.0,65.0,54.0
META,2025-03-05,46.7,52.0,20.0,68.0,38.0,55.0,46.0
META,2025-03-06,52.4,68.0,20.0,80.0,28.0,55.0,46.0
META,2025-03-07,52.8,68.0,20.0,80.0,28.0,55.0,54.0
META,2025-03-10,54.8,68.0,20.0,90.0,28.0,55.0,54.0
META,2025-03-11,52.8,68.0,20.0,80.0,28.0,55.0,54.0
META,2025-03-12,50.0,68.0,20.0,68.0,28.0,55.0,46.0
META,2025-03-13,52.4,68.0,20.0,80.0,28.0,55.0,46.0
META,2025-03-14,50.0,68.0,20.0,68.0,28.0,55.0,46.0
META,2025-03-17,50.0,68.0,20.0,68.0,28.0,55.0,46.0
META,2025-03-18,52.8,68.0,20.0,80.0,28.0,55.0,54.0
META,2025-03-19,52.8,68.0,20.0,80.0,28.0,55.0,54.0
META,2025-03-20,50.4,68.0,20.0,68.0,28.0,55.0,54.0
META,2025-03-21,49.4,68.0,20.0,68.0,28.0,45.0,54.0
META,2025-03-24,42.5,52.0,20.0,52.0,38.0,45.0,46.0
META,2025-03-25,54.5,52.0,80.0,52.0,38.0,45.0,46.0
META,2025-03-26,54.5,52.0,80.0,52.0,38.0,45.0,46.0
META,2025-03-27,54.0,52.0,80.0,52.0,38.0,45.0,35.0
META,2025-03-28,63.8,68.0,80.0,80.0,28.0,45.0,54.0
META,2025-03-31,51.8,68.0,20.0,80.0,28.0,45.0,54.0
META,2025-04-01,45.7,52.0,20.0,68.0,38.0,45.0,46.0
META,2025-04-02,49.0,68.0,20.0,68.0,28.0,45.0,46.0
META,2025-04-03,58.4,82.0,20.0,90.0,28.0,45.0,62.0
META,2025-04-04,58.8,82.0,20.0,90.0,28.0,45.0,70.0
META,2025-04-07,58.4,82.0,20.0,90.0,28.0,45.0,62.0
META,2025-04-08,56.0,82.0,20.0,80.0,28.0,45.0,54.0
META,2025-04-09,42.6,52.0,20.0,52.0,38.0,38.0,62.0
META,2025-04-10,45.4,52.0,20.0,68.0,38.0,38.0,54.0
META,2025-04-11,43.5,52.0,20.0,68.0,28.0,38.0,46.0
META,2025-04-14,43.0,52.0,20.0,68.0,28.0,38.0,35.0
META,2025-04-15,48.3,68.0,20.0,68.0,28.0,38.0,46.0
META,2025-04-16,50.7,68.0,20.0,80.0,28.0,38.0,46.0
META,2025-04-17,47.8,68.0,20.0,68.0,28.0,38.0,35.0
META,2025-04-21,50.7,68.0,20.0,80.0,28.0,38.0,46.0
META,2025-04-22,48.3,68.0,20.0,68.0,28.0,38.0,46.0
META,2025-04-23,40.3,52.0,20.0,52.0,28.0,38.0,46.0
META,2025-04-24,51.8,52.0,80.0,52.0,28.0,38.0,35.0
META,2025-04-25,53.8,52.0,80.0,52.0,38.0,38.0,46.0
META,2025-04-28,53.8,52.0,80.0,52.0,38.0,38.0,46.0
META,2025-04-29,53.2,52.0,80.0,52.0,38.0,38.0,35.0
META,2025-04-30,54.2,52.0,80.0,52.0,38.0,38.0,54.0
META,2025-05-01,47.1,42.0,80.0,25.0,47.0,38.0,54.0
META,2025-05-02,57.9,42.0,80.0,60.0,72.0,38.0,54.0
META,2025-05-05,49.9,42.0,80.0,25.0,72.0,38.0,35.0
META,2025-05-06,52.5,42.0,80.0,38.0,72.0,38.0,35.0
META,2025-05-07,49.9,42.0,80.0,25.0,72.0,38.0,35.0
META,2025-05-08,48.3,42.0,80.0,25.0,53.0,45.0,46.0
META,2025-05-09,52.5,42.0,80.0,38.0,60.0,55.0,35.0
META,2025-05-12,55.6,32.0,80.0,60.0,72.0,45.0,54.0
META,2025-05-13,57.6,32.0,80.0,60.0,85.0,45.0,54.0
META,2025-05-14,45.9,18.0,80.0,25.0,85.0,45.0,46.0
META,2025-05-15,55.8,42.0,80.0,38.0,85.0,45.0,46.0
META,2025-05-16,56.2,42.0,80.0,38.0,85.0,45.0,54.0
META,2025-05-19,56.2,42.0,80.0,38.0,85.0,55.0,35.0
META,2025-05-20,56.2,42.0,80.0,38.0,85.0,55.0,35.0
META,2025-05-21,56.8,42.0,80.0,38.0,85.0,55.0,46.0
META,2025-05-22,57.0,42.0,80.0,52.0,72.0,55.0,35.0
META,2025-05-23,57.0,42.0,80.0,52.0,72.0,55.0,35.0
META,2025-05-27,54.2,42.0,80.0,38.0,72.0,55.0,35.0
META,2025-05-28,57.0,42.0,80.0,52.0,72.0,55.0,35.0
META,2025-05-29,45.0,42.0,20.0,52.0,72.0,55.0,35.0
META,2025-05-30,43.2,42.0,20.0,38.0,72.0,55.0,54.0
META,2025-06-02,49.6,32.0,80.0,25.0,72.0,55.0,54.0
META,2025-06-03,51.8,32.0,80.0,38.0,72.0,55.0,46.0
META,2025-06-04,45.4,18.0,80.0,25.0,72.0,55.0,54.0
META,2025-06-05,45.4,18.0,80.0,25.0,72.0,55.0,54.0
META,2025-06-06,52.0,18.0,80.0,60.0,72.0,55.0,46.0
META,2025-06-09,45.4,18.0,80.0,25.0,72.0,55.0,54.0
META,2025-06-10,44.2,18.0,80.0,25.0,60.0,65.0,46.0
META,2025-06-11,51.0,32.0,80.0,38.0,60.0,65.0,46.0
META,2025-06-12,50.5,32.0,80.0,38.0,60.0,65.0,35.0
META,2025-06-13,44.8,42.0,20.0,52.0,60.0,65.0,46.0
META,2025-06-16,39.4,32.0,20.0,38.0,60.0,65.0,54.0
META,2025-06-17,39.0,32.0,20.0,38.0,60.0,65.0,46.0
META,2025-06-18,42.0,42.0,20.0,38.0,60.0,65.0,46.0
META,2025-06-20,44.6,42.0,20.0,52.0,60.0,55.0,62.0
META,2025-06-23,41.0,42.0,20.0,38.0,60.0,55.0,46.0
META,2025-06-24,40.2,32.0,20.0,38.0,72.0,55.0,54.0
META,2025-06-25,42.8,42.0,20.0,38.0,72.0,55.0,46.0
META,2025-06-26,37.6,32.0,20.0,25.0,72.0,55.0,54.0
META,2025-06-27,52.4,18.0,80.0,60.0,72.0,55.0,54.0
META,2025-06-30,52.4,18.0,80.0,60.0,72.0,55.0,54.0
META,2025-07-01,53.4,42.0,80.0,38.0,60.0,55.0,54.0
META,2025-07-02,43.8,42.0,20.0,52.0,60.0,55.0,46.0
META,2025-07-03,42.0,42.0,20.0,38.0,60.0,65.0,46.0
META,2025-07-07,44.8,42.0,20.0,52.0,60.0,65.0,46.0
META,2025-07-08,41.5,42.0,20.0,38.0,60.0,65.0,35.0
META,2025-07-09,36.4,32.0,20.0,25.0,60.0,65.0,46.0
META,2025-07-10,42.0,42.0,20.0,38.0,60.0,65.0,46.0
META,2025-07-11,44.8,42.0,20.0,52.0,60.0,65.0,46.0
META,2025-07-14,44.8,42.0,20.0,52.0,60.0,65.0,46.0
META,2025-07-15,47.8,52.0,20.0,52.0,60.0,65.0,46.0
META,2025-07-16,50.4,52.0,20.0,68.0,53.0,65.0,54.0
META,2025-07-17,50.0,52.0,20.0,68.0,53.0,65.0,46.0
META,2025-07-18,50.4,52.0,20.0,68.0,53.0,65.0,54.0
META,2025-07-21,47.8,52.0,20.0,52.0,60.0,65.0,46.0
META,2025-07-22,50.0,52.0,20.0,68.0,53.0,65.0,46.0
META,2025-07-23,46.8,52.0,20.0,52.0,53.0,65.0,46.0
META,2025-07-24,43.8,42.0,20.0,52.0,53.0,65.0,46.0
META,2025-07-25,45.8,52.0,20.0,52.0,47.0,65.0,46.0
META,2025-07-28,42.8,42.0,20.0,52.0,47.0,65.0,46.0
META,2025-07-29,50.5,52.0,20.0,80.0,38.0,65.0,54.0
META,2025-07-30,51.3,52.0,20.0,80.0,38.0,65.0,70.0
META,2025-07-31,55.1,32.0,80.0,60.0,60.0,45.0,80.0
META,2025-08-01,49.8,42.0,80.0,25.0,60.0,45.0,54.0
META,2025-08-04,53.8,32.0,80.0,60.0,60.0,45.0,54.0
META,2025-08-05,49.4,42.0,80.0,25.0,60.0,45.0,46.0
META,2025-08-06,49.4,42.0,80.0,25.0,60.0,45.0,46.0
META,2025-08-07,51.5,42.0,80.0,38.0,60.0,45.0,35.0
META,2025-08-08,51.5,42.0,80.0,38.0,60.0,45.0,35.0
META,2025-08-11,51.5,42.0,80.0,38.0,60.0,45.0,35.0
META,2025-08-12,48.6,32.0,80.0,25.0,72.0,45.0,54.0
META,2025-08-13,53.2,42.0,80.0,38.0,72.0,45.0,35.0
META,2025-08-14,53.2,42.0,80.0,38.0,72.0,45.0,35.0
META,2025-08-15,54.2,42.0,80.0,38.0,72.0,45.0,54.0
META,2025-08-18,55.2,42.0,80.0,52.0,60.0,45.0,54.0
META,2025-08-19,45.8,52.0,20.0,52.0,60.0,45.0,46.0
META,2025-08-20,45.8,52.0,20.0,52.0,60.0,45.0,46.0
META,2025-08-21,45.2,52.0,20.0,52.0,60.0,45.0,35.0
META,2025-08-22,45.8,52.0,20.0,52.0,60.0,45.0,46.0
META,2025-08-25,45.2,52.0,20.0,52.0,60.0,45.0,35.0
META,2025-08-26,45.2,52.0,20.0,52.0,60.0,45.0,35.0
META,2025-08-27,48.5,52.0,20.0,68.0,60.0,45.0,35.0
META,2025-08-28,47.5,52.0,20.0,68.0,47.0,55.0,35.0
META,2025-08-29,50.4,52.0,20.0,80.0,47.0,55.0,46.0
META,2025-09-02,50.1,52.0,20.0,80.0,38.0,65.0,46.0
META,2025-09-03,47.7,52.0,20.0,68.0,38.0,65.0,46.0
META,2025-09-04,44.9,52.0,20.0,52.0,38.0,65.0,54.0
META,2025-09-05,45.8,52.0,20.0,52.0,47.0,65.0,46.0
META,2025-09-08,46.2,52.0,20.0,52.0,47.0,65.0,54.0
META,2025-09-09,43.2,42.0,20.0,52.0,47.0,65.0,54.0
META,2025-09-10,44.9,52.0,20.0,52.0,38.0,65.0,54.0
META,2025-09-11,44.5,52.0,20.0,52.0,38.0,65.0,46.0
META,2025-09-12,44.5,52.0,20.0,52.0,38.0,65.0,46.0
META,2025-09-15,49.9,42.0,80.0,25.0,47.0,65.0,54.0
META,2025-09-16,57.8,42.0,80.0,60.0,53.0,65.0,54.0
META,2025-09-17,51.4,42.0,80.0,25.0,60.0,65.0,46.0
META,2025-09-18,51.8,42.0,80.0,25.0,60.0,65.0,54.0
META,2025-09-19,52.6,42.0,80.0,25.0,60.0,65.0,70.0
META,2025-09-22,59.2,52.0,80.0,52.0,53.0,65.0,54.0
META,2025-09-23,59.2,52.0,80.0,52.0,53.0,65.0,54.0
META,2025-09-24,46.8,52.0,20.0,52.0,53.0,65.0,46.0
META,2025-09-25,46.8,52.0,20.0,52.0,53.0,65.0,46.0
META,2025-09-26,49.0,52.0,20.0,68.0,47.0,65.0,46.0
META,2025-09-29,50.0,52.0,20.0,68.0,53.0,65.0,46.0
META,2025-09-30,56.6,68.0,20.0,80.0,47.0,65.0,54.0
META,2025-10-01,59.0,68.0,20.0,90.0,47.0,65.0,62.0
META,2025-10-02,56.2,68.0,20.0,80.0,47.0,65.0,46.0
META,2025-10-03,57.3,68.0,20.0,90.0,38.0,65.0,54.0
META,2025-10-06,55.7,68.0,20.0,80.0,38.0,65.0,62.0
META,2025-10-07,54.9,68.0,20.0,80.0,38.0,65.0,46.0
META,2025-10-08,52.5,68.0,20.0,68.0,38.0,65.0,46.0
META,2025-10-09,45.8,52.0,20.0,52.0,47.0,65.0,46.0
META,2025-10-10,55.3,68.0,20.0,80.0,38.0,65.0,54.0
META,2025-10-13,47.2,52.0,20.0,68.0,38.0,65.0,35.0
META,2025-10-14,52.0,68.0,20.0,68.0,38.0,65.0,35.0
META,2025-10-15,44.5,52.0,20.0,52.0,38.0,65.0,46.0
META,2025-10-16,47.2,52.0,20.0,68.0,38.0,65.0,35.0
META,2025-10-17,44.5,52.0,20.0,52.0,38.0,65.0,46.0
META,2025-10-20,55.5,52.0,80.0,52.0,38.0,55.0,46.0
META,2025-10-21,56.3,52.0,80.0,52.0,47.0,55.0,35.0
META,2025-10-22,56.5,52.0,80.0,52.0,38.0,65.0,46.0
META,2025-10-23,55.0,52.0,80.0,38.0,47.0,65.0,46.0
META,2025-10-24,55.0,52.0,80.0,38.0,47.0,65.0,46.0
META,2025-10-27,56.3,42.0,80.0,60.0,53.0,55.0,46.0
META,2025-10-28,57.8,42.0,80.0,60.0,53.0,65.0,54.0
META,2025-10-29,52.6,42.0,80.0,25.0,60.0,65.0,70.0
META,2025-10-30,56.6,68.0,20.0,90.0,38.0,45.0,80.0
META,2025-10-31,60.8,82.0,20.0,90.0,38.0,45.0,80.0
META,2025-11-03,58.4,82.0,20.0,90.0,28.0,45.0,62.0
META,2025-11-04,58.0,82.0,20.0,90.0,28.0,45.0,54.0
META,2025-11-05,56.0,82.0,20.0,80.0,28.0,45.0,54.0
META,2025-11-06,56.0,82.0,20.0,80.0,28.0,45.0,54.0
META,2025-11-07,56.0,82.0,20.0,80.0,28.0,45.0,54.0
META,2025-11-10,49.0,68.0,20.0,68.0,28.0,45.0,46.0
META,2025-11-11,52.7,82.0,20.0,68.0,28.0,45.0,35.0
META,2025-11-12,53.6,82.0,20.0,68.0,28.0,45.0,54.0
META,2025-11-13,53.2,82.0,20.0,68.0,28.0,45.0,46.0
META,2025-11-14,53.2,82.0,20.0,68.0,28.0,45.0,46.0
META,2025-11-17,52.7,82.0,20.0,68.0,28.0,45.0,35.0
META,2025-11-18,53.6,82.0,20.0,68.0,28.0,45.0,54.0
META,2025-11-19,53.2,82.0,20.0,68.0,28.0,45.0,46.0
META,2025-11-20,53.2,82.0,20.0,68.0,28.0,45.0,46.0
META,2025-11-21,53.2,82.0,20.0,68.0,28.0,45.0,46.0
META,2025-11-24,57.8,68.0,80.0,52.0,28.0,45.0,46.0
META,2025-11-25,53.0,52.0,80.0,52.0,28.0,45.0,46.0
META,2025-11-26,52.5,52.0,80.0,52.0,28.0,45.0,35.0
META,2025-11-28,50.9,52.0,80.0,25.0,47.0,55.0,35.0
META,2025-12-01,53.5,52.0,80.0,38.0,47.0,55.0,35.0
META,2025-12-02,51.8,52.0,80.0,25.0,53.0,55.0,35.0
META,2025-12-03,54.4,52.0,80.0,38.0,53.0,55.0,35.0
META,2025-12-04,50.8,42.0,80.0,25.0,60.0,55.0,54.0
META,2025-12-05,57.8,42.0,80.0,60.0,60.0,55.0,54.0
META,2025-12-08,49.9,42.0,80.0,25.0,60.0,55.0,35.0
META,2025-12-09,55.5,52.0,80.0,38.0,60.0,55.0,35.0
META,2025-12-10,58.8,52.0,80.0,52.0,60.0,55.0,46.0
META,2025-12-11,56.0,52.0,80.0,38.0,60.0,55.0,46.0
META,2025-12-12,58.8,52.0,80.0,52.0,60.0,55.0,46.0
META,2025-12-15,58.8,52.0,80.0,52.0,60.0,55.0,46.0
META,2025-12-16,58.8,52.0,80.0,52.0,60.0,55.0,46.0
META,2025-12-17,58.8,52.0,80.0,52.0,60.0,55.0,46.0
META,2025-12-18,55.2,42.0,80.0,38.0,72.0,55.0,54.0
META,2025-12-19,61.8,52.0,80.0,52.0,72.0,55.0,70.0
META,2025-12-22,57.8,52.0,80.0,38.0,72.0,55.0,46.0
META,2025-12-23,52.5,42.0,80.0,38.0,60.0,55.0,35.0
META,2025-12-24,53.5,42.0,80.0,38.0,60.0,65.0,35.0
META,2025-12-26,59.2,52.0,80.0,52.0,60.0,65.0,35.0
META,2025-12-29,58.2,52.0,80.0,52.0,53.0,65.0,35.0
META,2025-12-30,53.5,42.0,80.0,38.0,60.0,65.0,35.0
META,2025-12-31,58.2,52.0,80.0,52.0,53.0,65.0,35.0
META,2026-01-02,62.0,52.0,80.0,68.0,53.0,65.0,46.0
META,2026-01-05,45.8,52.0,20.0,52.0,47.0,65.0,46.0
META,2026-01-06,45.8,52.0,20.0,52.0,47.0,65.0,46.0
META,2026-01-07,49.0,52.0,20.0,68.0,47.0,65.0,46.0
META,2026-01-08,51.4,52.0,20.0,80.0,47.0,65.0,46.0
META,2026-01-09,46.8,52.0,20.0,52.0,53.0,65.0,46.0
META,2026-01-12,51.9,52.0,20.0,80.0,47.0,65.0,54.0
META,2026-01-13,58.6,68.0,20.0,90.0,47.0,65.0,54.0
META,2026-01-14,57.3,68.0,20.0,90.0,38.0,65.0,54.0
META,2026-01-15,56.9,68.0,20.0,90.0,38.0,65.0,46.0
META,2026-01-16,55.3,68.0,20.0,80.0,38.0,65.0,54.0
META,2026-01-20,57.3,68.0,20.0,90.0,38.0,65.0,54.0
META,2026-01-21,55.3,68.0,20.0,80.0,38.0,65.0,54.0
META,2026-01-22,45.6,52.0,20.0,52.0,47.0,55.0,62.0
META,2026-01-23,54.6,42.0,80.0,52.0,47.0,55.0,62.0
META,2026-01-26,52.4,42.0,80.0,38.0,53.0,55.0,54.0
META,2026-01-27,52.0,42.0,80.0,38.0,53.0,55.0,46.0
META,2026-01-28,52.8,42.0,80.0,38.0,53.0,55.0,62.0
META,2026-01-29,52.7,18.0,80.0,60.0,72.0,45.0,80.0
META,2026-01-30,46.8,32.0,80.0,25.0,60.0,45.0,54.0
META,2026-02-02,49.4,42.0,80.0,25.0,60.0,45.0,46.0
META,2026-02-03,52.0,42.0,80.0,38.0,60.0,45.0,46.0
META,2026-02-04,56.8,52.0,80.0,52.0,53.0,45.0,46.0
META,2026-02-05,57.8,52.0,80.0,52.0,60.0,45.0,46.0
META,2026-02-06,56.8,52.0,80.0,52.0,53.0,45.0,46.0
META,2026-02-09,57.8,52.0,80.0,52.0,60.0,45.0,46.0
META,2026-02-10,45.2,52.0,20.0,52.0,60.0,45.0,35.0
META,2026-02-11,45.8,52.0,20.0,52.0,60.0,45.0,46.0
META,2026-02-12,45.8,52.0,20.0,52.0,60.0,45.0,46.0
META,2026-02-13,45.2,52.0,20.0,52.0,60.0,45.0,35.0
META,2026-02-17,48.5,52.0,20.0,68.0,60.0,45.0,35.0
META,2026-02-18,49.0,52.0,20.0,68.0,60.0,45.0,46.0
META,2026-02-19,48.5,52.0,20.0,68.0,60.0,45.0,35.0
META,2026-02-20,44.8,52.0,20.0,52.0,53.0,45.0,46.0
META,2026-02-23,45.2,52.0,20.0,68.0,38.0,45.0,35.0
META,2026-02-24,45.2,52.0,20.0,68.0,38.0,45.0,35.0
META,2026-02-25,43.3,52.0,20.0,52.0,47.0,45.0,35.0
META,2026-02-26,43.3,52.0,20.0,52.0,47.0,45.0,35.0
META,2026-02-27,42.4,52.0,20.0,52.0,28.0,55.0,54.0
META,2026-03-02,43.5,52.0,20.0,52.0,38.0,55.0,46.0
META,2026-03-03,43.5,52.0,20.0,52.0,38.0,55.0,46.0
META,2026-03-04,52.7,52.0,80.0,38.0,38.0,55.0,46.0
META,2026-03-05,58.2,52.0,80.0,52.0,47.0,65.0,54.0
META,2026-03-06,55.9,52.0,80.0,52.0,38.0,55.0,54.0
META,2026-03-09,46.2,52.0,20.0,52.0,47.0,65.0,54.0
META,2026-03-10,56.5,52.0,80.0,52.0,38.0,65.0,46.0
META,2026-03-11,57.8,52.0,80.0,52.0,47.0,65.0,46.0
META,2026-03-12,47.7,52.0,20.0,68.0,38.0,65.0,46.0
META,2026-03-13,56.7,68.0,20.0,90.0,38.0,55.0,62.0
META,2026-03-16,50.9,52.0,20.0,80.0,47.0,55.0,54.0
META,2026-03-17,50.4,52.0,20.0,80.0,47.0,55.0,46.0
META,2026-03-18,53.9,68.0,20.0,80.0,38.0,55.0,46.0
META,2026-03-19,56.3,68.0,20.0,90.0,38.0,55.0,54.0
META,2026-03-20,56.7,68.0,20.0,90.0,38.0,55.0,62.0
META,2026-03-23,54.3,68.0,20.0,80.0,38.0,55.0,54.0
META,2026-03-24,53.9,68.0,20.0,80.0,38.0,55.0,46.0
META,2026-03-25,53.9,68.0,20.0,80.0,38.0,55.0,46.0
META,2026-03-26,59.8,82.0,20.0,90.0,28.0,55.0,70.0
META,2026-03-27,59.8,82.0,20.0,90.0,28.0,55.0,70.0
META,2026-03-30,57.0,82.0,20.0,80.0,28.0,55.0,54.0
META,2026-03-31,45.0,52.0,20.0,68.0,28.0,45.0,62.0
META,2026-04-01,41.4,52.0,20.0,52.0,28.0,45.0,54.0
META,2026-04-02,41.0,52.0,20.0,52.0,28.0,45.0,46.0
META,2026-04-06,40.5,52.0,20.0,52.0,28.0,45.0,35.0
META,2026-04-07,52.5,52.0,80.0,52.0,28.0,45.0,35.0
META,2026-04-08,55.3,52.0,80.0,52.0,38.0,45.0,62.0
META,2026-04-09,49.1,42.0,80.0,38.0,38.0,45.0,54.0
META,2026-04-10,50.0,42.0,80.0,38.0,47.0,45.0,46.0
META,2026-04-13,51.5,42.0,80.0,38.0,60.0,45.0,35.0
META,2026-04-14,49.4,42.0,80.0,25.0,60.0,45.0,46.0
META,2026-04-15,46.4,32.0,80.0,25.0,60.0,45.0,46.0
META,2026-04-16,45.9,32.0,80.0,25.0,60.0,45.0,35.0
META,2026-04-17,48.2,32.0,80.0,25.0,72.0,45.0,46.0
META,2026-04-20,53.2,42.0,80.0,38.0,72.0,45.0,35.0
META,2026-04-21,53.2,42.0,80.0,38.0,72.0,45.0,35.0
META,2026-04-22,53.2,42.0,80.0,38.0,72.0,45.0,35.0
META,2026-04-23,56.0,42.0,80.0,52.0,72.0,45.0,35.0
META,2026-04-24,55.8,42.0,80.0,38.0,85.0,45.0,46.0
META,2026-04-27,56.8,42.0,80.0,38.0,85.0,55.0,46.0
META,2026-04-28,59.5,42.0,80.0,52.0,85.0,55.0,46.0
META,2026-04-29,58.0,42.0,80.0,52.0,72.0,55.0,54.0
META,2026-04-30,50.7,52.0,20.0,68.0,60.0,45.0,80.0
META,2026-05-01,49.4,52.0,20.0,68.0,60.0,45.0,54.0
META,2026-05-04,49.0,52.0,20.0,68.0,60.0,45.0,46.0
META,2026-05-05,56.6,68.0,20.0,80.0,60.0,45.0,54.0
META,2026-05-06,48.4,52.0,20.0,68.0,53.0,45.0,54.0
META,2026-05-07,47.0,52.0,20.0,68.0,47.0,45.0,46.0
META,2026-05-08,45.7,52.0,20.0,68.0,38.0,45.0,46.0
META,2026-05-11,52.9,68.0,20.0,80.0,38.0,45.0,46.0
META,2026-05-12,46.7,52.0,20.0,68.0,38.0,55.0,46.0
META,2026-05-13,43.5,52.0,20.0,52.0,38.0,55.0,46.0
META,2026-05-14,43.0,52.0,20.0,52.0,38.0,55.0,35.0
META,2026-05-15,42.0,52.0,20.0,52.0,28.0,55.0,46.0
META,2026-05-18,43.5,52.0,20.0,52.0,38.0,55.0,46.0
META,2026-05-19,46.7,52.0,20.0,68.0,38.0,55.0,46.0
META,2026-05-20,42.0,52.0,20.0,52.0,28.0,55.0,46.0
META,2026-05-21,43.5,52.0,20.0,52.0,38.0,55.0,46.0
META,2026-05-22,43.5,52.0,20.0,52.0,38.0,55.0,46.0
META,2026-05-26,43.5,52.0,20.0,52.0,38.0,55.0,46.0
META,2026-05-27,47.5,42.0,80.0,25.0,38.0,55.0,54.0
META,2026-05-28,54.5,42.0,80.0,60.0,38.0,55.0,54.0
META,2026-05-29,51.8,42.0,80.0,25.0,60.0,65.0,54.0
META,2026-06-01,60.9,52.0,80.0,68.0,47.0,55.0,62.0
META,2026-06-02,48.5,52.0,20.0,68.0,47.0,55.0,54.0
META,2026-06-03,55.4,52.0,80.0,38.0,53.0,55.0,54.0
META,2026-06-04,55.4,52.0,80.0,38.0,53.0,55.0,54.0
META,2026-06-05,49.9,52.0,20.0,80.0,38.0,55.0,62.0
META,2026-06-08,54.3,68.0,20.0,80.0,38.0,55.0,54.0
META,2026-06-09,55.2,68.0,20.0,80.0,47.0,55.0,46.0
META,2026-06-10,55.9,68.0,20.0,90.0,38.0,55.0,46.0
META,2026-06-11,54.3,68.0,20.0,80.0,38.0,55.0,54.0
META,2026-06-12,53.9,68.0,20.0,80.0,38.0,55.0,46.0
META,2026-06-15,42.5,52.0,20.0,52.0,38.0,45.0,46.0
META,2026-06-16,43.3,52.0,20.0,52.0,47.0,45.0,35.0
META,2026-06-17,53.3,68.0,20.0,80.0,38.0,45.0,54.0
META,2026-06-18,46.5,52.0,20.0,68.0,38.0,45.0,62.0
MSFT,2024-06-20,44.0,50.0,20.0,50.0,50.0,50.0,50.0
MSFT,2024-06-21,56.0,50.0,80.0,50.0,50.0,50.0,50.0
MSFT,2024-06-24,56.0,50.0,80.0,50.0,50.0,50.0,50.0
MSFT,2024-06-25,56.0,50.0,80.0,50.0,50.0,50.0,50.0
MSFT,2024-06-26,56.0,50.0,80.0,50.0,50.0,50.0,50.0
MSFT,2024-06-27,56.0,50.0,80.0,50.0,50.0,50.0,50.0
MSFT,2024-06-28,56.0,50.0,80.0,50.0,50.0,50.0,50.0
MSFT,2024-07-01,56.0,50.0,80.0,50.0,50.0,50.0,50.0
MSFT,2024-07-02,56.0,50.0,80.0,50.0,50.0,50.0,50.0
MSFT,2024-07-03,56.0,50.0,80.0,50.0,50.0,50.0,50.0
MSFT,2024-07-05,56.0,50.0,80.0,50.0,50.0,50.0,50.0
MSFT,2024-07-08,56.0,50.0,80.0,50.0,50.0,50.0,50.0
MSFT,2024-07-09,56.0,50.0,80.0,50.0,50.0,50.0,50.0
MSFT,2024-07-10,56.0,50.0,80.0,50.0,50.0,50.0,50.0
MSFT,2024-07-11,56.6,52.0,80.0,50.0,50.0,50.0,50.0
MSFT,2024-07-12,56.6,52.0,80.0,50.0,50.0,50.0,50.0
MSFT,2024-07-15,44.6,52.0,20.0,50.0,50.0,50.0,50.0
MSFT,2024-07-16,44.6,52.0,20.0,50.0,50.0,50.0,50.0
MSFT,2024-07-17,49.4,68.0,20.0,50.0,50.0,50.0,50.0
MSFT,2024-07-18,55.6,68.0,20.0,80.0,50.0,50.0,54.0
MSFT,2024-07-19,56.6,68.0,20.0,80.0,47.0,65.0,54.0
MSFT,2024-07-22,49.0,52.0,20.0,68.0,47.0,65.0,46.0
MSFT,2024-07-23,49.0,52.0,20.0,68.0,47.0,65.0,46.0
MSFT,2024-07-24,57.7,68.0,20.0,90.0,38.0,65.0,62.0
MSFT,2024-07-25,61.9,82.0,20.0,90.0,38.0,65.0,62.0
MSFT,2024-07-26,55.3,68.0,20.0,80.0,38.0,65.0,54.0
MSFT,2024-07-29,54.9,68.0,20.0,80.0,38.0,65.0,46.0
MSFT,2024-07-30,55.7,68.0,20.0,80.0,38.0,65.0,62.0
MSFT,2024-07-31,56.1,68.0,20.0,80.0,38.0,65.0,70.0
MSFT,2024-08-01,55.3,68.0,20.0,80.0,38.0,65.0,54.0
MSFT,2024-08-02,58.0,82.0,20.0,80.0,28.0,65.0,54.0
MSFT,2024-08-05,60.4,82.0,20.0,90.0,28.0,65.0,62.0
MSFT,2024-08-06,58.0,82.0,20.0,80.0,28.0,65.0,54.0
MSFT,2024-08-07,57.6,82.0,20.0,80.0,28.0,65.0,46.0
MSFT,2024-08-08,51.0,68.0,20.0,68.0,28.0,65.0,46.0
MSFT,2024-08-09,51.0,68.0,20.0,68.0,28.0,65.0,46.0
MSFT,2024-08-12,50.5,68.0,20.0,68.0,28.0,65.0,35.0
MSFT,2024-08-13,44.5,52.0,20.0,52.0,38.0,65.0,46.0
MSFT,2024-08-14,56.5,52.0,80.0,52.0,38.0,65.0,46.0
MSFT,2024-08-15,55.5,52.0,80.0,52.0,38.0,55.0,46.0
MSFT,2024-08-16,55.5,52.0,80.0,52.0,38.0,55.0,46.0
MSFT,2024-08-19,56.0,52.0,80.0,52.0,38.0,65.0,35.0
MSFT,2024-08-20,52.2,52.0,80.0,38.0,38.0,55.0,35.0
MSFT,2024-08-21,54.5,52.0,80.0,38.0,47.0,65.0,35.0
MSFT,2024-08-22,57.8,52.0,80.0,52.0,47.0,65.0,46.0
MSFT,2024-08-23,57.8,52.0,80.0,52.0,47.0,65.0,46.0
MSFT,2024-08-26,57.3,52.0,80.0,52.0,47.0,65.0,35.0
MSFT,2024-08-27,57.3,52.0,80.0,52.0,47.0,65.0,35.0
MSFT,2024-08-28,57.8,52.0,80.0,52.0,47.0,65.0,46.0
MSFT,2024-08-29,57.8,52.0,80.0,52.0,47.0,65.0,46.0
MSFT,2024-08-30,59.2,52.0,80.0,52.0,53.0,65.0,54.0
MSFT,2024-09-03,60.2,52.0,80.0,52.0,60.0,65.0,54.0
MSFT,2024-09-04,58.8,52.0,80.0,52.0,53.0,65.0,46.0
MSFT,2024-09-05,62.0,52.0,80.0,68.0,53.0,65.0,46.0
MSFT,2024-09-06,56.6,68.0,20.0,80.0,47.0,65.0,54.0
MSFT,2024-09-09,50.0,52.0,20.0,68.0,53.0,65.0,46.0
MSFT,2024-09-10,59.2,52.0,80.0,52.0,53.0,65.0,54.0
MSFT,2024-09-11,53.4,42.0,80.0,38.0,53.0,65.0,54.0
MSFT,2024-09-12,50.3,42.0,80.0,25.0,53.0,65.0,46.0
MSFT,2024-09-13,50.3,42.0,80.0,25.0,53.0,65.0,46.0
MSFT,2024-09-16,51.4,42.0,80.0,25.0,60.0,65.0,46.0
MSFT,2024-09-17,51.8,42.0,80.0,25.0,60.0,65.0,54.0
MSFT,2024-09-18,53.4,42.0,80.0,38.0,53.0,65.0,54.0
MSFT,2024-09-19,51.8,42.0,80.0,25.0,60.0,65.0,54.0
MSFT,2024-09-20,52.6,42.0,80.0,25.0,60.0,65.0,70.0
MSFT,2024-09-23,54.0,42.0,80.0,38.0,60.0,65.0,46.0
MSFT,2024-09-24,59.8,52.0,80.0,52.0,60.0,65.0,46.0
MSFT,2024-09-25,53.5,42.0,80.0,38.0,60.0,65.0,35.0
MSFT,2024-09-26,56.8,42.0,80.0,52.0,60.0,65.0,46.0
MSFT,2024-09-27,59.8,52.0,80.0,52.0,60.0,65.0,46.0
MSFT,2024-09-30,59.8,52.0,80.0,52.0,60.0,65.0,46.0
MSFT,2024-10-01,47.2,52.0,20.0,52.0,53.0,65.0,54.0
MSFT,2024-10-02,46.8,52.0,20.0,52.0,53.0,65.0,46.0
MSFT,2024-10-03,50.0,52.0,20.0,68.0,53.0,65.0,46.0
MSFT,2024-10-04,51.4,52.0,20.0,68.0,60.0,65.0,54.0
MSFT,2024-10-07,59.5,68.0,20.0,90.0,53.0,65.0,54.0
MSFT,2024-10-08,52.8,52.0,20.0,80.0,53.0,65.0,54.0
MSFT,2024-10-09,49.0,52.0,20.0,68.0,47.0,65.0,46.0
MSFT,2024-10-10,49.0,52.0,20.0,68.0,47.0,65.0,46.0
MSFT,2024-10-11,47.7,52.0,20.0,68.0,38.0,65.0,46.0
MSFT,2024-10-14,45.8,52.0,20.0,52.0,47.0,65.0,46.0
MSFT,2024-10-15,44.9,52.0,20.0,52.0,38.0,65.0,54.0
MSFT,2024-10-16,44.5,52.0,20.0,52.0,38.0,65.0,46.0
MSFT,2024-10-17,45.5,52.0,20.0,52.0,38.0,75.0,46.0
MSFT,2024-10-18,45.9,52.0,20.0,52.0,38.0,75.0,54.0
MSFT,2024-10-21,45.5,52.0,20.0,52.0,38.0,75.0,46.0
MSFT,2024-10-22,52.9,42.0,80.0,38.0,47.0,65.0,62.0
MSFT,2024-10-23,55.5,52.0,80.0,38.0,47.0,65.0,54.0
MSFT,2024-10-24,52.0,42.0,80.0,38.0,47.0,65.0,46.0
MSFT,2024-10-25,50.3,42.0,80.0,25.0,53.0,65.0,46.0
MSFT,2024-10-28,49.4,42.0,80.0,25.0,47.0,65.0,46.0
MSFT,2024-10-29,58.8,42.0,80.0,60.0,53.0,75.0,54.0
MSFT,2024-10-30,53.2,42.0,80.0,25.0,60.0,75.0,62.0
MSFT,2024-10-31,56.4,68.0,20.0,80.0,47.0,55.0,70.0
MSFT,2024-11-01,48.5,52.0,20.0,68.0,47.0,55.0,54.0
MSFT,2024-11-04,55.2,68.0,20.0,80.0,47.0,55.0,46.0
MSFT,2024-11-05,48.0,52.0,20.0,68.0,47.0,55.0,46.0
MSFT,2024-11-06,46.2,52.0,20.0,52.0,53.0,55.0,54.0
MSFT,2024-11-07,45.8,52.0,20.0,52.0,53.0,55.0,46.0
MSFT,2024-11-08,57.8,52.0,80.0,52.0,53.0,55.0,46.0
MSFT,2024-11-11,57.2,52.0,80.0,52.0,47.0,55.0,54.0
MSFT,2024-11-12,57.8,52.0,80.0,52.0,53.0,55.0,46.0
MSFT,2024-11-13,58.2,52.0,80.0,52.0,53.0,55.0,54.0
MSFT,2024-11-14,55.2,42.0,80.0,52.0,53.0,55.0,54.0
MSFT,2024-11-15,60.5,52.0,80.0,68.0,47.0,55.0,54.0
MSFT,2024-11-18,45.2,52.0,20.0,52.0,47.0,55.0,54.0
MSFT,2024-11-19,44.8,52.0,20.0,52.0,47.0,55.0,46.0
MSFT,2024-11-20,44.8,52.0,20.0,52.0,47.0,55.0,46.0
MSFT,2024-11-21,44.8,52.0,20.0,52.0,47.0,55.0,46.0
MSFT,2024-11-22,45.2,52.0,20.0,52.0,47.0,55.0,54.0
MSFT,2024-11-25,45.2,52.0,20.0,52.0,47.0,55.0,54.0
MSFT,2024-11-26,48.4,42.0,80.0,25.0,47.0,55.0,46.0
MSFT,2024-11-27,54.0,52.0,80.0,38.0,47.0,55.0,46.0
MSFT,2024-11-29,57.0,52.0,80.0,38.0,60.0,65.0,46.0
MSFT,2024-12-02,51.4,42.0,80.0,25.0,60.0,65.0,46.0
MSFT,2024-12-03,51.4,42.0,80.0,25.0,60.0,65.0,46.0
MSFT,2024-12-04,58.8,42.0,80.0,60.0,60.0,65.0,54.0
MSFT,2024-12-05,55.4,32.0,80.0,60.0,60.0,65.0,46.0
MSFT,2024-12-06,55.4,32.0,80.0,60.0,60.0,65.0,46.0
MSFT,2024-12-09,48.4,32.0,80.0,25.0,60.0,65.0,46.0
MSFT,2024-12-10,48.4,32.0,80.0,25.0,60.0,65.0,46.0
MSFT,2024-12-11,48.4,32.0,80.0,25.0,60.0,65.0,46.0
MSFT,2024-12-12,48.4,32.0,80.0,25.0,60.0,65.0,46.0
MSFT,2024-12-13,51.0,32.0,80.0,38.0,60.0,65.0,46.0
MSFT,2024-12-16,49.8,32.0,80.0,25.0,60.0,75.0,54.0
MSFT,2024-12-17,45.6,18.0,80.0,25.0,60.0,75.0,54.0
MSFT,2024-12-18,60.2,52.0,80.0,52.0,60.0,65.0,54.0
MSFT,2024-12-19,48.2,52.0,20.0,52.0,60.0,65.0,54.0
MSFT,2024-12-20,49.0,52.0,20.0,52.0,60.0,65.0,70.0
MSFT,2024-12-23,47.8,52.0,20.0,52.0,60.0,65.0,46.0
MSFT,2024-12-24,47.2,52.0,20.0,52.0,60.0,65.0,35.0
MSFT,2024-12-26,46.2,52.0,20.0,52.0,53.0,65.0,35.0
MSFT,2024-12-27,50.0,52.0,20.0,68.0,53.0,65.0,46.0
MSFT,2024-12-30,51.8,52.0,20.0,80.0,53.0,65.0,35.0
MSFT,2024-12-31,57.7,68.0,20.0,90.0,47.0,65.0,35.0
MSFT,2025-01-02,58.2,68.0,20.0,90.0,47.0,65.0,46.0
MSFT,2025-01-03,50.1,52.0,20.0,80.0,38.0,65.0,46.0
MSFT,2025-01-06,48.1,52.0,20.0,68.0,38.0,65.0,54.0
MSFT,2025-01-07,47.7,52.0,20.0,68.0,38.0,65.0,46.0
MSFT,2025-01-08,47.7,52.0,20.0,68.0,38.0,65.0,46.0
MSFT,2025-01-10,52.5,68.0,20.0,68.0,38.0,65.0,46.0
MSFT,2025-01-13,52.5,68.0,20.0,68.0,38.0,65.0,46.0
MSFT,2025-01-14,52.5,68.0,20.0,68.0,38.0,65.0,46.0
MSFT,2025-01-15,44.5,52.0,20.0,52.0,38.0,65.0,46.0
MSFT,2025-01-16,44.5,52.0,20.0,52.0,38.0,65.0,46.0
MSFT,2025-01-17,44.9,52.0,20.0,52.0,38.0,65.0,54.0
MSFT,2025-01-21,58.2,52.0,80.0,52.0,47.0,65.0,54.0
MSFT,2025-01-22,57.8,42.0,80.0,60.0,53.0,65.0,54.0
MSFT,2025-01-23,57.8,42.0,80.0,60.0,53.0,65.0,54.0
MSFT,2025-01-24,50.3,42.0,80.0,25.0,53.0,65.0,46.0
MSFT,2025-01-27,58.6,52.0,80.0,52.0,47.0,65.0,62.0
MSFT,2025-01-28,49.8,42.0,80.0,25.0,53.0,55.0,54.0
MSFT,2025-01-29,52.4,42.0,80.0,38.0,53.0,55.0,54.0
MSFT,2025-01-30,61.2,52.0,80.0,68.0,47.0,55.0,70.0
MSFT,2025-01-31,48.5,52.0,20.0,68.0,47.0,55.0,54.0
MSFT,2025-02-03,55.6,68.0,20.0,80.0,47.0,55.0,54.0
MSFT,2025-02-04,52.8,68.0,20.0,68.0,47.0,55.0,46.0
MSFT,2025-02-05,46.2,52.0,20.0,68.0,38.0,55.0,35.0
MSFT,2025-02-06,47.5,52.0,20.0,68.0,47.0,55.0,35.0
MSFT,2025-02-07,51.5,68.0,20.0,68.0,38.0,55.0,46.0
MSFT,2025-02-10,48.0,52.0,20.0,68.0,47.0,55.0,46.0
MSFT,2025-02-11,48.0,52.0,20.0,68.0,47.0,55.0,46.0
MSFT,2025-02-12,52.8,68.0,20.0,68.0,47.0,55.0,46.0
MSFT,2025-02-13,46.7,52.0,20.0,68.0,38.0,55.0,46.0
MSFT,2025-02-14,51.5,68.0,20.0,68.0,38.0,55.0,46.0
MSFT,2025-02-18,46.7,52.0,20.0,68.0,38.0,55.0,46.0
MSFT,2025-02-19,43.5,52.0,20.0,52.0,38.0,55.0,46.0
MSFT,2025-02-20,55.5,52.0,80.0,52.0,38.0,55.0,46.0
MSFT,2025-02-21,55.9,52.0,80.0,52.0,38.0,55.0,54.0
MSFT,2025-02-24,51.9,68.0,20.0,68.0,38.0,55.0,54.0
MSFT,2025-02-25,51.9,68.0,20.0,68.0,38.0,55.0,54.0
MSFT,2025-02-26,50.0,68.0,20.0,68.0,28.0,55.0,46.0
MSFT,2025-02-27,54.4,68.0,20.0,90.0,28.0,55.0,46.0
MSFT,2025-02-28,55.3,68.0,20.0,80.0,38.0,65.0,54.0
MSFT,2025-03-03,57.3,68.0,20.0,90.0,38.0,65.0,54.0
MSFT,2025-03-04,55.3,68.0,20.0,80.0,38.0,65.0,54.0
MSFT,2025-03-05,46.2,52.0,20.0,52.0,47.0,65.0,54.0
MSFT,2025-03-06,47.7,52.0,20.0,68.0,38.0,65.0,46.0
MSFT,2025-03-07,52.5,68.0,20.0,68.0,38.0,65.0,46.0
MSFT,2025-03-10,57.3,68.0,20.0,90.0,38.0,65.0,54.0
MSFT,2025-03-11,55.3,68.0,20.0,80.0,38.0,65.0,54.0
MSFT,2025-03-12,54.9,68.0,20.0,80.0,38.0,65.0,46.0
MSFT,2025-03-13,54.9,68.0,20.0,80.0,38.0,65.0,46.0
MSFT,2025-03-14,43.5,52.0,20.0,52.0,38.0,55.0,46.0
MSFT,2025-03-17,55.5,52.0,80.0,52.0,38.0,55.0,46.0
MSFT,2025-03-18,63.5,68.0,80.0,68.0,38.0,55.0,46.0
MSFT,2025-03-19,55.5,52.0,80.0,52.0,38.0,55.0,46.0
MSFT,2025-03-20,55.5,52.0,80.0,52.0,38.0,55.0,46.0
MSFT,2025-03-21,56.3,52.0,80.0,52.0,38.0,55.0,62.0
MSFT,2025-03-24,56.8,52.0,80.0,52.0,47.0,55.0,46.0
MSFT,2025-03-25,54.5,52.0,80.0,38.0,47.0,65.0,35.0
MSFT,2025-03-26,56.3,52.0,80.0,52.0,47.0,55.0,35.0
MSFT,2025-03-27,57.3,52.0,80.0,52.0,47.0,65.0,35.0
MSFT,2025-03-28,65.9,68.0,80.0,80.0,38.0,55.0,46.0
MSFT,2025-03-31,66.7,68.0,80.0,80.0,38.0,55.0,62.0
MSFT,2025-04-01,56.8,52.0,80.0,52.0,47.0,55.0,46.0
MSFT,2025-04-02,56.5,52.0,80.0,52.0,38.0,65.0,46.0
MSFT,2025-04-03,55.3,68.0,20.0,80.0,38.0,65.0,54.0
MSFT,2025-04-04,61.3,82.0,20.0,90.0,38.0,55.0,70.0
MSFT,2025-04-07,62.3,82.0,20.0,90.0,38.0,65.0,70.0
MSFT,2025-04-08,61.5,82.0,20.0,90.0,38.0,65.0,54.0
MSFT,2025-04-09,45.6,52.0,20.0,52.0,53.0,45.0,62.0
MSFT,2025-04-10,57.2,52.0,80.0,52.0,53.0,45.0,54.0
MSFT,2025-04-11,55.8,52.0,80.0,52.0,47.0,45.0,46.0
MSFT,2025-04-14,55.3,52.0,80.0,52.0,47.0,45.0,35.0
MSFT,2025-04-15,56.2,52.0,80.0,52.0,53.0,45.0,35.0
MSFT,2025-04-16,54.5,52.0,80.0,52.0,38.0,45.0,46.0
MSFT,2025-04-17,57.7,52.0,80.0,68.0,38.0,45.0,46.0
MSFT,2025-04-21,52.9,68.0,20.0,80.0,38.0,45.0,46.0
MSFT,2025-04-22,45.7,52.0,20.0,68.0,38.0,45.0,46.0
MSFT,2025-04-23,42.5,52.0,20.0,52.0,38.0,45.0,46.0
MSFT,2025-04-24,53.0,52.0,80.0,38.0,47.0,45.0,46.0
MSFT,2025-04-25,50.4,42.0,80.0,38.0,53.0,45.0,35.0
MSFT,2025-04-28,51.5,42.0,80.0,38.0,60.0,45.0,35.0
MSFT,2025-04-29,51.5,42.0,80.0,38.0,60.0,45.0,35.0
MSFT,2025-04-30,52.4,42.0,80.0,38.0,60.0,45.0,54.0
MSFT,2025-05-01,56.4,32.0,80.0,60.0,72.0,45.0,70.0
MSFT,2025-05-02,51.4,18.0,80.0,60.0,72.0,45.0,54.0
MSFT,2025-05-05,52.9,18.0,80.0,60.0,85.0,45.0,46.0
MSFT,2025-05-06,45.4,18.0,80.0,25.0,85.0,45.0,35.0
MSFT,2025-05-07,45.9,18.0,80.0,25.0,85.0,45.0,46.0
MSFT,2025-05-08,45.0,18.0,80.0,25.0,72.0,55.0,46.0
MSFT,2025-05-09,47.0,18.0,80.0,38.0,72.0,55.0,35.0
MSFT,2025-05-12,45.0,18.0,80.0,25.0,72.0,55.0,46.0
MSFT,2025-05-13,48.0,18.0,80.0,38.0,72.0,55.0,54.0
MSFT,2025-05-14,47.6,18.0,80.0,38.0,72.0,55.0,46.0
MSFT,2025-05-15,49.5,18.0,80.0,38.0,85.0,55.0,46.0
MSFT,2025-05-16,50.0,18.0,80.0,38.0,85.0,55.0,54.0
MSFT,2025-05-19,49.5,18.0,80.0,38.0,85.0,55.0,46.0
MSFT,2025-05-20,49.0,18.0,80.0,38.0,85.0,55.0,35.0
MSFT,2025-05-21,49.5,18.0,80.0,38.0,85.0,55.0,46.0
MSFT,2025-05-22,47.6,18.0,80.0,38.0,72.0,55.0,46.0
MSFT,2025-05-23,42.6,32.0,20.0,52.0,72.0,55.0,46.0
MSFT,2025-05-27,35.6,18.0,20.0,38.0,72.0,55.0,46.0
MSFT,2025-05-28,39.8,32.0,20.0,38.0,72.0,55.0,46.0
MSFT,2025-05-29,39.2,32.0,20.0,38.0,72.0,55.0,35.0
MSFT,2025-05-30,39.8,32.0,20.0,38.0,60.0,65.0,62.0
MSFT,2025-06-02,35.8,18.0,20.0,38.0,60.0,75.0,46.0
MSFT,2025-06-03,35.8,18.0,20.0,38.0,60.0,75.0,46.0
MSFT,2025-06-04,35.8,18.0,20.0,38.0,60.0,75.0,46.0
MSFT,2025-06-05,33.6,18.0,20.0,25.0,60.0,75.0,54.0
MSFT,2025-06-06,33.2,18.0,20.0,25.0,60.0,75.0,46.0
MSFT,2025-06-09,40.2,18.0,20.0,60.0,60.0,75.0,46.0
MSFT,2025-06-10,33.2,18.0,20.0,25.0,60.0,75.0,46.0
MSFT,2025-06-11,33.2,18.0,20.0,25.0,60.0,75.0,46.0
MSFT,2025-06-12,40.6,18.0,20.0,60.0,60.0,75.0,54.0
MSFT,2025-06-13,33.2,18.0,20.0,25.0,60.0,75.0,46.0
MSFT,2025-06-16,33.2,18.0,20.0,25.0,60.0,75.0,46.0
MSFT,2025-06-17,33.2,18.0,20.0,25.0,60.0,75.0,46.0
MSFT,2025-06-18,33.2,18.0,20.0,25.0,60.0,75.0,46.0
MSFT,2025-06-20,41.2,32.0,20.0,38.0,60.0,75.0,70.0
MSFT,2025-06-23,33.6,18.0,20.0,25.0,60.0,75.0,54.0
MSFT,2025-06-24,40.6,18.0,20.0,60.0,60.0,75.0,54.0
MSFT,2025-06-25,33.2,18.0,20.0,25.0,60.0,75.0,46.0
MSFT,2025-06-26,52.6,18.0,80.0,60.0,60.0,75.0,54.0
MSFT,2025-06-27,46.0,18.0,80.0,25.0,60.0,75.0,62.0
MSFT,2025-06-30,45.6,18.0,80.0,25.0,60.0,75.0,54.0
MSFT,2025-07-01,40.0,32.0,20.0,38.0,60.0,75.0,46.0
MSFT,2025-07-02,40.0,32.0,20.0,38.0,60.0,75.0,46.0
MSFT,2025-07-03,32.6,18.0,20.0,25.0,60.0,75.0,35.0
MSFT,2025-07-07,35.8,18.0,20.0,38.0,60.0,75.0,46.0
MSFT,2025-07-08,39.5,32.0,20.0,38.0,60.0,75.0,35.0
MSFT,2025-07-09,33.2,18.0,20.0,25.0,60.0,75.0,46.0
MSFT,2025-07-10,35.8,18.0,20.0,38.0,60.0,75.0,46.0
MSFT,2025-07-11,35.8,18.0,20.0,38.0,60.0,75.0,46.0
MSFT,2025-07-14,35.2,18.0,20.0,38.0,60.0,75.0,35.0
MSFT,2025-07-15,35.8,18.0,20.0,38.0,60.0,75.0,46.0
MSFT,2025-07-16,35.8,18.0,20.0,38.0,60.0,75.0,46.0
MSFT,2025-07-17,33.2,18.0,20.0,25.0,60.0,75.0,46.0
MSFT,2025-07-18,33.6,18.0,20.0,25.0,60.0,75.0,54.0
MSFT,2025-07-21,33.2,18.0,20.0,25.0,60.0,75.0,46.0
MSFT,2025-07-22,42.8,32.0,20.0,52.0,60.0,75.0,46.0
MSFT,2025-07-23,42.8,32.0,20.0,52.0,60.0,75.0,46.0
MSFT,2025-07-24,37.4,32.0,20.0,25.0,60.0,75.0,46.0
MSFT,2025-07-25,33.6,18.0,20.0,25.0,60.0,75.0,54.0
MSFT,2025-07-28,40.0,32.0,20.0,38.0,60.0,75.0,46.0
MSFT,2025-07-29,40.4,32.0,20.0,38.0,60.0,75.0,54.0
MSFT,2025-07-30,36.6,18.0,20.0,38.0,60.0,75.0,62.0
MSFT,2025-07-31,52.4,18.0,80.0,60.0,60.0,65.0,70.0
MSFT,2025-08-01,49.2,32.0,80.0,25.0,60.0,65.0,62.0
MSFT,2025-08-04,51.6,18.0,80.0,60.0,60.0,65.0,54.0
MSFT,2025-08-05,48.4,32.0,80.0,25.0,60.0,65.0,46.0
MSFT,2025-08-06,54.4,42.0,80.0,38.0,60.0,65.0,54.0
MSFT,2025-08-07,44.8,42.0,20.0,52.0,60.0,65.0,46.0
MSFT,2025-08-08,44.8,42.0,20.0,52.0,60.0,65.0,46.0
MSFT,2025-08-11,45.2,42.0,20.0,52.0,60.0,65.0,54.0
MSFT,2025-08-12,42.0,42.0,20.0,38.0,60.0,65.0,46.0
MSFT,2025-08-13,43.8,42.0,20.0,52.0,53.0,65.0,46.0
MSFT,2025-08-14,43.8,42.0,20.0,52.0,53.0,65.0,46.0
MSFT,2025-08-15,44.2,42.0,20.0,52.0,53.0,65.0,54.0
MSFT,2025-08-18,47.2,52.0,20.0,52.0,53.0,65.0,54.0
MSFT,2025-08-19,50.0,52.0,20.0,68.0,53.0,65.0,46.0
MSFT,2025-08-20,51.9,52.0,20.0,80.0,47.0,65.0,54.0
MSFT,2025-08-21,51.4,52.0,20.0,80.0,47.0,65.0,46.0
MSFT,2025-08-22,49.5,52.0,20.0,68.0,47.0,65.0,54.0
MSFT,2025-08-25,51.4,52.0,20.0,80.0,47.0,65.0,46.0
MSFT,2025-08-26,51.9,52.0,20.0,80.0,47.0,65.0,54.0
MSFT,2025-08-27,49.0,52.0,20.0,68.0,47.0,65.0,46.0
MSFT,2025-08-28,44.5,52.0,20.0,52.0,38.0,65.0,46.0
MSFT,2025-08-29,47.7,52.0,20.0,68.0,38.0,65.0,46.0
MSFT,2025-09-02,48.7,52.0,20.0,68.0,38.0,75.0,46.0
MSFT,2025-09-03,48.7,52.0,20.0,68.0,38.0,75.0,46.0
MSFT,2025-09-04,45.5,52.0,20.0,52.0,38.0,75.0,46.0
MSFT,2025-09-05,56.7,68.0,20.0,80.0,38.0,75.0,62.0
MSFT,2025-09-08,48.7,52.0,20.0,68.0,38.0,75.0,46.0
MSFT,2025-09-09,48.2,52.0,20.0,68.0,38.0,75.0,35.0
MSFT,2025-09-10,49.1,52.0,20.0,68.0,38.0,75.0,54.0
MSFT,2025-09-11,45.5,52.0,20.0,52.0,38.0,75.0,46.0
MSFT,2025-09-12,47.2,52.0,20.0,52.0,47.0,75.0,54.0
MSFT,2025-09-15,49.4,42.0,80.0,25.0,47.0,65.0,46.0
MSFT,2025-09-16,55.0,52.0,80.0,38.0,47.0,65.0,46.0
MSFT,2025-09-17,57.0,52.0,80.0,38.0,53.0,75.0,46.0
MSFT,2025-09-18,59.8,52.0,80.0,52.0,53.0,75.0,46.0
MSFT,2025-09-19,58.5,42.0,80.0,60.0,53.0,65.0,70.0
MSFT,2025-09-22,53.0,42.0,80.0,38.0,53.0,65.0,46.0
MSFT,2025-09-23,58.8,52.0,80.0,52.0,53.0,65.0,46.0
MSFT,2025-09-24,58.2,52.0,80.0,52.0,53.0,65.0,35.0
MSFT,2025-09-25,58.8,52.0,80.0,52.0,53.0,65.0,46.0
MSFT,2025-09-26,58.8,52.0,80.0,52.0,53.0,65.0,46.0
MSFT,2025-09-29,53.0,42.0,80.0,38.0,53.0,65.0,46.0
MSFT,2025-09-30,50.3,42.0,80.0,25.0,53.0,65.0,46.0
MSFT,2025-10-01,50.8,42.0,80.0,25.0,53.0,65.0,54.0
MSFT,2025-10-02,53.4,42.0,80.0,38.0,53.0,65.0,54.0
MSFT,2025-10-03,55.0,42.0,80.0,38.0,60.0,75.0,46.0
MSFT,2025-10-06,56.8,32.0,80.0,60.0,60.0,75.0,54.0
MSFT,2025-10-07,51.4,42.0,80.0,25.0,60.0,65.0,46.0
MSFT,2025-10-08,50.9,42.0,80.0,25.0,60.0,65.0,35.0
MSFT,2025-10-09,54.0,42.0,80.0,38.0,60.0,65.0,46.0
MSFT,2025-10-10,59.2,52.0,80.0,52.0,53.0,65.0,54.0
MSFT,2025-10-13,45.8,52.0,20.0,52.0,47.0,65.0,46.0
MSFT,2025-10-14,46.8,52.0,20.0,52.0,53.0,65.0,46.0
MSFT,2025-10-15,46.8,52.0,20.0,52.0,53.0,65.0,46.0
MSFT,2025-10-16,46.8,52.0,20.0,52.0,53.0,65.0,46.0
MSFT,2025-10-17,47.2,52.0,20.0,52.0,47.0,75.0,54.0
MSFT,2025-10-20,47.8,52.0,20.0,52.0,53.0,75.0,46.0
MSFT,2025-10-21,47.8,52.0,20.0,52.0,53.0,75.0,46.0
MSFT,2025-10-22,45.2,42.0,20.0,52.0,53.0,75.0,54.0
MSFT,2025-10-23,56.8,42.0,80.0,52.0,53.0,75.0,46.0
MSFT,2025-10-24,54.0,42.0,80.0,38.0,53.0,75.0,46.0
MSFT,2025-10-27,56.8,32.0,80.0,60.0,60.0,75.0,54.0
MSFT,2025-10-28,52.0,18.0,80.0,60.0,60.0,65.0,62.0
MSFT,2025-10-29,52.0,18.0,80.0,60.0,60.0,65.0,62.0
MSFT,2025-10-30,60.0,52.0,80.0,52.0,53.0,65.0,70.0
MSFT,2025-10-31,59.6,52.0,80.0,52.0,53.0,65.0,62.0
MSFT,2025-11-03,46.2,52.0,20.0,52.0,47.0,65.0,54.0
MSFT,2025-11-04,46.2,52.0,20.0,52.0,47.0,65.0,54.0
MSFT,2025-11-05,52.9,68.0,20.0,68.0,38.0,65.0,54.0
MSFT,2025-11-06,57.3,68.0,20.0,90.0,38.0,65.0,54.0
MSFT,2025-11-07,56.6,68.0,20.0,80.0,47.0,65.0,54.0
MSFT,2025-11-10,49.5,52.0,20.0,68.0,47.0,65.0,54.0
MSFT,2025-11-11,45.8,52.0,20.0,52.0,47.0,65.0,46.0
MSFT,2025-11-12,46.2,52.0,20.0,52.0,47.0,65.0,54.0
MSFT,2025-11-13,49.5,52.0,20.0,68.0,47.0,65.0,54.0
MSFT,2025-11-14,46.2,52.0,20.0,52.0,47.0,65.0,54.0
MSFT,2025-11-17,45.8,52.0,20.0,52.0,47.0,65.0,46.0
MSFT,2025-11-18,55.3,68.0,20.0,80.0,38.0,65.0,54.0
MSFT,2025-11-19,54.9,68.0,20.0,80.0,38.0,65.0,46.0
MSFT,2025-11-20,55.3,68.0,20.0,80.0,38.0,65.0,54.0
MSFT,2025-11-21,59.5,82.0,20.0,80.0,38.0,65.0,54.0
MSFT,2025-11-24,53.8,68.0,20.0,80.0,28.0,65.0,54.0
MSFT,2025-11-25,51.4,68.0,20.0,68.0,28.0,65.0,54.0
MSFT,2025-11-26,46.2,52.0,20.0,68.0,28.0,65.0,46.0
MSFT,2025-11-28,44.0,52.0,20.0,52.0,38.0,65.0,35.0
MSFT,2025-12-01,44.5,52.0,20.0,52.0,38.0,65.0,46.0
MSFT,2025-12-02,56.5,52.0,80.0,52.0,38.0,65.0,46.0
MSFT,2025-12-03,52.9,68.0,20.0,68.0,38.0,65.0,54.0
MSFT,2025-12-04,47.7,52.0,20.0,68.0,38.0,65.0,46.0
MSFT,2025-12-05,57.8,52.0,80.0,52.0,47.0,65.0,46.0
MSFT,2025-12-08,57.8,52.0,80.0,52.0,47.0,65.0,46.0
MSFT,2025-12-09,57.3,52.0,80.0,52.0,47.0,65.0,35.0
MSFT,2025-12-10,60.1,52.0,80.0,68.0,38.0,65.0,54.0
MSFT,2025-12-11,56.5,52.0,80.0,52.0,38.0,65.0,46.0
MSFT,2025-12-12,56.5,52.0,80.0,52.0,38.0,65.0,46.0
MSFT,2025-12-15,64.5,68.0,80.0,68.0,38.0,65.0,46.0
MSFT,2025-12-16,59.7,52.0,80.0,68.0,38.0,65.0,46.0
MSFT,2025-12-17,59.7,52.0,80.0,68.0,38.0,65.0,46.0
MSFT,2025-12-18,58.2,52.0,80.0,52.0,47.0,65.0,54.0
MSFT,2025-12-19,60.0,52.0,80.0,52.0,53.0,65.0,70.0
MSFT,2025-12-22,58.2,52.0,80.0,52.0,53.0,65.0,35.0
MSFT,2025-12-23,58.2,52.0,80.0,52.0,53.0,65.0,35.0
MSFT,2025-12-24,58.2,52.0,80.0,52.0,53.0,65.0,35.0
MSFT,2025-12-26,58.2,52.0,80.0,52.0,53.0,65.0,35.0
MSFT,2025-12-29,57.3,52.0,80.0,52.0,47.0,65.0,35.0
MSFT,2025-12-30,58.2,52.0,80.0,52.0,53.0,65.0,35.0
MSFT,2025-12-31,57.3,52.0,80.0,52.0,47.0,65.0,35.0
MSFT,2026-01-02,68.6,68.0,80.0,80.0,47.0,65.0,54.0
MSFT,2026-01-05,56.6,68.0,20.0,80.0,47.0,65.0,54.0
MSFT,2026-01-06,46.2,52.0,20.0,52.0,47.0,65.0,54.0
MSFT,2026-01-07,58.2,52.0,80.0,52.0,47.0,65.0,54.0
MSFT,2026-01-08,57.8,52.0,80.0,52.0,47.0,65.0,46.0
MSFT,2026-01-09,59.8,52.0,80.0,52.0,53.0,75.0,46.0
MSFT,2026-01-12,59.2,52.0,80.0,52.0,47.0,75.0,54.0
MSFT,2026-01-13,57.6,68.0,20.0,80.0,47.0,75.0,54.0
MSFT,2026-01-14,57.3,68.0,20.0,90.0,38.0,65.0,54.0
MSFT,2026-01-15,57.3,68.0,20.0,90.0,38.0,65.0,54.0
MSFT,2026-01-16,55.3,68.0,20.0,80.0,38.0,65.0,54.0
MSFT,2026-01-20,55.3,68.0,20.0,80.0,38.0,65.0,54.0
MSFT,2026-01-21,61.9,82.0,20.0,90.0,38.0,65.0,62.0
MSFT,2026-01-22,55.3,68.0,20.0,80.0,38.0,65.0,54.0
MSFT,2026-01-23,45.3,52.0,20.0,52.0,38.0,65.0,62.0
MSFT,2026-01-26,44.9,52.0,20.0,52.0,38.0,65.0,54.0
MSFT,2026-01-27,55.2,42.0,80.0,52.0,47.0,65.0,54.0
MSFT,2026-01-28,52.5,42.0,80.0,38.0,47.0,65.0,54.0
MSFT,2026-01-29,55.1,68.0,20.0,90.0,28.0,45.0,80.0
MSFT,2026-01-30,54.2,68.0,20.0,90.0,28.0,45.0,62.0
MSFT,2026-02-02,53.8,68.0,20.0,90.0,28.0,45.0,54.0
MSFT,2026-02-03,58.4,82.0,20.0,90.0,28.0,45.0,62.0
MSFT,2026-02-04,56.0,82.0,20.0,80.0,28.0,45.0,54.0
MSFT,2026-02-05,58.4,82.0,20.0,90.0,28.0,45.0,62.0
MSFT,2026-02-06,56.0,82.0,20.0,80.0,28.0,45.0,54.0
MSFT,2026-02-09,49.4,68.0,20.0,68.0,28.0,45.0,54.0
MSFT,2026-02-10,49.4,68.0,20.0,68.0,28.0,45.0,54.0
MSFT,2026-02-11,49.0,68.0,20.0,68.0,28.0,45.0,46.0
MSFT,2026-02-12,49.0,68.0,20.0,68.0,28.0,45.0,46.0
MSFT,2026-02-13,49.0,68.0,20.0,68.0,28.0,45.0,46.0
MSFT,2026-02-17,48.5,68.0,20.0,68.0,28.0,45.0,35.0
MSFT,2026-02-18,48.5,68.0,20.0,68.0,28.0,45.0,35.0
MSFT,2026-02-19,48.5,68.0,20.0,68.0,28.0,45.0,35.0
MSFT,2026-02-20,49.0,68.0,20.0,68.0,28.0,45.0,46.0
MSFT,2026-02-23,53.2,82.0,20.0,68.0,28.0,45.0,46.0
MSFT,2026-02-24,49.0,68.0,20.0,68.0,28.0,45.0,46.0
MSFT,2026-02-25,57.8,68.0,80.0,52.0,28.0,45.0,46.0
MSFT,2026-02-26,53.0,52.0,80.0,52.0,28.0,45.0,46.0
MSFT,2026-02-27,63.9,68.0,80.0,68.0,38.0,55.0,54.0
MSFT,2026-03-02,55.5,52.0,80.0,52.0,38.0,55.0,46.0
MSFT,2026-03-03,55.5,52.0,80.0,52.0,38.0,55.0,46.0
MSFT,2026-03-04,56.8,52.0,80.0,52.0,47.0,55.0,46.0
MSFT,2026-03-05,51.4,52.0,80.0,25.0,47.0,55.0,46.0
MSFT,2026-03-06,56.0,52.0,80.0,38.0,60.0,55.0,46.0
MSFT,2026-03-09,55.0,52.0,80.0,38.0,53.0,55.0,46.0
MSFT,2026-03-10,57.8,52.0,80.0,52.0,47.0,65.0,46.0
MSFT,2026-03-11,57.8,52.0,80.0,52.0,47.0,65.0,46.0
MSFT,2026-03-12,57.8,52.0,80.0,52.0,47.0,65.0,46.0
MSFT,2026-03-13,62.6,68.0,80.0,52.0,47.0,65.0,46.0
MSFT,2026-03-16,57.8,52.0,80.0,52.0,47.0,65.0,46.0
MSFT,2026-03-17,58.8,52.0,80.0,52.0,53.0,65.0,46.0
MSFT,2026-03-18,65.8,68.0,80.0,68.0,47.0,65.0,46.0
MSFT,2026-03-19,68.2,68.0,80.0,80.0,47.0,65.0,46.0
MSFT,2026-03-20,57.3,68.0,20.0,90.0,38.0,65.0,54.0
MSFT,2026-03-23,56.2,68.0,20.0,80.0,47.0,65.0,46.0
MSFT,2026-03-24,61.5,82.0,20.0,90.0,38.0,65.0,54.0
MSFT,2026-03-25,61.1,82.0,20.0,90.0,38.0,65.0,46.0
MSFT,2026-03-26,61.5,82.0,20.0,90.0,38.0,65.0,54.0
MSFT,2026-03-27,61.5,82.0,20.0,90.0,38.0,65.0,54.0
MSFT,2026-03-30,59.5,82.0,20.0,80.0,38.0,65.0,54.0
MSFT,2026-03-31,52.9,68.0,20.0,68.0,38.0,65.0,54.0
MSFT,2026-04-01,52.5,68.0,20.0,68.0,38.0,65.0,46.0
MSFT,2026-04-02,49.3,68.0,20.0,52.0,38.0,65.0,46.0
MSFT,2026-04-06,60.8,68.0,80.0,52.0,38.0,65.0,35.0
MSFT,2026-04-07,60.8,68.0,80.0,52.0,38.0,65.0,35.0
MSFT,2026-04-08,56.9,52.0,80.0,52.0,38.0,65.0,54.0
MSFT,2026-04-09,56.5,52.0,80.0,52.0,38.0,65.0,46.0
MSFT,2026-04-10,61.3,68.0,80.0,52.0,38.0,65.0,46.0
MSFT,2026-04-13,57.2,52.0,80.0,52.0,47.0,55.0,54.0
MSFT,2026-04-14,48.9,42.0,80.0,25.0,47.0,55.0,54.0
MSFT,2026-04-15,53.8,32.0,80.0,60.0,53.0,55.0,54.0
MSFT,2026-04-16,50.6,18.0,80.0,60.0,60.0,55.0,54.0
MSFT,2026-04-17,50.6,18.0,80.0,60.0,60.0,55.0,54.0
MSFT,2026-04-20,47.4,32.0,80.0,25.0,60.0,55.0,46.0
MSFT,2026-04-21,49.2,32.0,80.0,25.0,72.0,55.0,46.0
MSFT,2026-04-22,45.0,18.0,80.0,25.0,72.0,55.0,46.0
MSFT,2026-04-23,55.2,42.0,80.0,38.0,72.0,55.0,54.0
MSFT,2026-04-24,54.8,42.0,80.0,38.0,72.0,55.0,46.0
MSFT,2026-04-27,54.8,42.0,80.0,38.0,72.0,55.0,46.0
MSFT,2026-04-28,51.8,32.0,80.0,38.0,72.0,55.0,46.0
MSFT,2026-04-29,55.2,42.0,80.0,38.0,72.0,55.0,54.0
MSFT,2026-04-30,61.8,52.0,80.0,52.0,72.0,55.0,70.0
MSFT,2026-05-01,60.6,52.0,80.0,52.0,72.0,55.0,46.0
MSFT,2026-05-04,48.6,52.0,20.0,52.0,72.0,55.0,46.0
MSFT,2026-05-05,48.6,52.0,20.0,52.0,72.0,55.0,46.0
MSFT,2026-05-06,48.6,52.0,20.0,52.0,72.0,55.0,46.0
MSFT,2026-05-07,45.6,42.0,20.0,52.0,72.0,55.0,46.0
MSFT,2026-05-08,48.6,52.0,20.0,52.0,72.0,55.0,46.0
MSFT,2026-05-11,46.8,52.0,20.0,52.0,60.0,55.0,46.0
MSFT,2026-05-12,52.8,52.0,20.0,80.0,60.0,55.0,54.0
MSFT,2026-05-13,50.4,52.0,20.0,80.0,47.0,55.0,46.0
MSFT,2026-05-14,48.0,52.0,20.0,68.0,47.0,55.0,46.0
MSFT,2026-05-15,42.2,42.0,20.0,52.0,47.0,55.0,54.0
MSFT,2026-05-18,42.8,42.0,20.0,52.0,53.0,55.0,46.0
MSFT,2026-05-19,44.8,52.0,20.0,52.0,47.0,55.0,46.0
MSFT,2026-05-20,41.8,42.0,20.0,52.0,47.0,55.0,46.0
MSFT,2026-05-21,43.8,42.0,20.0,52.0,53.0,65.0,46.0
MSFT,2026-05-22,42.3,42.0,20.0,52.0,47.0,65.0,35.0
MSFT,2026-05-26,45.8,52.0,20.0,52.0,47.0,65.0,46.0
MSFT,2026-05-27,44.5,52.0,20.0,52.0,38.0,65.0,46.0
MSFT,2026-05-28,44.8,42.0,20.0,60.0,53.0,55.0,54.0
MSFT,2026-05-29,53.2,18.0,80.0,60.0,72.0,55.0,70.0
MSFT,2026-06-01,52.4,18.0,80.0,60.0,72.0,55.0,54.0
MSFT,2026-06-02,50.8,42.0,80.0,25.0,60.0,55.0,54.0
MSFT,2026-06-03,59.2,52.0,80.0,52.0,60.0,55.0,54.0
MSFT,2026-06-04,58.8,52.0,80.0,52.0,60.0,55.0,46.0
MSFT,2026-06-05,44.8,52.0,20.0,52.0,47.0,55.0,46.0
MSFT,2026-06-08,44.8,52.0,20.0,52.0,47.0,55.0,46.0
MSFT,2026-06-09,48.0,52.0,20.0,68.0,47.0,55.0,46.0
MSFT,2026-06-10,55.2,68.0,20.0,80.0,47.0,55.0,46.0
MSFT,2026-06-11,54.3,68.0,20.0,80.0,38.0,55.0,54.0
MSFT,2026-06-12,53.9,68.0,20.0,80.0,38.0,55.0,46.0
MSFT,2026-06-15,46.7,52.0,20.0,68.0,38.0,55.0,46.0
MSFT,2026-06-16,46.7,52.0,20.0,68.0,38.0,55.0,46.0
MSFT,2026-06-17,54.3,68.0,20.0,80.0,38.0,55.0,54.0
MSFT,2026-06-18,54.7,68.0,20.0,80.0,38.0,55.0,62.0
NFLX,2024-06-20,44.0,50.0,20.0,50.0,50.0,50.0,50.0
NFLX,2024-06-21,56.0,50.0,80.0,50.0,50.0,50.0,50.0
NFLX,2024-06-24,44.0,50.0,20.0,50.0,50.0,50.0,50.0
NFLX,2024-06-25,44.0,50.0,20.0,50.0,50.0,50.0,50.0
NFLX,2024-06-26,44.0,50.0,20.0,50.0,50.0,50.0,50.0
NFLX,2024-06-27,56.0,50.0,80.0,50.0,50.0,50.0,50.0
NFLX,2024-06-28,44.0,50.0,20.0,50.0,50.0,50.0,50.0
NFLX,2024-07-01,44.0,50.0,20.0,50.0,50.0,50.0,50.0
NFLX,2024-07-02,44.0,50.0,20.0,50.0,50.0,50.0,50.0
NFLX,2024-07-03,56.0,50.0,80.0,50.0,50.0,50.0,50.0
NFLX,2024-07-05,56.0,50.0,80.0,50.0,50.0,50.0,50.0
NFLX,2024-07-08,56.0,50.0,80.0,50.0,50.0,50.0,50.0
NFLX,2024-07-09,56.0,50.0,80.0,50.0,50.0,50.0,50.0
NFLX,2024-07-10,56.0,50.0,80.0,50.0,50.0,50.0,50.0
NFLX,2024-07-11,49.4,68.0,20.0,50.0,50.0,50.0,50.0
NFLX,2024-07-12,53.6,82.0,20.0,50.0,50.0,50.0,50.0
NFLX,2024-07-15,49.4,68.0,20.0,50.0,50.0,50.0,50.0
NFLX,2024-07-16,49.4,68.0,20.0,50.0,50.0,50.0,50.0
NFLX,2024-07-17,49.4,68.0,20.0,50.0,50.0,50.0,50.0
NFLX,2024-07-18,56.4,68.0,20.0,80.0,50.0,50.0,70.0
NFLX,2024-07-19,62.3,82.0,20.0,90.0,38.0,65.0,70.0
NFLX,2024-07-22,52.9,68.0,20.0,68.0,38.0,65.0,54.0
NFLX,2024-07-23,52.0,68.0,20.0,68.0,38.0,65.0,35.0
NFLX,2024-07-24,55.3,68.0,20.0,80.0,38.0,65.0,54.0
NFLX,2024-07-25,52.9,68.0,20.0,68.0,38.0,65.0,54.0
NFLX,2024-07-26,52.5,68.0,20.0,68.0,38.0,65.0,46.0
NFLX,2024-07-29,58.5,82.0,20.0,80.0,38.0,65.0,35.0
NFLX,2024-07-30,59.1,82.0,20.0,80.0,38.0,65.0,46.0
NFLX,2024-07-31,52.5,68.0,20.0,68.0,38.0,65.0,46.0
NFLX,2024-08-01,52.5,68.0,20.0,68.0,38.0,65.0,46.0
NFLX,2024-08-02,57.6,82.0,20.0,80.0,28.0,65.0,46.0
NFLX,2024-08-05,59.6,82.0,20.0,90.0,28.0,65.0,46.0
NFLX,2024-08-06,53.8,68.0,20.0,80.0,28.0,65.0,54.0
NFLX,2024-08-07,52.5,68.0,20.0,68.0,38.0,65.0,46.0
NFLX,2024-08-08,44.5,52.0,20.0,52.0,38.0,65.0,46.0
NFLX,2024-08-09,57.3,52.0,80.0,52.0,47.0,65.0,35.0
NFLX,2024-08-12,56.0,52.0,80.0,52.0,38.0,65.0,35.0
NFLX,2024-08-13,51.5,42.0,80.0,38.0,47.0,65.0,35.0
NFLX,2024-08-14,57.8,42.0,80.0,60.0,53.0,65.0,54.0
NFLX,2024-08-15,51.4,42.0,80.0,25.0,60.0,65.0,46.0
NFLX,2024-08-16,55.8,32.0,80.0,60.0,60.0,65.0,54.0
NFLX,2024-08-19,55.4,32.0,80.0,60.0,60.0,65.0,46.0
NFLX,2024-08-20,51.6,18.0,80.0,60.0,60.0,65.0,54.0
NFLX,2024-08-21,43.6,18.0,80.0,25.0,60.0,65.0,35.0
NFLX,2024-08-22,48.4,32.0,80.0,25.0,60.0,65.0,46.0
NFLX,2024-08-23,54.0,42.0,80.0,38.0,60.0,65.0,46.0
NFLX,2024-08-26,50.5,32.0,80.0,38.0,60.0,65.0,35.0
NFLX,2024-08-27,53.2,32.0,80.0,38.0,72.0,65.0,54.0
NFLX,2024-08-28,56.8,42.0,80.0,52.0,60.0,65.0,46.0
NFLX,2024-08-29,55.8,42.0,80.0,38.0,72.0,65.0,46.0
NFLX,2024-08-30,53.2,32.0,80.0,38.0,72.0,65.0,54.0
NFLX,2024-09-03,61.0,52.0,80.0,52.0,72.0,55.0,54.0
NFLX,2024-09-04,61.0,52.0,80.0,52.0,72.0,65.0,35.0
NFLX,2024-09-05,46.0,42.0,20.0,52.0,72.0,65.0,35.0
NFLX,2024-09-06,47.2,52.0,20.0,52.0,60.0,55.0,54.0
NFLX,2024-09-09,46.8,52.0,20.0,52.0,60.0,55.0,46.0
NFLX,2024-09-10,46.8,52.0,20.0,52.0,60.0,55.0,46.0
NFLX,2024-09-11,47.8,52.0,20.0,52.0,60.0,65.0,46.0
NFLX,2024-09-12,44.8,42.0,20.0,52.0,60.0,65.0,46.0
NFLX,2024-09-13,42.0,42.0,20.0,38.0,60.0,65.0,46.0
NFLX,2024-09-16,42.0,42.0,20.0,38.0,60.0,65.0,46.0
NFLX,2024-09-17,50.3,42.0,80.0,25.0,53.0,65.0,46.0
NFLX,2024-09-18,58.2,52.0,80.0,52.0,47.0,65.0,54.0
NFLX,2024-09-19,50.1,42.0,80.0,25.0,53.0,55.0,62.0
NFLX,2024-09-20,53.8,42.0,80.0,38.0,53.0,65.0,62.0
NFLX,2024-09-23,53.4,42.0,80.0,38.0,53.0,65.0,54.0
NFLX,2024-09-24,54.8,32.0,80.0,60.0,60.0,55.0,54.0
NFLX,2024-09-25,50.4,42.0,80.0,25.0,60.0,55.0,46.0
NFLX,2024-09-26,53.4,42.0,80.0,38.0,60.0,55.0,54.0
NFLX,2024-09-27,52.0,42.0,80.0,38.0,53.0,55.0,46.0
NFLX,2024-09-30,51.4,42.0,80.0,38.0,53.0,55.0,35.0
NFLX,2024-10-01,45.2,42.0,20.0,52.0,60.0,65.0,54.0
NFLX,2024-10-02,41.5,42.0,20.0,38.0,60.0,65.0,35.0
NFLX,2024-10-03,44.8,42.0,20.0,52.0,60.0,65.0,46.0
NFLX,2024-10-04,42.0,42.0,20.0,38.0,60.0,65.0,46.0
NFLX,2024-10-07,48.2,52.0,20.0,52.0,60.0,65.0,54.0
NFLX,2024-10-08,39.8,42.0,20.0,25.0,60.0,65.0,54.0
NFLX,2024-10-09,51.4,42.0,80.0,25.0,60.0,65.0,46.0
NFLX,2024-10-10,51.8,42.0,80.0,25.0,60.0,65.0,54.0
NFLX,2024-10-11,54.0,42.0,80.0,38.0,60.0,65.0,46.0
NFLX,2024-10-14,47.2,52.0,20.0,52.0,53.0,65.0,54.0
NFLX,2024-10-15,46.2,52.0,20.0,52.0,47.0,65.0,54.0
NFLX,2024-10-16,50.0,52.0,20.0,68.0,53.0,65.0,46.0
NFLX,2024-10-17,54.6,52.0,20.0,90.0,47.0,65.0,70.0
NFLX,2024-10-18,55.1,32.0,80.0,60.0,60.0,45.0,80.0
NFLX,2024-10-21,54.2,32.0,80.0,60.0,60.0,45.0,62.0
NFLX,2024-10-22,49.4,42.0,80.0,25.0,60.0,45.0,46.0
NFLX,2024-10-23,52.0,42.0,80.0,38.0,60.0,45.0,46.0
NFLX,2024-10-24,52.0,42.0,80.0,38.0,60.0,45.0,46.0
NFLX,2024-10-25,52.0,42.0,80.0,38.0,60.0,45.0,46.0
NFLX,2024-10-28,52.0,42.0,80.0,38.0,60.0,45.0,46.0
NFLX,2024-10-29,52.0,42.0,80.0,38.0,60.0,45.0,46.0
NFLX,2024-10-30,51.5,42.0,80.0,38.0,60.0,45.0,35.0
NFLX,2024-10-31,52.0,42.0,80.0,38.0,60.0,45.0,46.0
NFLX,2024-11-01,54.8,42.0,80.0,52.0,60.0,45.0,46.0
NFLX,2024-11-04,42.2,42.0,20.0,52.0,60.0,45.0,35.0
NFLX,2024-11-05,39.5,42.0,20.0,38.0,60.0,45.0,35.0
NFLX,2024-11-06,49.0,32.0,80.0,38.0,60.0,45.0,46.0
NFLX,2024-11-07,42.2,18.0,80.0,25.0,60.0,45.0,46.0
NFLX,2024-11-08,45.9,32.0,80.0,25.0,60.0,45.0,35.0
NFLX,2024-11-11,43.4,18.0,80.0,25.0,72.0,45.0,35.0
NFLX,2024-11-12,44.0,18.0,80.0,25.0,72.0,45.0,46.0
NFLX,2024-11-13,51.0,18.0,80.0,60.0,72.0,45.0,46.0
NFLX,2024-11-14,52.9,18.0,80.0,60.0,85.0,45.0,46.0
NFLX,2024-11-15,44.6,18.0,80.0,25.0,60.0,65.0,54.0
NFLX,2024-11-18,44.6,18.0,80.0,25.0,60.0,65.0,54.0
NFLX,2024-11-19,53.4,18.0,80.0,60.0,72.0,65.0,54.0
NFLX,2024-11-20,53.4,18.0,80.0,60.0,72.0,65.0,54.0
NFLX,2024-11-21,53.4,18.0,80.0,60.0,72.0,65.0,54.0
NFLX,2024-11-22,46.4,18.0,80.0,25.0,72.0,65.0,54.0
NFLX,2024-11-25,53.6,32.0,80.0,38.0,72.0,65.0,62.0
NFLX,2024-11-26,52.8,32.0,80.0,38.0,72.0,65.0,46.0
NFLX,2024-11-27,52.8,32.0,80.0,38.0,72.0,65.0,46.0
NFLX,2024-11-29,48.0,18.0,80.0,38.0,72.0,65.0,35.0
NFLX,2024-12-02,48.6,18.0,80.0,38.0,72.0,65.0,46.0
NFLX,2024-12-03,48.6,18.0,80.0,38.0,72.0,65.0,46.0
NFLX,2024-12-04,48.6,18.0,80.0,38.0,72.0,65.0,46.0
NFLX,2024-12-05,46.0,18.0,80.0,25.0,72.0,65.0,46.0
NFLX,2024-12-06,46.0,18.0,80.0,25.0,72.0,65.0,46.0
NFLX,2024-12-09,53.2,32.0,80.0,38.0,72.0,65.0,54.0
NFLX,2024-12-10,40.8,32.0,20.0,38.0,72.0,65.0,46.0
NFLX,2024-12-11,33.4,18.0,20.0,25.0,72.0,55.0,54.0
NFLX,2024-12-12,39.8,32.0,20.0,38.0,72.0,55.0,46.0
NFLX,2024-12-13,38.0,32.0,20.0,38.0,60.0,55.0,46.0
NFLX,2024-12-16,39.8,32.0,20.0,38.0,72.0,55.0,46.0
NFLX,2024-12-17,41.8,32.0,20.0,52.0,60.0,65.0,46.0
NFLX,2024-12-18,45.8,52.0,20.0,52.0,53.0,55.0,46.0
NFLX,2024-12-19,42.8,42.0,20.0,52.0,53.0,55.0,46.0
NFLX,2024-12-20,43.6,42.0,20.0,52.0,53.0,55.0,62.0
NFLX,2024-12-23,42.8,42.0,20.0,52.0,53.0,55.0,46.0
NFLX,2024-12-24,42.0,42.0,20.0,38.0,60.0,65.0,46.0
NFLX,2024-12-26,44.8,42.0,20.0,52.0,60.0,65.0,46.0
NFLX,2024-12-27,48.2,52.0,20.0,52.0,60.0,65.0,54.0
NFLX,2024-12-30,50.0,52.0,20.0,68.0,53.0,65.0,46.0
NFLX,2024-12-31,50.9,52.0,20.0,80.0,47.0,65.0,35.0
NFLX,2025-01-02,51.4,52.0,20.0,80.0,47.0,65.0,46.0
NFLX,2025-01-03,50.5,52.0,20.0,80.0,38.0,65.0,54.0
NFLX,2025-01-06,50.5,52.0,20.0,80.0,38.0,65.0,54.0
NFLX,2025-01-07,50.1,52.0,20.0,80.0,38.0,65.0,46.0
NFLX,2025-01-08,50.1,52.0,20.0,80.0,38.0,65.0,46.0
NFLX,2025-01-10,56.7,68.0,20.0,90.0,38.0,55.0,62.0
NFLX,2025-01-13,55.8,68.0,20.0,90.0,28.0,65.0,54.0
NFLX,2025-01-14,55.8,68.0,20.0,90.0,28.0,65.0,54.0
NFLX,2025-01-15,47.1,52.0,20.0,68.0,38.0,55.0,54.0
NFLX,2025-01-16,51.9,68.0,20.0,68.0,38.0,55.0,54.0
NFLX,2025-01-17,43.9,52.0,20.0,52.0,38.0,55.0,54.0
NFLX,2025-01-21,47.0,52.0,20.0,52.0,47.0,65.0,70.0
NFLX,2025-01-22,55.1,32.0,80.0,60.0,60.0,45.0,80.0
NFLX,2025-01-23,50.0,18.0,80.0,60.0,60.0,45.0,62.0
NFLX,2025-01-24,46.8,32.0,80.0,25.0,60.0,45.0,54.0
NFLX,2025-01-27,46.8,32.0,80.0,25.0,60.0,45.0,54.0
NFLX,2025-01-28,46.4,32.0,80.0,25.0,60.0,45.0,46.0
NFLX,2025-01-29,45.9,32.0,80.0,25.0,60.0,45.0,35.0
NFLX,2025-01-30,49.0,32.0,80.0,38.0,60.0,45.0,46.0
NFLX,2025-01-31,49.0,32.0,80.0,38.0,60.0,45.0,46.0
NFLX,2025-02-03,50.8,32.0,80.0,38.0,72.0,45.0,46.0
NFLX,2025-02-04,47.0,18.0,80.0,38.0,72.0,45.0,54.0
NFLX,2025-02-05,46.6,18.0,80.0,38.0,72.0,45.0,46.0
NFLX,2025-02-06,46.0,18.0,80.0,38.0,72.0,45.0,35.0
NFLX,2025-02-07,46.0,18.0,80.0,38.0,72.0,45.0,35.0
NFLX,2025-02-10,49.0,18.0,80.0,38.0,85.0,55.0,35.0
NFLX,2025-02-11,51.2,32.0,80.0,38.0,72.0,55.0,35.0
NFLX,2025-02-12,49.5,18.0,80.0,38.0,85.0,55.0,46.0
NFLX,2025-02-13,49.5,18.0,80.0,38.0,85.0,55.0,46.0
NFLX,2025-02-14,46.4,18.0,80.0,25.0,85.0,55.0,35.0
NFLX,2025-02-18,53.8,32.0,80.0,38.0,85.0,55.0,46.0
NFLX,2025-02-19,51.2,32.0,80.0,38.0,72.0,55.0,35.0
NFLX,2025-02-20,44.8,42.0,20.0,52.0,60.0,65.0,46.0
NFLX,2025-02-21,47.2,52.0,20.0,52.0,53.0,65.0,54.0
NFLX,2025-02-24,47.2,52.0,20.0,52.0,53.0,65.0,54.0
NFLX,2025-02-25,50.4,52.0,20.0,68.0,53.0,65.0,54.0
NFLX,2025-02-26,46.8,52.0,20.0,52.0,53.0,65.0,46.0
NFLX,2025-02-27,51.9,52.0,20.0,80.0,47.0,65.0,54.0
NFLX,2025-02-28,49.4,52.0,20.0,68.0,53.0,55.0,54.0
NFLX,2025-03-03,48.5,52.0,20.0,68.0,47.0,55.0,54.0
NFLX,2025-03-04,48.5,52.0,20.0,68.0,47.0,55.0,54.0
NFLX,2025-03-05,45.2,52.0,20.0,52.0,47.0,55.0,54.0
NFLX,2025-03-06,55.6,68.0,20.0,90.0,28.0,55.0,70.0
NFLX,2025-03-07,55.2,68.0,20.0,90.0,28.0,55.0,62.0
NFLX,2025-03-10,55.2,68.0,20.0,90.0,28.0,55.0,62.0
NFLX,2025-03-11,52.2,68.0,20.0,80.0,28.0,45.0,62.0
NFLX,2025-03-12,46.1,52.0,20.0,68.0,38.0,45.0,54.0
NFLX,2025-03-13,49.4,68.0,20.0,68.0,28.0,45.0,54.0
NFLX,2025-03-14,44.6,52.0,20.0,68.0,28.0,45.0,54.0
NFLX,2025-03-17,41.4,52.0,20.0,52.0,28.0,45.0,54.0
NFLX,2025-03-18,41.4,52.0,20.0,52.0,28.0,45.0,54.0
NFLX,2025-03-19,54.9,52.0,80.0,52.0,38.0,45.0,54.0
NFLX,2025-03-20,54.5,52.0,80.0,52.0,38.0,45.0,46.0
NFLX,2025-03-21,54.9,52.0,80.0,52.0,38.0,45.0,54.0
NFLX,2025-03-24,55.8,52.0,80.0,52.0,47.0,45.0,46.0
NFLX,2025-03-25,50.4,42.0,80.0,38.0,53.0,45.0,35.0
NFLX,2025-03-26,55.3,52.0,80.0,52.0,47.0,45.0,35.0
NFLX,2025-03-27,53.4,52.0,80.0,38.0,53.0,45.0,35.0
NFLX,2025-03-28,54.5,52.0,80.0,52.0,38.0,45.0,46.0
NFLX,2025-03-31,54.5,52.0,80.0,52.0,38.0,45.0,46.0
NFLX,2025-04-01,42.0,52.0,20.0,52.0,38.0,45.0,35.0
NFLX,2025-04-02,42.0,52.0,20.0,52.0,38.0,45.0,35.0
NFLX,2025-04-03,46.2,52.0,20.0,52.0,53.0,55.0,54.0
NFLX,2025-04-04,55.3,68.0,20.0,90.0,38.0,45.0,54.0
NFLX,2025-04-07,55.5,68.0,20.0,80.0,53.0,45.0,54.0
NFLX,2025-04-08,54.6,68.0,20.0,80.0,47.0,45.0,54.0
NFLX,2025-04-09,45.2,52.0,20.0,52.0,53.0,45.0,54.0
NFLX,2025-04-10,45.8,52.0,20.0,52.0,60.0,45.0,46.0
NFLX,2025-04-11,44.8,52.0,20.0,52.0,53.0,45.0,46.0
NFLX,2025-04-14,55.8,52.0,80.0,52.0,47.0,45.0,46.0
NFLX,2025-04-15,52.8,42.0,80.0,38.0,60.0,45.0,62.0
NFLX,2025-04-16,57.2,52.0,80.0,52.0,53.0,45.0,54.0
NFLX,2025-04-17,51.8,42.0,80.0,38.0,53.0,45.0,62.0
NFLX,2025-04-21,51.8,42.0,80.0,38.0,53.0,45.0,62.0
NFLX,2025-04-22,54.2,32.0,80.0,60.0,60.0,45.0,62.0
NFLX,2025-04-23,53.8,32.0,80.0,60.0,60.0,45.0,54.0
NFLX,2025-04-24,51.4,18.0,80.0,60.0,72.0,45.0,54.0
NFLX,2025-04-25,50.4,18.0,80.0,60.0,72.0,45.0,35.0
NFLX,2025-04-28,43.4,18.0,80.0,25.0,72.0,45.0,35.0
NFLX,2025-04-29,45.4,18.0,80.0,25.0,85.0,45.0,35.0
NFLX,2025-04-30,45.9,18.0,80.0,25.0,85.0,45.0,46.0
NFLX,2025-05-01,45.4,18.0,80.0,25.0,85.0,45.0,35.0
NFLX,2025-05-02,45.4,18.0,80.0,25.0,85.0,45.0,35.0
NFLX,2025-05-05,48.5,18.0,80.0,38.0,85.0,45.0,46.0
NFLX,2025-05-06,48.0,18.0,80.0,38.0,85.0,45.0,35.0
NFLX,2025-05-07,48.5,18.0,80.0,38.0,85.0,45.0,46.0
NFLX,2025-05-08,53.2,32.0,80.0,38.0,85.0,55.0,35.0
NFLX,2025-05-09,53.2,32.0,80.0,38.0,85.0,55.0,35.0
NFLX,2025-05-12,48.0,42.0,20.0,52.0,85.0,55.0,54.0
NFLX,2025-05-13,47.5,42.0,20.0,52.0,85.0,55.0,46.0
NFLX,2025-05-14,39.8,32.0,20.0,38.0,72.0,55.0,46.0
NFLX,2025-05-15,41.8,32.0,20.0,38.0,85.0,55.0,46.0
NFLX,2025-05-16,46.9,18.0,80.0,25.0,85.0,55.0,46.0
NFLX,2025-05-19,46.4,18.0,80.0,25.0,85.0,55.0,35.0
NFLX,2025-05-20,44.4,18.0,80.0,25.0,72.0,55.0,35.0
NFLX,2025-05-21,45.0,18.0,80.0,25.0,72.0,55.0,46.0
NFLX,2025-05-22,38.5,32.0,20.0,38.0,60.0,65.0,35.0
NFLX,2025-05-23,38.5,32.0,20.0,38.0,60.0,65.0,35.0
NFLX,2025-05-27,32.2,18.0,20.0,25.0,60.0,65.0,46.0
NFLX,2025-05-28,31.6,18.0,20.0,25.0,60.0,65.0,35.0
NFLX,2025-05-29,44.8,42.0,20.0,52.0,60.0,65.0,46.0
NFLX,2025-05-30,39.4,32.0,20.0,38.0,60.0,65.0,54.0
NFLX,2025-06-02,35.9,32.0,20.0,25.0,60.0,65.0,35.0
NFLX,2025-06-03,39.0,32.0,20.0,38.0,60.0,65.0,46.0
NFLX,2025-06-04,32.2,18.0,20.0,25.0,60.0,65.0,46.0
NFLX,2025-06-05,32.2,18.0,20.0,25.0,60.0,65.0,46.0
NFLX,2025-06-06,39.0,32.0,20.0,38.0,60.0,65.0,46.0
NFLX,2025-06-09,42.0,42.0,20.0,38.0,60.0,65.0,46.0
NFLX,2025-06-10,45.2,42.0,20.0,52.0,60.0,65.0,54.0
NFLX,2025-06-11,44.8,42.0,20.0,52.0,60.0,65.0,46.0
NFLX,2025-06-12,44.8,42.0,20.0,52.0,60.0,65.0,46.0
NFLX,2025-06-13,43.8,42.0,20.0,52.0,53.0,65.0,46.0
NFLX,2025-06-16,43.8,42.0,20.0,52.0,53.0,65.0,46.0
NFLX,2025-06-17,43.8,42.0,20.0,52.0,53.0,65.0,46.0
NFLX,2025-06-18,43.8,42.0,20.0,52.0,53.0,65.0,46.0
NFLX,2025-06-20,42.8,42.0,20.0,38.0,60.0,65.0,62.0
NFLX,2025-06-23,36.4,32.0,20.0,25.0,60.0,65.0,46.0
NFLX,2025-06-24,39.2,18.0,20.0,60.0,60.0,65.0,46.0
NFLX,2025-06-25,51.2,18.0,80.0,60.0,60.0,65.0,46.0
NFLX,2025-06-26,51.2,18.0,80.0,60.0,60.0,65.0,46.0
NFLX,2025-06-27,53.4,18.0,80.0,60.0,72.0,65.0,54.0
NFLX,2025-06-30,53.4,18.0,80.0,60.0,72.0,65.0,54.0
NFLX,2025-07-01,54.8,42.0,80.0,38.0,60.0,65.0,62.0
NFLX,2025-07-02,57.2,42.0,80.0,52.0,60.0,65.0,54.0
NFLX,2025-07-03,53.5,42.0,80.0,38.0,60.0,65.0,35.0
NFLX,2025-07-07,44.8,42.0,20.0,52.0,60.0,65.0,46.0
NFLX,2025-07-08,44.2,42.0,20.0,52.0,53.0,65.0,54.0
NFLX,2025-07-09,44.8,42.0,20.0,52.0,60.0,65.0,46.0
NFLX,2025-07-10,48.2,52.0,20.0,52.0,60.0,65.0,54.0
NFLX,2025-07-11,47.2,52.0,20.0,52.0,53.0,65.0,54.0
NFLX,2025-07-14,47.8,52.0,20.0,52.0,60.0,65.0,46.0
NFLX,2025-07-15,47.8,52.0,20.0,52.0,60.0,65.0,46.0
NFLX,2025-07-16,47.2,52.0,20.0,52.0,53.0,65.0,54.0
NFLX,2025-07-17,45.6,42.0,20.0,52.0,60.0,65.0,62.0
NFLX,2025-07-18,53.6,52.0,20.0,90.0,47.0,55.0,70.0
NFLX,2025-07-21,49.4,52.0,20.0,68.0,53.0,55.0,54.0
NFLX,2025-07-22,56.3,68.0,20.0,90.0,38.0,55.0,54.0
NFLX,2025-07-23,56.3,68.0,20.0,90.0,38.0,55.0,54.0
NFLX,2025-07-24,53.9,68.0,20.0,80.0,38.0,55.0,46.0
NFLX,2025-07-25,53.4,68.0,20.0,80.0,38.0,55.0,35.0
NFLX,2025-07-28,52.4,68.0,20.0,80.0,28.0,55.0,46.0
NFLX,2025-07-29,51.9,68.0,20.0,80.0,28.0,55.0,35.0
NFLX,2025-07-30,46.7,52.0,20.0,68.0,38.0,55.0,46.0
NFLX,2025-07-31,53.9,68.0,20.0,80.0,38.0,55.0,46.0
NFLX,2025-08-01,50.0,68.0,20.0,68.0,28.0,55.0,46.0
NFLX,2025-08-04,46.2,52.0,20.0,68.0,38.0,55.0,35.0
NFLX,2025-08-05,51.0,68.0,20.0,68.0,38.0,55.0,35.0
NFLX,2025-08-06,43.5,52.0,20.0,52.0,38.0,55.0,46.0
NFLX,2025-08-07,43.0,52.0,20.0,52.0,38.0,55.0,35.0
NFLX,2025-08-08,56.8,52.0,80.0,52.0,47.0,55.0,46.0
NFLX,2025-08-11,55.0,52.0,80.0,52.0,38.0,55.0,35.0
NFLX,2025-08-12,53.5,52.0,80.0,38.0,47.0,55.0,35.0
NFLX,2025-08-13,55.5,52.0,80.0,52.0,38.0,55.0,46.0
NFLX,2025-08-14,47.5,42.0,80.0,25.0,38.0,55.0,54.0
NFLX,2025-08-15,49.3,42.0,80.0,25.0,53.0,55.0,46.0
NFLX,2025-08-18,48.8,42.0,80.0,25.0,53.0,55.0,35.0
NFLX,2025-08-19,59.2,52.0,80.0,52.0,53.0,65.0,54.0
NFLX,2025-08-20,59.8,52.0,80.0,52.0,60.0,65.0,46.0
NFLX,2025-08-21,58.2,52.0,80.0,52.0,53.0,65.0,35.0
NFLX,2025-08-22,59.2,52.0,80.0,52.0,53.0,65.0,54.0
NFLX,2025-08-25,59.8,52.0,80.0,52.0,60.0,65.0,46.0
NFLX,2025-08-26,56.5,52.0,80.0,38.0,60.0,65.0,35.0
NFLX,2025-08-27,59.2,52.0,80.0,52.0,60.0,65.0,35.0
NFLX,2025-08-28,54.0,42.0,80.0,38.0,60.0,65.0,46.0
NFLX,2025-08-29,60.2,52.0,80.0,52.0,60.0,65.0,54.0
NFLX,2025-09-02,59.8,52.0,80.0,52.0,60.0,65.0,46.0
NFLX,2025-09-03,59.8,52.0,80.0,52.0,60.0,65.0,46.0
NFLX,2025-09-04,58.8,42.0,80.0,60.0,60.0,65.0,54.0
NFLX,2025-09-05,51.4,42.0,80.0,25.0,60.0,65.0,46.0
NFLX,2025-09-08,53.0,42.0,80.0,38.0,53.0,65.0,46.0
NFLX,2025-09-09,58.4,42.0,80.0,60.0,60.0,65.0,46.0
NFLX,2025-09-10,53.4,42.0,80.0,38.0,53.0,65.0,54.0
NFLX,2025-09-11,62.2,52.0,80.0,68.0,47.0,65.0,70.0
NFLX,2025-09-12,50.5,52.0,20.0,80.0,38.0,65.0,54.0
NFLX,2025-09-15,49.5,52.0,20.0,68.0,47.0,65.0,54.0
NFLX,2025-09-16,47.7,52.0,20.0,68.0,38.0,65.0,46.0
NFLX,2025-09-17,47.2,52.0,20.0,52.0,53.0,65.0,54.0
NFLX,2025-09-18,46.2,52.0,20.0,52.0,47.0,65.0,54.0
NFLX,2025-09-19,47.6,52.0,20.0,52.0,53.0,65.0,62.0
NFLX,2025-09-22,46.8,52.0,20.0,52.0,53.0,65.0,46.0
NFLX,2025-09-23,46.8,52.0,20.0,52.0,53.0,65.0,46.0
NFLX,2025-09-24,49.0,52.0,20.0,68.0,47.0,65.0,46.0
NFLX,2025-09-25,45.3,52.0,20.0,52.0,47.0,65.0,35.0
NFLX,2025-09-26,45.3,52.0,20.0,52.0,47.0,65.0,35.0
NFLX,2025-09-29,46.2,52.0,20.0,52.0,47.0,65.0,54.0
NFLX,2025-09-30,49.5,52.0,20.0,68.0,47.0,65.0,54.0
NFLX,2025-10-01,55.3,68.0,20.0,80.0,38.0,65.0,54.0
NFLX,2025-10-02,57.3,68.0,20.0,90.0,38.0,65.0,54.0
NFLX,2025-10-03,56.9,68.0,20.0,90.0,38.0,65.0,46.0
NFLX,2025-10-06,54.9,68.0,20.0,80.0,38.0,65.0,46.0
NFLX,2025-10-07,44.9,52.0,20.0,52.0,38.0,65.0,54.0
NFLX,2025-10-08,45.8,52.0,20.0,52.0,47.0,65.0,46.0
NFLX,2025-10-09,53.0,42.0,80.0,38.0,53.0,65.0,46.0
NFLX,2025-10-10,59.2,52.0,80.0,52.0,53.0,65.0,54.0
NFLX,2025-10-13,58.8,52.0,80.0,52.0,53.0,65.0,46.0
NFLX,2025-10-14,58.8,52.0,80.0,52.0,53.0,65.0,46.0
NFLX,2025-10-15,57.3,52.0,80.0,52.0,47.0,65.0,35.0
NFLX,2025-10-16,57.8,52.0,80.0,52.0,47.0,65.0,46.0
NFLX,2025-10-17,57.8,52.0,80.0,52.0,47.0,65.0,46.0
NFLX,2025-10-20,50.8,42.0,80.0,25.0,53.0,65.0,54.0
NFLX,2025-10-21,51.5,42.0,80.0,25.0,53.0,65.0,70.0
NFLX,2025-10-22,56.6,68.0,20.0,90.0,38.0,45.0,80.0
NFLX,2025-10-23,55.7,68.0,20.0,90.0,38.0,45.0,62.0
NFLX,2025-10-24,55.3,68.0,20.0,90.0,38.0,45.0,54.0
NFLX,2025-10-27,53.3,68.0,20.0,80.0,38.0,45.0,54.0
NFLX,2025-10-28,52.9,68.0,20.0,80.0,38.0,45.0,46.0
NFLX,2025-10-29,50.5,68.0,20.0,68.0,38.0,45.0,46.0
NFLX,2025-10-30,52.9,68.0,20.0,80.0,38.0,45.0,46.0
NFLX,2025-10-31,47.9,52.0,20.0,68.0,47.0,45.0,62.0
NFLX,2025-11-03,50.9,68.0,20.0,68.0,38.0,45.0,54.0
NFLX,2025-11-04,50.5,68.0,20.0,68.0,38.0,45.0,46.0
NFLX,2025-11-05,50.5,68.0,20.0,68.0,38.0,45.0,46.0
NFLX,2025-11-06,49.0,68.0,20.0,68.0,28.0,45.0,46.0
NFLX,2025-11-07,47.3,68.0,20.0,52.0,38.0,45.0,46.0
NFLX,2025-11-10,54.5,52.0,80.0,52.0,38.0,45.0,46.0
NFLX,2025-11-11,54.0,52.0,80.0,52.0,38.0,45.0,35.0
NFLX,2025-11-12,54.5,52.0,80.0,52.0,38.0,45.0,46.0
NFLX,2025-11-13,55.8,52.0,80.0,52.0,47.0,45.0,46.0
NFLX,2025-11-14,54.5,52.0,80.0,52.0,38.0,45.0,46.0
NFLX,2025-11-17,52.5,52.0,80.0,52.0,28.0,45.0,35.0
NFLX,2025-11-18,49.1,52.0,80.0,25.0,38.0,45.0,46.0
NFLX,2025-11-19,56.8,52.0,80.0,52.0,47.0,55.0,46.0
NFLX,2025-11-20,55.9,68.0,20.0,90.0,38.0,55.0,46.0
NFLX,2025-11-21,56.3,68.0,20.0,90.0,38.0,55.0,54.0
NFLX,2025-11-24,48.9,52.0,20.0,68.0,47.0,55.0,62.0
NFLX,2025-11-25,53.9,68.0,20.0,80.0,38.0,55.0,46.0
NFLX,2025-11-26,46.2,52.0,20.0,68.0,38.0,55.0,35.0
NFLX,2025-11-28,44.3,52.0,20.0,52.0,47.0,55.0,35.0
NFLX,2025-12-01,44.3,52.0,20.0,52.0,47.0,55.0,35.0
NFLX,2025-12-02,56.8,52.0,80.0,52.0,47.0,55.0,46.0
NFLX,2025-12-03,54.3,68.0,20.0,80.0,38.0,55.0,54.0
NFLX,2025-12-04,54.3,68.0,20.0,80.0,38.0,55.0,54.0
NFLX,2025-12-05,55.6,68.0,20.0,80.0,38.0,55.0,80.0
NFLX,2025-12-08,55.6,68.0,20.0,90.0,28.0,55.0,70.0
NFLX,2025-12-09,52.8,68.0,20.0,80.0,28.0,55.0,54.0
NFLX,2025-12-10,58.4,82.0,20.0,90.0,28.0,45.0,62.0
NFLX,2025-12-11,56.6,82.0,20.0,80.0,28.0,55.0,46.0
NFLX,2025-12-12,51.8,68.0,20.0,80.0,28.0,45.0,54.0
NFLX,2025-12-15,52.4,68.0,20.0,80.0,28.0,55.0,46.0
NFLX,2025-12-16,50.0,68.0,20.0,68.0,28.0,55.0,46.0
NFLX,2025-12-17,50.4,68.0,20.0,68.0,28.0,55.0,54.0
NFLX,2025-12-18,50.0,68.0,20.0,68.0,28.0,55.0,46.0
NFLX,2025-12-19,50.8,68.0,20.0,68.0,28.0,55.0,62.0
NFLX,2025-12-22,50.0,68.0,20.0,68.0,28.0,55.0,46.0
NFLX,2025-12-23,49.5,68.0,20.0,68.0,28.0,55.0,35.0
NFLX,2025-12-24,58.2,68.0,80.0,52.0,28.0,55.0,35.0
NFLX,2025-12-26,58.2,68.0,80.0,52.0,28.0,55.0,35.0
NFLX,2025-12-29,58.2,68.0,80.0,52.0,28.0,55.0,35.0
NFLX,2025-12-30,58.2,68.0,80.0,52.0,28.0,55.0,35.0
NFLX,2025-12-31,58.2,68.0,80.0,52.0,28.0,55.0,35.0
NFLX,2026-01-02,68.6,82.0,80.0,80.0,28.0,55.0,46.0
NFLX,2026-01-05,64.4,68.0,80.0,80.0,28.0,55.0,46.0
NFLX,2026-01-06,73.5,82.0,80.0,90.0,38.0,65.0,54.0
NFLX,2026-01-07,71.1,82.0,80.0,80.0,38.0,65.0,46.0
NFLX,2026-01-08,71.5,82.0,80.0,80.0,38.0,65.0,54.0
NFLX,2026-01-09,73.5,82.0,80.0,90.0,38.0,65.0,54.0
NFLX,2026-01-12,71.1,82.0,80.0,80.0,38.0,65.0,46.0
NFLX,2026-01-13,64.9,68.0,80.0,68.0,38.0,65.0,54.0
NFLX,2026-01-14,71.5,82.0,80.0,80.0,38.0,65.0,54.0
NFLX,2026-01-15,71.1,82.0,80.0,80.0,38.0,65.0,46.0
NFLX,2026-01-16,71.5,82.0,80.0,80.0,38.0,65.0,54.0
NFLX,2026-01-20,72.3,82.0,80.0,80.0,38.0,65.0,70.0
NFLX,2026-01-21,74.3,82.0,80.0,90.0,38.0,65.0,70.0
NFLX,2026-01-22,63.4,92.0,20.0,90.0,28.0,65.0,62.0
NFLX,2026-01-23,52.9,68.0,20.0,68.0,38.0,65.0,54.0
NFLX,2026-01-26,64.5,68.0,80.0,68.0,38.0,65.0,46.0
NFLX,2026-01-27,64.5,68.0,80.0,68.0,38.0,65.0,46.0
NFLX,2026-01-28,67.2,82.0,80.0,68.0,28.0,65.0,46.0
NFLX,2026-01-29,69.6,82.0,80.0,80.0,28.0,65.0,46.0
NFLX,2026-01-30,69.6,82.0,80.0,80.0,28.0,65.0,46.0
NFLX,2026-02-02,71.1,82.0,80.0,80.0,38.0,65.0,46.0
NFLX,2026-02-03,59.6,82.0,20.0,90.0,28.0,65.0,46.0
NFLX,2026-02-04,57.6,82.0,20.0,80.0,28.0,65.0,46.0
NFLX,2026-02-05,58.0,82.0,20.0,80.0,28.0,65.0,54.0
NFLX,2026-02-06,64.5,68.0,80.0,68.0,38.0,65.0,46.0
NFLX,2026-02-09,64.5,68.0,80.0,68.0,38.0,65.0,46.0
NFLX,2026-02-10,61.3,68.0,80.0,52.0,38.0,65.0,46.0
NFLX,2026-02-11,68.6,82.0,80.0,80.0,28.0,55.0,46.0
NFLX,2026-02-12,59.0,82.0,20.0,90.0,28.0,55.0,54.0
NFLX,2026-02-13,56.6,82.0,20.0,80.0,28.0,55.0,46.0
NFLX,2026-02-17,56.0,82.0,20.0,80.0,28.0,55.0,35.0
NFLX,2026-02-18,49.5,68.0,20.0,68.0,28.0,55.0,35.0
NFLX,2026-02-19,51.0,68.0,20.0,68.0,38.0,55.0,35.0
NFLX,2026-02-20,60.3,68.0,80.0,52.0,38.0,55.0,46.0
NFLX,2026-02-23,64.4,68.0,80.0,80.0,28.0,55.0,46.0
NFLX,2026-02-24,60.3,68.0,80.0,52.0,38.0,55.0,46.0
NFLX,2026-02-25,53.5,52.0,80.0,38.0,38.0,55.0,62.0
NFLX,2026-02-26,48.2,42.0,80.0,25.0,47.0,45.0,62.0
NFLX,2026-02-27,52.0,18.0,80.0,60.0,72.0,38.0,80.0
NFLX,2026-03-02,50.7,18.0,80.0,60.0,72.0,38.0,54.0
NFLX,2026-03-03,50.7,18.0,80.0,60.0,72.0,38.0,54.0
NFLX,2026-03-04,52.2,18.0,80.0,60.0,85.0,38.0,46.0
NFLX,2026-03-05,45.2,18.0,80.0,25.0,85.0,38.0,46.0
NFLX,2026-03-06,45.2,18.0,80.0,25.0,85.0,38.0,46.0
NFLX,2026-03-09,45.9,18.0,80.0,38.0,72.0,38.0,46.0
NFLX,2026-03-10,50.1,32.0,80.0,38.0,72.0,38.0,46.0
NFLX,2026-03-11,55.3,42.0,80.0,52.0,72.0,38.0,35.0
NFLX,2026-03-12,55.3,42.0,80.0,52.0,72.0,38.0,35.0
NFLX,2026-03-13,58.0,42.0,80.0,52.0,85.0,45.0,35.0
NFLX,2026-03-16,58.0,42.0,80.0,52.0,85.0,45.0,35.0
NFLX,2026-03-17,58.0,42.0,80.0,52.0,85.0,45.0,35.0
NFLX,2026-03-18,46.0,42.0,20.0,52.0,85.0,45.0,35.0
NFLX,2026-03-19,47.6,52.0,20.0,52.0,72.0,45.0,46.0
NFLX,2026-03-20,48.0,52.0,20.0,52.0,72.0,45.0,54.0
NFLX,2026-03-23,46.0,42.0,20.0,52.0,85.0,45.0,35.0
NFLX,2026-03-24,47.0,52.0,20.0,52.0,72.0,45.0,35.0
NFLX,2026-03-25,47.0,52.0,20.0,52.0,72.0,45.0,35.0
NFLX,2026-03-26,48.0,52.0,20.0,52.0,72.0,45.0,54.0
NFLX,2026-03-27,46.2,52.0,20.0,52.0,47.0,65.0,54.0
NFLX,2026-03-30,44.5,52.0,20.0,52.0,38.0,65.0,46.0
NFLX,2026-03-31,43.2,42.0,20.0,52.0,47.0,65.0,54.0
NFLX,2026-04-01,41.5,42.0,20.0,52.0,38.0,65.0,46.0
NFLX,2026-04-02,45.4,32.0,80.0,25.0,47.0,55.0,46.0
NFLX,2026-04-06,45.4,32.0,80.0,25.0,47.0,55.0,46.0
NFLX,2026-04-07,45.8,32.0,80.0,25.0,53.0,55.0,35.0
NFLX,2026-04-08,46.3,32.0,80.0,25.0,53.0,55.0,46.0
NFLX,2026-04-09,50.2,18.0,80.0,60.0,60.0,55.0,46.0
NFLX,2026-04-10,50.2,18.0,80.0,60.0,60.0,55.0,46.0
NFLX,2026-04-13,43.2,18.0,80.0,25.0,60.0,55.0,46.0
NFLX,2026-04-14,52.4,18.0,80.0,60.0,72.0,55.0,54.0
NFLX,2026-04-15,52.4,18.0,80.0,60.0,72.0,55.0,54.0
NFLX,2026-04-16,45.8,18.0,80.0,25.0,72.0,55.0,62.0
NFLX,2026-04-17,59.0,52.0,80.0,52.0,60.0,45.0,70.0
NFLX,2026-04-20,46.2,52.0,20.0,52.0,60.0,45.0,54.0
NFLX,2026-04-21,47.5,52.0,20.0,68.0,47.0,45.0,54.0
NFLX,2026-04-22,48.0,52.0,20.0,68.0,53.0,45.0,46.0
NFLX,2026-04-23,48.0,52.0,20.0,68.0,53.0,45.0,46.0
NFLX,2026-04-24,47.0,52.0,20.0,68.0,47.0,45.0,46.0
NFLX,2026-04-27,51.3,68.0,20.0,68.0,47.0,45.0,35.0
NFLX,2026-04-28,47.0,52.0,20.0,68.0,47.0,45.0,46.0
NFLX,2026-04-29,45.2,52.0,20.0,68.0,38.0,45.0,35.0
NFLX,2026-04-30,43.8,52.0,20.0,52.0,47.0,45.0,46.0
NFLX,2026-05-01,45.7,52.0,20.0,68.0,38.0,45.0,46.0
NFLX,2026-05-04,50.0,68.0,20.0,68.0,38.0,45.0,35.0
NFLX,2026-05-05,51.8,68.0,20.0,80.0,28.0,45.0,54.0
NFLX,2026-05-06,49.0,68.0,20.0,68.0,28.0,45.0,46.0
NFLX,2026-05-07,49.0,68.0,20.0,68.0,28.0,45.0,46.0
NFLX,2026-05-08,49.0,68.0,20.0,68.0,28.0,45.0,46.0
NFLX,2026-05-11,49.0,68.0,20.0,68.0,28.0,45.0,46.0
NFLX,2026-05-12,49.0,68.0,20.0,68.0,28.0,45.0,46.0
NFLX,2026-05-13,48.5,68.0,20.0,68.0,28.0,45.0,35.0
NFLX,2026-05-14,49.5,68.0,20.0,68.0,28.0,55.0,35.0
NFLX,2026-05-15,51.0,68.0,20.0,68.0,28.0,65.0,46.0
NFLX,2026-05-18,43.5,52.0,20.0,52.0,38.0,55.0,46.0
NFLX,2026-05-19,56.5,52.0,80.0,52.0,38.0,65.0,46.0
NFLX,2026-05-20,56.0,52.0,80.0,52.0,38.0,65.0,35.0
NFLX,2026-05-21,56.5,52.0,80.0,52.0,38.0,65.0,46.0
NFLX,2026-05-22,55.5,52.0,80.0,52.0,38.0,55.0,46.0
NFLX,2026-05-26,56.5,52.0,80.0,52.0,38.0,65.0,46.0
NFLX,2026-05-27,56.0,52.0,80.0,52.0,38.0,65.0,35.0
NFLX,2026-05-28,64.9,68.0,80.0,68.0,38.0,65.0,54.0
NFLX,2026-05-29,64.9,68.0,80.0,68.0,38.0,65.0,54.0
NFLX,2026-06-01,66.9,68.0,80.0,80.0,38.0,65.0,46.0
NFLX,2026-06-02,57.3,68.0,20.0,90.0,38.0,65.0,54.0
NFLX,2026-06-03,61.5,82.0,20.0,90.0,38.0,65.0,54.0
NFLX,2026-06-04,61.5,82.0,20.0,90.0,38.0,65.0,54.0
NFLX,2026-06-05,55.3,68.0,20.0,80.0,38.0,65.0,54.0
NFLX,2026-06-08,52.5,68.0,20.0,68.0,38.0,65.0,46.0
NFLX,2026-06-09,59.5,82.0,20.0,80.0,38.0,65.0,54.0
NFLX,2026-06-10,52.9,68.0,20.0,68.0,38.0,65.0,54.0
NFLX,2026-06-11,52.9,68.0,20.0,68.0,38.0,65.0,54.0
NFLX,2026-06-12,59.5,82.0,20.0,80.0,38.0,65.0,54.0
NFLX,2026-06-15,52.9,68.0,20.0,68.0,38.0,65.0,54.0
NFLX,2026-06-16,58.4,82.0,20.0,80.0,28.0,65.0,62.0
NFLX,2026-06-17,58.0,82.0,20.0,80.0,28.0,65.0,54.0
NFLX,2026-06-18,58.8,82.0,20.0,80.0,28.0,65.0,70.0
NVDA,2024-06-20,44.0,50.0,20.0,50.0,50.0,50.0,50.0
NVDA,2024-06-21,44.0,50.0,20.0,50.0,50.0,50.0,50.0
NVDA,2024-06-24,44.0,50.0,20.0,50.0,50.0,50.0,50.0
NVDA,2024-06-25,44.0,50.0,20.0,50.0,50.0,50.0,50.0
NVDA,2024-06-26,44.0,50.0,20.0,50.0,50.0,50.0,50.0
NVDA,2024-06-27,44.0,50.0,20.0,50.0,50.0,50.0,50.0
NVDA,2024-06-28,44.0,50.0,20.0,50.0,50.0,50.0,50.0
NVDA,2024-07-01,44.0,50.0,20.0,50.0,50.0,50.0,50.0
NVDA,2024-07-02,44.0,50.0,20.0,50.0,50.0,50.0,50.0
NVDA,2024-07-03,44.0,50.0,20.0,50.0,50.0,50.0,50.0
NVDA,2024-07-05,44.0,50.0,20.0,50.0,50.0,50.0,50.0
NVDA,2024-07-08,56.0,50.0,80.0,50.0,50.0,50.0,50.0
NVDA,2024-07-09,56.0,50.0,80.0,50.0,50.0,50.0,50.0
NVDA,2024-07-10,56.0,50.0,80.0,50.0,50.0,50.0,50.0
NVDA,2024-07-11,56.6,52.0,80.0,50.0,50.0,50.0,50.0
NVDA,2024-07-12,56.6,52.0,80.0,50.0,50.0,50.0,50.0
NVDA,2024-07-15,56.6,52.0,80.0,50.0,50.0,50.0,50.0
NVDA,2024-07-16,56.6,52.0,80.0,50.0,50.0,50.0,50.0
NVDA,2024-07-17,49.4,68.0,20.0,50.0,50.0,50.0,50.0
NVDA,2024-07-18,48.0,52.0,20.0,68.0,50.0,50.0,46.0
NVDA,2024-07-19,52.9,68.0,20.0,80.0,38.0,45.0,46.0
NVDA,2024-07-22,43.8,52.0,20.0,52.0,47.0,45.0,46.0
NVDA,2024-07-23,45.2,52.0,20.0,52.0,60.0,45.0,35.0
NVDA,2024-07-24,55.3,68.0,20.0,90.0,38.0,45.0,54.0
NVDA,2024-07-25,54.2,68.0,20.0,90.0,28.0,45.0,62.0
NVDA,2024-07-26,53.3,68.0,20.0,80.0,38.0,45.0,54.0
NVDA,2024-07-29,52.9,68.0,20.0,80.0,38.0,45.0,46.0
NVDA,2024-07-30,58.4,82.0,20.0,90.0,28.0,45.0,62.0
NVDA,2024-07-31,42.6,52.0,20.0,52.0,38.0,38.0,62.0
NVDA,2024-08-01,49.1,68.0,20.0,68.0,28.0,38.0,62.0
NVDA,2024-08-02,51.1,68.0,20.0,80.0,28.0,38.0,54.0
NVDA,2024-08-05,49.5,68.0,20.0,80.0,15.0,38.0,62.0
NVDA,2024-08-06,46.8,68.0,20.0,68.0,15.0,38.0,54.0
NVDA,2024-08-07,49.1,68.0,20.0,80.0,15.0,38.0,54.0
NVDA,2024-08-08,42.9,52.0,20.0,68.0,28.0,28.0,54.0
NVDA,2024-08-09,42.5,52.0,20.0,68.0,28.0,28.0,46.0
NVDA,2024-08-12,39.3,52.0,20.0,52.0,28.0,28.0,46.0
NVDA,2024-08-13,52.8,52.0,80.0,52.0,38.0,28.0,46.0
NVDA,2024-08-14,52.2,52.0,80.0,38.0,53.0,28.0,46.0
NVDA,2024-08-15,46.6,42.0,80.0,25.0,53.0,28.0,46.0
NVDA,2024-08-16,47.7,42.0,80.0,25.0,60.0,28.0,46.0
NVDA,2024-08-19,54.7,42.0,80.0,60.0,60.0,28.0,46.0
NVDA,2024-08-20,47.7,42.0,80.0,25.0,60.0,28.0,46.0
NVDA,2024-08-21,49.9,42.0,80.0,25.0,72.0,38.0,35.0
NVDA,2024-08-22,52.5,42.0,80.0,38.0,72.0,28.0,54.0
NVDA,2024-08-23,49.5,42.0,80.0,25.0,72.0,28.0,46.0
NVDA,2024-08-26,52.1,42.0,80.0,38.0,72.0,28.0,46.0
NVDA,2024-08-27,55.0,42.0,80.0,38.0,85.0,38.0,46.0
NVDA,2024-08-28,57.5,52.0,80.0,52.0,60.0,38.0,54.0
NVDA,2024-08-29,57.5,52.0,80.0,52.0,60.0,38.0,54.0
NVDA,2024-08-30,58.9,52.0,80.0,52.0,72.0,38.0,46.0
NVDA,2024-09-03,53.5,68.0,20.0,68.0,60.0,38.0,54.0
NVDA,2024-09-04,52.5,68.0,20.0,68.0,53.0,38.0,54.0
NVDA,2024-09-05,53.1,68.0,20.0,68.0,60.0,38.0,46.0
NVDA,2024-09-06,53.9,68.0,20.0,80.0,47.0,38.0,54.0
NVDA,2024-09-09,47.2,52.0,20.0,68.0,53.0,38.0,46.0
NVDA,2024-09-10,46.3,52.0,20.0,68.0,47.0,38.0,46.0
NVDA,2024-09-11,44.5,52.0,20.0,52.0,53.0,38.0,54.0
NVDA,2024-09-12,44.5,52.0,20.0,52.0,53.0,38.0,54.0
NVDA,2024-09-13,53.2,52.0,80.0,52.0,38.0,38.0,35.0
NVDA,2024-09-16,53.8,52.0,80.0,52.0,38.0,38.0,46.0
NVDA,2024-09-17,51.8,52.0,80.0,52.0,28.0,38.0,35.0
NVDA,2024-09-18,52.3,52.0,80.0,52.0,28.0,38.0,46.0
NVDA,2024-09-19,53.8,52.0,80.0,52.0,38.0,38.0,46.0
NVDA,2024-09-20,54.2,52.0,80.0,52.0,38.0,38.0,54.0
NVDA,2024-09-23,51.8,52.0,80.0,52.0,28.0,38.0,35.0
NVDA,2024-09-24,48.4,42.0,80.0,38.0,38.0,38.0,54.0
NVDA,2024-09-25,48.0,42.0,80.0,38.0,38.0,38.0,46.0
NVDA,2024-09-26,46.7,42.0,80.0,25.0,47.0,38.0,46.0
NVDA,2024-09-27,55.0,52.0,80.0,38.0,60.0,45.0,46.0
NVDA,2024-09-30,54.0,52.0,80.0,38.0,53.0,45.0,46.0
NVDA,2024-10-01,57.8,52.0,80.0,52.0,60.0,45.0,46.0
NVDA,2024-10-02,59.6,52.0,80.0,52.0,72.0,45.0,46.0
NVDA,2024-10-03,53.8,42.0,80.0,38.0,72.0,45.0,46.0
NVDA,2024-10-04,53.1,42.0,80.0,25.0,85.0,45.0,46.0
NVDA,2024-10-07,51.6,42.0,80.0,25.0,72.0,45.0,54.0
NVDA,2024-10-08,57.1,32.0,80.0,60.0,85.0,45.0,46.0
NVDA,2024-10-09,56.2,32.0,80.0,60.0,72.0,55.0,46.0
NVDA,2024-10-10,56.2,32.0,80.0,60.0,72.0,55.0,46.0
NVDA,2024-10-11,48.6,32.0,80.0,25.0,72.0,55.0,35.0
NVDA,2024-10-14,45.0,18.0,80.0,25.0,72.0,55.0,46.0
NVDA,2024-10-15,55.2,42.0,80.0,38.0,72.0,55.0,54.0
NVDA,2024-10-16,54.8,42.0,80.0,38.0,72.0,55.0,46.0
NVDA,2024-10-17,55.2,42.0,80.0,38.0,72.0,55.0,54.0
NVDA,2024-10-18,51.2,32.0,80.0,38.0,72.0,55.0,35.0
NVDA,2024-10-21,46.9,18.0,80.0,25.0,85.0,55.0,46.0
NVDA,2024-10-22,49.2,32.0,80.0,25.0,72.0,55.0,46.0
NVDA,2024-10-23,55.2,42.0,80.0,38.0,72.0,55.0,54.0
NVDA,2024-10-24,54.2,42.0,80.0,38.0,72.0,55.0,35.0
NVDA,2024-10-25,54.8,42.0,80.0,38.0,72.0,55.0,46.0
NVDA,2024-10-28,54.2,42.0,80.0,38.0,72.0,55.0,35.0
NVDA,2024-10-29,56.2,42.0,80.0,38.0,85.0,55.0,35.0
NVDA,2024-10-30,45.6,42.0,20.0,52.0,72.0,55.0,46.0
NVDA,2024-10-31,47.2,52.0,20.0,52.0,60.0,55.0,54.0
NVDA,2024-11-01,46.8,52.0,20.0,52.0,60.0,55.0,46.0
NVDA,2024-11-04,46.8,52.0,20.0,52.0,60.0,55.0,46.0
NVDA,2024-11-05,43.8,42.0,20.0,52.0,60.0,55.0,46.0
NVDA,2024-11-06,38.8,42.0,20.0,25.0,60.0,55.0,54.0
NVDA,2024-11-07,56.2,32.0,80.0,60.0,72.0,55.0,46.0
NVDA,2024-11-08,47.4,32.0,80.0,25.0,60.0,55.0,46.0
NVDA,2024-11-11,53.0,42.0,80.0,38.0,60.0,55.0,46.0
NVDA,2024-11-12,52.2,42.0,80.0,25.0,72.0,55.0,46.0
NVDA,2024-11-13,53.0,42.0,80.0,38.0,60.0,55.0,46.0
NVDA,2024-11-14,53.0,42.0,80.0,38.0,60.0,55.0,46.0
NVDA,2024-11-15,46.2,52.0,20.0,52.0,53.0,55.0,54.0
NVDA,2024-11-18,45.2,52.0,20.0,52.0,47.0,55.0,54.0
NVDA,2024-11-19,40.4,42.0,20.0,38.0,53.0,55.0,54.0
NVDA,2024-11-20,44.6,42.0,20.0,52.0,60.0,55.0,62.0
NVDA,2024-11-21,41.8,42.0,20.0,38.0,60.0,55.0,62.0
NVDA,2024-11-22,46.2,52.0,20.0,52.0,53.0,55.0,54.0
NVDA,2024-11-25,46.5,52.0,20.0,68.0,38.0,45.0,62.0
NVDA,2024-11-26,45.7,52.0,20.0,68.0,38.0,45.0,46.0
NVDA,2024-11-27,47.0,52.0,20.0,68.0,47.0,45.0,46.0
NVDA,2024-11-29,49.5,52.0,20.0,68.0,60.0,55.0,35.0
NVDA,2024-12-02,49.0,52.0,20.0,68.0,53.0,55.0,46.0
NVDA,2024-12-03,46.8,52.0,20.0,52.0,60.0,55.0,46.0
NVDA,2024-12-04,44.2,42.0,20.0,52.0,60.0,55.0,54.0
NVDA,2024-12-05,41.8,42.0,20.0,52.0,47.0,55.0,46.0
NVDA,2024-12-06,43.5,52.0,20.0,52.0,38.0,55.0,46.0
NVDA,2024-12-09,46.7,52.0,20.0,68.0,38.0,55.0,46.0
NVDA,2024-12-10,49.1,52.0,20.0,80.0,38.0,55.0,46.0
NVDA,2024-12-11,43.5,52.0,20.0,52.0,38.0,55.0,46.0
NVDA,2024-12-12,46.7,52.0,20.0,68.0,38.0,55.0,46.0
NVDA,2024-12-13,49.5,52.0,20.0,80.0,38.0,55.0,54.0
NVDA,2024-12-16,49.5,52.0,20.0,80.0,38.0,55.0,54.0
NVDA,2024-12-17,54.3,68.0,20.0,80.0,38.0,55.0,54.0
NVDA,2024-12-18,52.8,68.0,20.0,80.0,28.0,55.0,54.0
NVDA,2024-12-19,45.2,52.0,20.0,68.0,28.0,55.0,46.0
NVDA,2024-12-20,43.9,52.0,20.0,52.0,38.0,55.0,54.0
NVDA,2024-12-23,44.8,52.0,20.0,52.0,47.0,55.0,46.0
NVDA,2024-12-24,58.2,52.0,80.0,52.0,60.0,55.0,35.0
NVDA,2024-12-26,57.2,52.0,80.0,52.0,53.0,55.0,35.0
NVDA,2024-12-27,57.8,52.0,80.0,52.0,53.0,55.0,46.0
NVDA,2024-12-30,56.8,52.0,80.0,52.0,47.0,55.0,46.0
NVDA,2024-12-31,55.5,52.0,80.0,52.0,38.0,55.0,46.0
NVDA,2025-01-02,57.2,52.0,80.0,52.0,47.0,55.0,54.0
NVDA,2025-01-03,48.9,42.0,80.0,25.0,47.0,55.0,54.0
NVDA,2025-01-06,57.8,42.0,80.0,60.0,60.0,55.0,54.0
NVDA,2025-01-07,56.6,52.0,80.0,52.0,47.0,45.0,62.0
NVDA,2025-01-08,57.2,52.0,80.0,52.0,53.0,45.0,54.0
NVDA,2025-01-10,56.8,52.0,80.0,52.0,53.0,45.0,46.0
NVDA,2025-01-13,42.5,52.0,20.0,52.0,38.0,45.0,46.0
NVDA,2025-01-14,45.7,52.0,20.0,68.0,38.0,45.0,46.0
NVDA,2025-01-15,44.8,52.0,20.0,52.0,53.0,45.0,46.0
NVDA,2025-01-16,44.8,52.0,20.0,52.0,53.0,45.0,46.0
NVDA,2025-01-17,45.8,52.0,20.0,52.0,60.0,45.0,46.0
NVDA,2025-01-21,57.8,52.0,80.0,52.0,60.0,45.0,46.0
NVDA,2025-01-22,51.6,42.0,80.0,25.0,72.0,45.0,54.0
NVDA,2025-01-23,49.4,42.0,80.0,25.0,60.0,45.0,46.0
NVDA,2025-01-24,57.2,52.0,80.0,52.0,53.0,45.0,54.0
NVDA,2025-01-27,54.4,68.0,20.0,90.0,28.0,38.0,80.0
NVDA,2025-01-28,45.2,52.0,20.0,68.0,38.0,28.0,70.0
NVDA,2025-01-29,47.2,52.0,20.0,80.0,38.0,28.0,62.0
NVDA,2025-01-30,46.8,52.0,20.0,80.0,38.0,28.0,54.0
NVDA,2025-01-31,50.1,68.0,20.0,80.0,28.0,28.0,54.0
NVDA,2025-02-03,50.1,68.0,20.0,80.0,28.0,28.0,54.0
NVDA,2025-02-04,49.7,68.0,20.0,80.0,28.0,28.0,46.0
NVDA,2025-02-05,39.3,52.0,20.0,52.0,28.0,28.0,46.0
NVDA,2025-02-06,40.8,52.0,20.0,52.0,38.0,28.0,46.0
NVDA,2025-02-07,40.8,52.0,20.0,52.0,38.0,28.0,46.0
NVDA,2025-02-10,54.1,52.0,80.0,52.0,47.0,28.0,46.0
NVDA,2025-02-11,53.6,52.0,80.0,52.0,47.0,28.0,35.0
NVDA,2025-02-12,53.6,52.0,80.0,52.0,47.0,28.0,35.0
NVDA,2025-02-13,53.6,52.0,80.0,52.0,47.0,28.0,35.0
NVDA,2025-02-14,49.8,42.0,80.0,38.0,60.0,28.0,35.0
NVDA,2025-02-18,49.2,42.0,80.0,38.0,53.0,28.0,46.0
NVDA,2025-02-19,47.8,42.0,80.0,38.0,47.0,28.0,35.0
NVDA,2025-02-20,46.5,42.0,80.0,38.0,38.0,28.0,35.0
NVDA,2025-02-21,52.8,52.0,80.0,52.0,38.0,28.0,46.0
NVDA,2025-02-24,52.8,52.0,80.0,52.0,38.0,28.0,46.0
NVDA,2025-02-25,58.2,52.0,80.0,52.0,60.0,45.0,54.0
NVDA,2025-02-26,45.2,52.0,20.0,52.0,53.0,45.0,54.0
NVDA,2025-02-27,52.6,68.0,20.0,68.0,47.0,45.0,62.0
NVDA,2025-02-28,45.6,52.0,20.0,52.0,53.0,45.0,62.0
NVDA,2025-03-03,53.0,68.0,20.0,80.0,38.0,38.0,62.0
NVDA,2025-03-04,54.3,68.0,20.0,80.0,47.0,38.0,62.0
NVDA,2025-03-05,53.9,68.0,20.0,80.0,47.0,38.0,54.0
NVDA,2025-03-06,53.1,68.0,20.0,90.0,28.0,38.0,54.0
NVDA,2025-03-07,51.1,68.0,20.0,80.0,28.0,38.0,54.0
NVDA,2025-03-10,51.1,68.0,20.0,80.0,28.0,38.0,54.0
NVDA,2025-03-11,51.1,68.0,20.0,80.0,28.0,38.0,54.0
NVDA,2025-03-12,40.7,52.0,20.0,52.0,28.0,38.0,54.0
NVDA,2025-03-13,40.7,52.0,20.0,52.0,28.0,38.0,54.0
NVDA,2025-03-14,40.3,52.0,20.0,52.0,28.0,38.0,46.0
NVDA,2025-03-17,52.3,52.0,80.0,52.0,28.0,38.0,46.0
NVDA,2025-03-18,52.3,52.0,80.0,52.0,28.0,38.0,46.0
NVDA,2025-03-19,52.3,52.0,80.0,52.0,28.0,38.0,46.0
NVDA,2025-03-20,52.3,52.0,80.0,52.0,28.0,38.0,46.0
NVDA,2025-03-21,52.3,52.0,80.0,52.0,28.0,38.0,46.0
NVDA,2025-03-24,53.8,52.0,80.0,52.0,38.0,38.0,46.0
NVDA,2025-03-25,53.2,52.0,80.0,52.0,38.0,38.0,35.0
NVDA,2025-03-26,52.3,52.0,80.0,52.0,28.0,38.0,46.0
NVDA,2025-03-27,57.0,52.0,80.0,68.0,38.0,38.0,46.0
NVDA,2025-03-28,48.3,68.0,20.0,68.0,28.0,38.0,46.0
NVDA,2025-03-31,53.3,68.0,20.0,80.0,38.0,45.0,54.0
NVDA,2025-04-01,45.7,52.0,20.0,68.0,38.0,45.0,46.0
NVDA,2025-04-02,45.7,52.0,20.0,68.0,38.0,45.0,46.0
NVDA,2025-04-03,55.3,68.0,20.0,90.0,38.0,45.0,54.0
NVDA,2025-04-04,57.7,82.0,20.0,90.0,28.0,38.0,62.0
NVDA,2025-04-07,54.1,68.0,20.0,80.0,38.0,45.0,70.0
NVDA,2025-04-08,52.2,68.0,20.0,80.0,28.0,45.0,62.0
NVDA,2025-04-09,42.9,52.0,20.0,52.0,47.0,28.0,62.0
NVDA,2025-04-10,53.2,52.0,80.0,52.0,38.0,28.0,54.0
NVDA,2025-04-11,52.8,52.0,80.0,52.0,38.0,28.0,46.0
NVDA,2025-04-14,52.8,52.0,80.0,52.0,38.0,28.0,46.0
NVDA,2025-04-15,54.1,52.0,80.0,52.0,47.0,28.0,46.0
NVDA,2025-04-16,51.7,52.0,80.0,52.0,28.0,28.0,54.0
NVDA,2025-04-17,54.5,52.0,80.0,68.0,28.0,28.0,46.0
NVDA,2025-04-21,49.7,68.0,20.0,80.0,28.0,28.0,46.0
NVDA,2025-04-22,42.5,52.0,20.0,68.0,28.0,28.0,46.0
NVDA,2025-04-23,39.3,52.0,20.0,52.0,28.0,28.0,46.0
NVDA,2025-04-24,52.2,52.0,80.0,52.0,38.0,28.0,35.0
NVDA,2025-04-25,51.3,52.0,80.0,38.0,47.0,28.0,46.0
NVDA,2025-04-28,53.6,52.0,80.0,52.0,47.0,28.0,35.0
NVDA,2025-04-29,54.5,52.0,80.0,52.0,53.0,28.0,35.0
NVDA,2025-04-30,54.1,52.0,80.0,52.0,47.0,28.0,46.0
NVDA,2025-05-01,52.2,52.0,80.0,38.0,53.0,28.0,46.0
NVDA,2025-05-02,51.5,42.0,80.0,38.0,72.0,28.0,35.0
NVDA,2025-05-05,53.5,42.0,80.0,38.0,85.0,28.0,35.0
NVDA,2025-05-06,54.5,52.0,80.0,38.0,72.0,28.0,35.0
NVDA,2025-05-07,51.4,42.0,80.0,25.0,85.0,28.0,46.0
NVDA,2025-05-08,48.3,42.0,80.0,25.0,53.0,45.0,46.0
NVDA,2025-05-09,51.5,42.0,80.0,38.0,60.0,45.0,35.0
NVDA,2025-05-12,51.2,42.0,80.0,25.0,72.0,45.0,46.0
NVDA,2025-05-13,55.6,32.0,80.0,60.0,72.0,45.0,54.0
NVDA,2025-05-14,53.4,18.0,80.0,60.0,85.0,45.0,54.0
NVDA,2025-05-15,46.4,18.0,80.0,25.0,85.0,45.0,54.0
NVDA,2025-05-16,46.4,18.0,80.0,25.0,85.0,45.0,54.0
NVDA,2025-05-19,46.9,18.0,80.0,25.0,85.0,55.0,46.0
NVDA,2025-05-20,49.5,18.0,80.0,38.0,85.0,55.0,46.0
NVDA,2025-05-21,54.2,32.0,80.0,38.0,85.0,55.0,54.0
NVDA,2025-05-22,53.8,32.0,80.0,38.0,85.0,55.0,46.0
NVDA,2025-05-23,54.8,42.0,80.0,38.0,72.0,55.0,46.0
NVDA,2025-05-27,53.8,32.0,80.0,38.0,85.0,55.0,46.0
NVDA,2025-05-28,54.2,32.0,80.0,38.0,85.0,55.0,54.0
NVDA,2025-05-29,50.4,18.0,80.0,38.0,85.0,55.0,62.0
NVDA,2025-05-30,60.0,42.0,80.0,52.0,85.0,55.0,54.0
NVDA,2025-06-02,51.8,32.0,80.0,38.0,72.0,55.0,46.0
NVDA,2025-06-03,53.8,32.0,80.0,38.0,85.0,55.0,46.0
NVDA,2025-06-04,53.8,32.0,80.0,38.0,85.0,55.0,46.0
NVDA,2025-06-05,51.8,32.0,80.0,38.0,72.0,55.0,46.0
NVDA,2025-06-06,53.2,32.0,80.0,38.0,85.0,55.0,35.0
NVDA,2025-06-09,51.1,32.0,80.0,25.0,85.0,55.0,46.0
NVDA,2025-06-10,48.6,32.0,80.0,25.0,72.0,55.0,35.0
NVDA,2025-06-11,38.0,32.0,20.0,38.0,60.0,55.0,46.0
NVDA,2025-06-12,35.4,32.0,20.0,25.0,60.0,55.0,46.0
NVDA,2025-06-13,41.0,42.0,20.0,38.0,60.0,55.0,46.0
NVDA,2025-06-16,38.0,32.0,20.0,38.0,60.0,55.0,46.0
NVDA,2025-06-17,40.5,42.0,20.0,38.0,60.0,55.0,35.0
NVDA,2025-06-18,38.0,32.0,20.0,38.0,60.0,55.0,46.0
NVDA,2025-06-20,41.4,42.0,20.0,38.0,60.0,55.0,54.0
NVDA,2025-06-23,41.0,42.0,20.0,38.0,60.0,55.0,46.0
NVDA,2025-06-24,37.2,32.0,20.0,25.0,72.0,55.0,46.0
NVDA,2025-06-25,52.4,18.0,80.0,60.0,72.0,55.0,54.0
NVDA,2025-06-26,52.0,18.0,80.0,60.0,72.0,55.0,46.0
NVDA,2025-06-27,52.4,18.0,80.0,60.0,72.0,55.0,54.0
NVDA,2025-06-30,53.4,18.0,80.0,60.0,72.0,65.0,54.0
NVDA,2025-07-01,52.2,32.0,80.0,38.0,72.0,55.0,54.0
NVDA,2025-07-02,49.2,32.0,80.0,25.0,72.0,55.0,46.0
NVDA,2025-07-03,45.0,18.0,80.0,25.0,72.0,55.0,46.0
NVDA,2025-07-07,51.8,32.0,80.0,38.0,72.0,55.0,46.0
NVDA,2025-07-08,45.0,18.0,80.0,25.0,72.0,55.0,46.0
NVDA,2025-07-09,45.4,18.0,80.0,25.0,72.0,55.0,54.0
NVDA,2025-07-10,45.0,18.0,80.0,25.0,72.0,55.0,46.0
NVDA,2025-07-11,45.4,18.0,80.0,25.0,72.0,55.0,54.0
NVDA,2025-07-14,47.6,18.0,80.0,38.0,72.0,55.0,46.0
NVDA,2025-07-15,47.4,18.0,80.0,25.0,85.0,55.0,54.0
NVDA,2025-07-16,45.0,18.0,80.0,25.0,72.0,55.0,46.0
NVDA,2025-07-17,46.9,18.0,80.0,25.0,85.0,55.0,46.0
NVDA,2025-07-18,45.0,18.0,80.0,25.0,72.0,55.0,46.0
NVDA,2025-07-21,47.0,18.0,80.0,38.0,72.0,55.0,35.0
NVDA,2025-07-22,46.0,42.0,20.0,52.0,72.0,55.0,54.0
NVDA,2025-07-23,39.8,32.0,20.0,38.0,72.0,55.0,46.0
NVDA,2025-07-24,33.0,18.0,20.0,25.0,72.0,55.0,46.0
NVDA,2025-07-25,35.6,18.0,20.0,38.0,72.0,55.0,46.0
NVDA,2025-07-28,33.0,18.0,20.0,25.0,72.0,55.0,46.0
NVDA,2025-07-29,35.6,18.0,20.0,38.0,72.0,55.0,46.0
NVDA,2025-07-30,34.4,18.0,20.0,25.0,72.0,65.0,54.0
NVDA,2025-07-31,37.0,18.0,20.0,38.0,72.0,65.0,54.0
NVDA,2025-08-01,44.2,42.0,20.0,52.0,60.0,55.0,54.0
NVDA,2025-08-04,37.2,32.0,20.0,25.0,72.0,55.0,46.0
NVDA,2025-08-05,39.8,32.0,20.0,38.0,72.0,55.0,46.0
NVDA,2025-08-06,39.8,32.0,20.0,38.0,72.0,55.0,46.0
NVDA,2025-08-07,37.2,32.0,20.0,25.0,72.0,55.0,46.0
NVDA,2025-08-08,37.2,32.0,20.0,25.0,72.0,55.0,46.0
NVDA,2025-08-11,37.2,32.0,20.0,25.0,72.0,55.0,46.0
NVDA,2025-08-12,36.4,32.0,20.0,25.0,60.0,65.0,46.0
NVDA,2025-08-13,39.4,32.0,20.0,38.0,60.0,65.0,54.0
NVDA,2025-08-14,39.0,32.0,20.0,38.0,60.0,65.0,46.0
NVDA,2025-08-15,45.2,42.0,20.0,52.0,60.0,65.0,54.0
NVDA,2025-08-18,42.0,42.0,20.0,38.0,60.0,65.0,46.0
NVDA,2025-08-19,47.2,52.0,20.0,52.0,60.0,55.0,54.0
NVDA,2025-08-20,49.4,52.0,20.0,68.0,53.0,55.0,54.0
NVDA,2025-08-21,50.0,52.0,20.0,68.0,53.0,65.0,46.0
NVDA,2025-08-22,43.2,42.0,20.0,52.0,53.0,55.0,54.0
NVDA,2025-08-25,44.2,42.0,20.0,52.0,53.0,65.0,54.0
NVDA,2025-08-26,42.4,42.0,20.0,38.0,60.0,65.0,54.0
NVDA,2025-08-27,44.2,42.0,20.0,52.0,53.0,65.0,54.0
NVDA,2025-08-28,44.6,42.0,20.0,52.0,53.0,65.0,62.0
NVDA,2025-08-29,53.8,52.0,20.0,90.0,53.0,55.0,54.0
NVDA,2025-09-02,52.5,52.0,20.0,90.0,38.0,65.0,54.0
NVDA,2025-09-03,52.1,52.0,20.0,90.0,38.0,65.0,46.0
NVDA,2025-09-04,50.1,52.0,20.0,80.0,38.0,65.0,46.0
NVDA,2025-09-05,57.3,68.0,20.0,90.0,38.0,65.0,54.0
NVDA,2025-09-08,54.9,68.0,20.0,80.0,38.0,65.0,46.0
NVDA,2025-09-09,47.7,52.0,20.0,68.0,38.0,65.0,46.0
NVDA,2025-09-10,43.9,52.0,20.0,52.0,38.0,55.0,54.0
NVDA,2025-09-11,44.8,52.0,20.0,52.0,47.0,55.0,46.0
NVDA,2025-09-12,41.3,42.0,20.0,52.0,47.0,55.0,35.0
NVDA,2025-09-15,53.8,42.0,80.0,52.0,47.0,55.0,46.0
NVDA,2025-09-16,55.5,52.0,80.0,52.0,38.0,55.0,46.0
NVDA,2025-09-17,47.1,52.0,20.0,68.0,38.0,55.0,54.0
NVDA,2025-09-18,46.2,52.0,20.0,52.0,53.0,55.0,54.0
NVDA,2025-09-19,58.2,52.0,80.0,52.0,53.0,55.0,54.0
NVDA,2025-09-22,50.8,42.0,80.0,25.0,60.0,55.0,54.0
NVDA,2025-09-23,56.8,52.0,80.0,52.0,47.0,55.0,46.0
NVDA,2025-09-24,56.8,52.0,80.0,52.0,47.0,55.0,46.0
NVDA,2025-09-25,56.8,52.0,80.0,52.0,47.0,55.0,46.0
NVDA,2025-09-26,54.0,52.0,80.0,38.0,47.0,55.0,46.0
NVDA,2025-09-29,50.8,42.0,80.0,25.0,60.0,55.0,54.0
NVDA,2025-09-30,57.8,42.0,80.0,60.0,60.0,55.0,54.0
NVDA,2025-10-01,50.4,42.0,80.0,25.0,60.0,55.0,46.0
NVDA,2025-10-02,49.2,32.0,80.0,25.0,72.0,55.0,46.0
NVDA,2025-10-03,52.2,42.0,80.0,25.0,72.0,55.0,46.0
NVDA,2025-10-06,54.8,42.0,80.0,38.0,72.0,55.0,46.0
NVDA,2025-10-07,53.0,42.0,80.0,38.0,60.0,55.0,46.0
NVDA,2025-10-08,50.4,42.0,80.0,25.0,60.0,55.0,46.0
NVDA,2025-10-09,47.8,32.0,80.0,25.0,60.0,55.0,54.0
NVDA,2025-10-10,58.2,52.0,80.0,52.0,53.0,55.0,54.0
NVDA,2025-10-13,53.0,42.0,80.0,38.0,60.0,55.0,46.0
NVDA,2025-10-14,46.2,52.0,20.0,52.0,53.0,55.0,54.0
NVDA,2025-10-15,47.2,52.0,20.0,52.0,60.0,55.0,54.0
NVDA,2025-10-16,46.8,52.0,20.0,52.0,60.0,55.0,46.0
NVDA,2025-10-17,46.8,52.0,20.0,52.0,60.0,55.0,46.0
NVDA,2025-10-20,44.8,52.0,20.0,52.0,47.0,55.0,46.0
NVDA,2025-10-21,45.8,52.0,20.0,52.0,53.0,55.0,46.0
NVDA,2025-10-22,49.0,52.0,20.0,68.0,53.0,55.0,46.0
NVDA,2025-10-23,45.2,52.0,20.0,52.0,53.0,55.0,35.0
NVDA,2025-10-24,43.8,42.0,20.0,52.0,60.0,55.0,46.0
NVDA,2025-10-27,50.4,42.0,80.0,25.0,60.0,55.0,46.0
NVDA,2025-10-28,55.2,32.0,80.0,60.0,60.0,55.0,62.0
NVDA,2025-10-29,52.8,18.0,80.0,60.0,72.0,55.0,62.0
NVDA,2025-10-30,47.8,32.0,80.0,25.0,60.0,55.0,54.0
NVDA,2025-10-31,47.8,32.0,80.0,25.0,60.0,55.0,54.0
NVDA,2025-11-03,49.2,32.0,80.0,25.0,72.0,55.0,46.0
NVDA,2025-11-04,52.4,42.0,80.0,38.0,60.0,45.0,54.0
NVDA,2025-11-05,57.8,52.0,80.0,52.0,60.0,45.0,46.0
NVDA,2025-11-06,44.2,52.0,20.0,52.0,47.0,45.0,54.0
NVDA,2025-11-07,46.2,52.0,20.0,52.0,53.0,55.0,54.0
NVDA,2025-11-10,40.4,42.0,20.0,38.0,60.0,45.0,54.0
NVDA,2025-11-11,45.8,52.0,20.0,52.0,60.0,45.0,46.0
NVDA,2025-11-12,45.8,52.0,20.0,52.0,60.0,45.0,46.0
NVDA,2025-11-13,45.2,52.0,20.0,52.0,53.0,45.0,54.0
NVDA,2025-11-14,46.2,52.0,20.0,52.0,60.0,45.0,54.0
NVDA,2025-11-17,44.8,52.0,20.0,52.0,53.0,45.0,46.0
NVDA,2025-11-18,50.8,52.0,20.0,80.0,53.0,45.0,54.0
NVDA,2025-11-19,49.4,52.0,20.0,68.0,60.0,45.0,54.0
NVDA,2025-11-20,50.2,52.0,20.0,80.0,47.0,45.0,62.0
NVDA,2025-11-21,48.9,52.0,20.0,80.0,38.0,45.0,62.0
NVDA,2025-11-24,46.1,52.0,20.0,68.0,38.0,45.0,54.0
NVDA,2025-11-25,47.0,52.0,20.0,80.0,28.0,45.0,54.0
NVDA,2025-11-26,44.2,52.0,20.0,68.0,28.0,45.0,46.0
NVDA,2025-11-28,43.7,52.0,20.0,68.0,28.0,45.0,35.0
NVDA,2025-12-01,44.2,52.0,20.0,68.0,28.0,45.0,46.0
NVDA,2025-12-02,41.0,52.0,20.0,52.0,28.0,45.0,46.0
NVDA,2025-12-03,45.7,52.0,20.0,68.0,38.0,45.0,46.0
NVDA,2025-12-04,42.5,52.0,20.0,52.0,38.0,45.0,46.0
NVDA,2025-12-05,43.0,52.0,20.0,52.0,38.0,55.0,35.0
NVDA,2025-12-08,56.8,52.0,80.0,52.0,47.0,55.0,46.0
NVDA,2025-12-09,55.5,52.0,80.0,52.0,38.0,55.0,46.0
NVDA,2025-12-10,55.5,52.0,80.0,52.0,38.0,55.0,46.0
NVDA,2025-12-11,55.5,52.0,80.0,52.0,38.0,55.0,46.0
NVDA,2025-12-12,53.9,68.0,20.0,80.0,38.0,55.0,46.0
NVDA,2025-12-15,49.1,52.0,20.0,80.0,38.0,55.0,46.0
NVDA,2025-12-16,46.7,52.0,20.0,68.0,38.0,55.0,46.0
NVDA,2025-12-17,56.3,68.0,20.0,90.0,38.0,55.0,54.0
NVDA,2025-12-18,49.1,52.0,20.0,80.0,38.0,55.0,46.0
NVDA,2025-12-19,46.6,52.0,20.0,52.0,53.0,55.0,62.0
NVDA,2025-12-22,54.4,52.0,80.0,38.0,53.0,55.0,35.0
NVDA,2025-12-23,57.4,42.0,80.0,60.0,60.0,55.0,46.0
NVDA,2025-12-24,49.9,42.0,80.0,25.0,60.0,55.0,35.0
NVDA,2025-12-26,50.4,42.0,80.0,25.0,60.0,55.0,46.0
NVDA,2025-12-29,53.0,42.0,80.0,38.0,60.0,55.0,46.0
NVDA,2025-12-30,55.5,52.0,80.0,38.0,60.0,55.0,35.0
NVDA,2025-12-31,57.8,52.0,80.0,52.0,53.0,55.0,46.0
NVDA,2026-01-02,53.0,42.0,80.0,38.0,60.0,55.0,46.0
NVDA,2026-01-05,52.4,42.0,80.0,38.0,53.0,55.0,54.0
NVDA,2026-01-06,58.2,52.0,80.0,52.0,53.0,55.0,54.0
NVDA,2026-01-07,52.0,42.0,80.0,38.0,53.0,55.0,46.0
NVDA,2026-01-08,58.2,52.0,80.0,52.0,53.0,55.0,54.0
NVDA,2026-01-09,57.8,52.0,80.0,52.0,53.0,55.0,46.0
NVDA,2026-01-12,57.8,52.0,80.0,52.0,53.0,55.0,46.0
NVDA,2026-01-13,47.2,52.0,20.0,52.0,60.0,55.0,54.0
NVDA,2026-01-14,47.2,52.0,20.0,52.0,60.0,55.0,54.0
NVDA,2026-01-15,47.2,52.0,20.0,52.0,60.0,55.0,54.0
NVDA,2026-01-16,48.2,52.0,20.0,52.0,60.0,65.0,54.0
NVDA,2026-01-20,53.8,52.0,20.0,90.0,53.0,55.0,54.0
NVDA,2026-01-21,49.4,52.0,20.0,68.0,53.0,55.0,54.0
NVDA,2026-01-22,45.8,52.0,20.0,52.0,53.0,55.0,46.0
NVDA,2026-01-23,44.8,52.0,20.0,52.0,47.0,55.0,46.0
NVDA,2026-01-26,44.8,52.0,20.0,52.0,47.0,55.0,46.0
NVDA,2026-01-27,54.0,52.0,80.0,38.0,47.0,55.0,46.0
NVDA,2026-01-28,49.3,42.0,80.0,25.0,53.0,55.0,46.0
NVDA,2026-01-29,49.8,42.0,80.0,25.0,53.0,55.0,54.0
NVDA,2026-01-30,52.4,42.0,80.0,38.0,53.0,55.0,54.0
NVDA,2026-02-02,57.2,52.0,80.0,52.0,47.0,55.0,54.0
NVDA,2026-02-03,49.5,52.0,20.0,80.0,38.0,55.0,54.0
NVDA,2026-02-04,56.3,68.0,20.0,90.0,38.0,55.0,54.0
NVDA,2026-02-05,56.3,68.0,20.0,90.0,38.0,55.0,54.0
NVDA,2026-02-06,45.2,52.0,20.0,52.0,53.0,45.0,54.0
NVDA,2026-02-09,39.4,42.0,20.0,38.0,53.0,45.0,54.0
NVDA,2026-02-10,56.8,52.0,80.0,52.0,53.0,45.0,46.0
NVDA,2026-02-11,51.0,42.0,80.0,38.0,53.0,45.0,46.0
NVDA,2026-02-12,57.2,52.0,80.0,52.0,53.0,45.0,54.0
NVDA,2026-02-13,55.8,52.0,80.0,52.0,47.0,45.0,46.0
NVDA,2026-02-17,55.8,52.0,80.0,52.0,47.0,45.0,46.0
NVDA,2026-02-18,57.8,52.0,80.0,52.0,60.0,45.0,46.0
NVDA,2026-02-19,57.8,52.0,80.0,52.0,53.0,55.0,46.0
NVDA,2026-02-20,58.2,52.0,80.0,52.0,53.0,55.0,54.0
NVDA,2026-02-23,52.4,42.0,80.0,38.0,53.0,55.0,54.0
NVDA,2026-02-24,53.4,42.0,80.0,38.0,60.0,55.0,54.0
NVDA,2026-02-25,50.8,42.0,80.0,25.0,60.0,55.0,54.0
NVDA,2026-02-26,55.3,52.0,80.0,52.0,38.0,45.0,62.0
NVDA,2026-02-27,48.9,52.0,20.0,80.0,38.0,45.0,62.0
NVDA,2026-03-02,42.9,52.0,20.0,52.0,38.0,45.0,54.0
NVDA,2026-03-03,45.7,52.0,20.0,68.0,38.0,45.0,46.0
NVDA,2026-03-04,44.8,52.0,20.0,52.0,53.0,45.0,46.0
NVDA,2026-03-05,46.2,52.0,20.0,52.0,60.0,45.0,54.0
NVDA,2026-03-06,51.4,52.0,20.0,80.0,60.0,45.0,46.0
NVDA,2026-03-09,44.8,52.0,20.0,52.0,47.0,55.0,46.0
NVDA,2026-03-10,44.8,52.0,20.0,52.0,47.0,55.0,46.0
NVDA,2026-03-11,44.8,52.0,20.0,52.0,47.0,55.0,46.0
NVDA,2026-03-12,43.5,52.0,20.0,52.0,38.0,55.0,46.0
NVDA,2026-03-13,46.7,52.0,20.0,68.0,38.0,55.0,46.0
NVDA,2026-03-16,46.2,52.0,20.0,52.0,53.0,55.0,54.0
NVDA,2026-03-17,44.8,52.0,20.0,52.0,47.0,55.0,46.0
NVDA,2026-03-18,46.7,52.0,20.0,68.0,38.0,55.0,46.0
NVDA,2026-03-19,46.7,52.0,20.0,68.0,38.0,55.0,46.0
NVDA,2026-03-20,54.3,68.0,20.0,80.0,38.0,55.0,54.0
NVDA,2026-03-23,46.7,52.0,20.0,68.0,38.0,55.0,46.0
NVDA,2026-03-24,46.7,52.0,20.0,68.0,38.0,55.0,46.0
NVDA,2026-03-25,43.5,52.0,20.0,52.0,38.0,55.0,46.0
NVDA,2026-03-26,55.9,68.0,20.0,90.0,38.0,55.0,46.0
NVDA,2026-03-27,56.3,68.0,20.0,90.0,38.0,55.0,54.0
NVDA,2026-03-30,56.3,68.0,20.0,90.0,38.0,55.0,54.0
NVDA,2026-03-31,43.9,52.0,20.0,52.0,38.0,55.0,54.0
NVDA,2026-04-01,43.5,52.0,20.0,52.0,38.0,55.0,46.0
NVDA,2026-04-02,55.5,52.0,80.0,52.0,38.0,55.0,46.0
NVDA,2026-04-06,56.3,52.0,80.0,52.0,47.0,55.0,35.0
NVDA,2026-04-07,56.8,52.0,80.0,52.0,47.0,55.0,46.0
NVDA,2026-04-08,54.0,52.0,80.0,38.0,47.0,55.0,46.0
NVDA,2026-04-09,50.5,42.0,80.0,38.0,47.0,55.0,35.0
NVDA,2026-04-10,56.3,42.0,80.0,60.0,53.0,55.0,46.0
NVDA,2026-04-13,50.4,42.0,80.0,25.0,60.0,55.0,46.0
NVDA,2026-04-14,54.4,32.0,80.0,60.0,60.0,55.0,46.0
NVDA,2026-04-15,54.8,32.0,80.0,60.0,60.0,55.0,54.0
NVDA,2026-04-16,47.4,32.0,80.0,25.0,60.0,55.0,46.0
NVDA,2026-04-17,45.0,18.0,80.0,25.0,72.0,55.0,46.0
NVDA,2026-04-20,45.0,18.0,80.0,25.0,72.0,55.0,46.0
NVDA,2026-04-21,51.8,32.0,80.0,38.0,72.0,55.0,46.0
NVDA,2026-04-22,51.8,32.0,80.0,38.0,72.0,55.0,46.0
NVDA,2026-04-23,54.8,42.0,80.0,38.0,72.0,55.0,46.0
NVDA,2026-04-24,47.4,18.0,80.0,25.0,85.0,55.0,54.0
NVDA,2026-04-27,47.4,18.0,80.0,25.0,85.0,55.0,54.0
NVDA,2026-04-28,47.4,18.0,80.0,25.0,85.0,55.0,54.0
NVDA,2026-04-29,51.8,32.0,80.0,38.0,72.0,55.0,46.0
NVDA,2026-04-30,61.4,52.0,80.0,52.0,72.0,55.0,62.0
NVDA,2026-05-01,48.6,52.0,20.0,52.0,72.0,55.0,46.0
NVDA,2026-05-04,48.6,52.0,20.0,52.0,72.0,55.0,46.0
NVDA,2026-05-05,48.6,52.0,20.0,52.0,72.0,55.0,46.0
NVDA,2026-05-06,43.2,42.0,20.0,38.0,72.0,55.0,54.0
NVDA,2026-05-07,43.2,42.0,20.0,38.0,72.0,55.0,54.0
NVDA,2026-05-08,49.2,32.0,80.0,25.0,72.0,55.0,46.0
NVDA,2026-05-11,56.6,32.0,80.0,60.0,72.0,55.0,54.0
NVDA,2026-05-12,49.6,32.0,80.0,25.0,72.0,55.0,54.0
NVDA,2026-05-13,52.4,18.0,80.0,60.0,72.0,55.0,54.0
NVDA,2026-05-14,51.4,18.0,80.0,60.0,72.0,45.0,54.0
NVDA,2026-05-15,54.2,42.0,80.0,38.0,72.0,45.0,54.0
NVDA,2026-05-18,53.8,42.0,80.0,38.0,72.0,45.0,46.0
NVDA,2026-05-19,56.6,42.0,80.0,52.0,72.0,45.0,46.0
NVDA,2026-05-20,54.2,42.0,80.0,38.0,72.0,45.0,54.0
NVDA,2026-05-21,43.2,42.0,20.0,52.0,60.0,45.0,54.0
NVDA,2026-05-22,46.2,52.0,20.0,52.0,60.0,45.0,54.0
NVDA,2026-05-26,44.2,52.0,20.0,52.0,47.0,45.0,54.0
NVDA,2026-05-27,44.2,52.0,20.0,52.0,47.0,45.0,54.0
NVDA,2026-05-28,44.8,52.0,20.0,52.0,53.0,45.0,46.0
NVDA,2026-05-29,47.6,52.0,20.0,52.0,60.0,55.0,62.0
NVDA,2026-06-01,42.2,42.0,20.0,38.0,72.0,45.0,54.0
NVDA,2026-06-02,45.0,42.0,20.0,52.0,72.0,45.0,54.0
NVDA,2026-06-03,45.8,52.0,20.0,52.0,60.0,45.0,46.0
NVDA,2026-06-04,45.8,52.0,20.0,52.0,60.0,45.0,46.0
NVDA,2026-06-05,51.9,52.0,20.0,90.0,47.0,45.0,54.0
NVDA,2026-06-08,49.4,52.0,20.0,80.0,47.0,45.0,46.0
NVDA,2026-06-09,46.1,52.0,20.0,68.0,38.0,45.0,54.0
NVDA,2026-06-10,50.1,52.0,20.0,90.0,38.0,45.0,46.0
NVDA,2026-06-11,45.7,52.0,20.0,68.0,38.0,45.0,46.0
NVDA,2026-06-12,43.7,52.0,20.0,68.0,28.0,45.0,35.0
NVDA,2026-06-15,42.5,52.0,20.0,52.0,38.0,45.0,46.0
NVDA,2026-06-16,45.7,52.0,20.0,68.0,38.0,45.0,46.0
NVDA,2026-06-17,45.7,52.0,20.0,68.0,38.0,45.0,46.0
NVDA,2026-06-18,42.9,52.0,20.0,52.0,38.0,45.0,54.0
TSLA,2024-06-20,44.0,50.0,20.0,50.0,50.0,50.0,50.0
TSLA,2024-06-21,56.0,50.0,80.0,50.0,50.0,50.0,50.0
TSLA,2024-06-24,56.0,50.0,80.0,50.0,50.0,50.0,50.0
TSLA,2024-06-25,56.0,50.0,80.0,50.0,50.0,50.0,50.0
TSLA,2024-06-26,56.0,50.0,80.0,50.0,50.0,50.0,50.0
TSLA,2024-06-27,56.0,50.0,80.0,50.0,50.0,50.0,50.0
TSLA,2024-06-28,56.0,50.0,80.0,50.0,50.0,50.0,50.0
TSLA,2024-07-01,56.0,50.0,80.0,50.0,50.0,50.0,50.0
TSLA,2024-07-02,56.0,50.0,80.0,50.0,50.0,50.0,50.0
TSLA,2024-07-03,56.0,50.0,80.0,50.0,50.0,50.0,50.0
TSLA,2024-07-05,56.0,50.0,80.0,50.0,50.0,50.0,50.0
TSLA,2024-07-08,56.0,50.0,80.0,50.0,50.0,50.0,50.0
TSLA,2024-07-09,56.0,50.0,80.0,50.0,50.0,50.0,50.0
TSLA,2024-07-10,56.0,50.0,80.0,50.0,50.0,50.0,50.0
TSLA,2024-07-11,46.4,18.0,80.0,50.0,50.0,50.0,50.0
TSLA,2024-07-12,46.4,18.0,80.0,50.0,50.0,50.0,50.0
TSLA,2024-07-15,46.4,18.0,80.0,50.0,50.0,50.0,50.0
TSLA,2024-07-16,46.4,18.0,80.0,50.0,50.0,50.0,50.0
TSLA,2024-07-17,50.6,32.0,80.0,50.0,50.0,50.0,50.0
TSLA,2024-07-18,50.8,32.0,80.0,52.0,50.0,50.0,46.0
TSLA,2024-07-19,45.3,42.0,20.0,52.0,85.0,38.0,35.0
TSLA,2024-07-22,42.8,32.0,20.0,52.0,85.0,38.0,46.0
TSLA,2024-07-23,45.8,42.0,20.0,52.0,85.0,38.0,46.0
TSLA,2024-07-24,49.5,52.0,20.0,68.0,72.0,28.0,54.0
TSLA,2024-07-25,49.1,52.0,20.0,68.0,72.0,28.0,46.0
TSLA,2024-07-26,48.5,52.0,20.0,68.0,72.0,28.0,35.0
TSLA,2024-07-29,45.9,52.0,20.0,52.0,72.0,28.0,46.0
TSLA,2024-07-30,47.3,52.0,20.0,68.0,60.0,28.0,46.0
TSLA,2024-07-31,43.5,52.0,20.0,52.0,53.0,38.0,35.0
TSLA,2024-08-01,45.4,52.0,20.0,80.0,28.0,38.0,35.0
TSLA,2024-08-02,45.4,52.0,20.0,80.0,28.0,38.0,35.0
TSLA,2024-08-05,48.7,68.0,20.0,80.0,15.0,38.0,46.0
TSLA,2024-08-06,48.2,68.0,20.0,80.0,15.0,38.0,35.0
TSLA,2024-08-07,48.2,68.0,20.0,80.0,15.0,38.0,35.0
TSLA,2024-08-08,43.0,52.0,20.0,68.0,28.0,38.0,35.0
TSLA,2024-08-09,43.0,52.0,20.0,68.0,28.0,38.0,35.0
TSLA,2024-08-12,41.0,52.0,20.0,68.0,15.0,38.0,35.0
TSLA,2024-08-13,40.3,52.0,20.0,52.0,28.0,38.0,46.0
TSLA,2024-08-14,43.5,52.0,20.0,68.0,28.0,38.0,46.0
TSLA,2024-08-15,40.3,52.0,20.0,52.0,28.0,38.0,46.0
TSLA,2024-08-16,41.8,52.0,20.0,52.0,38.0,38.0,46.0
TSLA,2024-08-19,52.3,52.0,80.0,52.0,28.0,38.0,46.0
TSLA,2024-08-20,52.3,52.0,80.0,52.0,28.0,38.0,46.0
TSLA,2024-08-21,54.3,52.0,80.0,38.0,60.0,38.0,46.0
TSLA,2024-08-22,53.8,52.0,80.0,52.0,38.0,38.0,46.0
TSLA,2024-08-23,56.5,52.0,80.0,52.0,53.0,38.0,54.0
TSLA,2024-08-26,53.8,52.0,80.0,52.0,38.0,38.0,46.0
TSLA,2024-08-27,53.8,52.0,80.0,52.0,38.0,38.0,46.0
TSLA,2024-08-28,53.0,52.0,80.0,52.0,28.0,45.0,46.0
TSLA,2024-08-29,42.5,52.0,20.0,52.0,38.0,45.0,46.0
TSLA,2024-08-30,57.8,52.0,80.0,52.0,60.0,45.0,46.0
TSLA,2024-09-03,58.2,52.0,80.0,52.0,60.0,45.0,54.0
TSLA,2024-09-04,55.4,52.0,80.0,38.0,60.0,45.0,54.0
TSLA,2024-09-05,54.0,42.0,80.0,25.0,85.0,45.0,62.0
TSLA,2024-09-06,57.5,52.0,80.0,52.0,60.0,38.0,54.0
TSLA,2024-09-09,57.1,52.0,80.0,52.0,60.0,38.0,46.0
TSLA,2024-09-10,50.9,42.0,80.0,25.0,72.0,38.0,54.0
TSLA,2024-09-11,49.1,42.0,80.0,25.0,60.0,38.0,54.0
TSLA,2024-09-12,51.2,42.0,80.0,25.0,72.0,45.0,46.0
TSLA,2024-09-13,49.4,42.0,80.0,25.0,60.0,45.0,46.0
TSLA,2024-09-16,55.0,52.0,80.0,38.0,60.0,45.0,46.0
TSLA,2024-09-17,51.0,42.0,80.0,38.0,53.0,45.0,46.0
TSLA,2024-09-18,54.4,52.0,80.0,38.0,53.0,45.0,54.0
TSLA,2024-09-19,56.1,42.0,80.0,60.0,60.0,38.0,54.0
TSLA,2024-09-20,51.6,42.0,80.0,25.0,72.0,45.0,54.0
TSLA,2024-09-23,58.6,42.0,80.0,60.0,72.0,45.0,54.0
TSLA,2024-09-24,55.6,32.0,80.0,60.0,72.0,45.0,54.0
TSLA,2024-09-25,50.1,32.0,80.0,25.0,85.0,45.0,46.0
TSLA,2024-09-26,50.1,32.0,80.0,25.0,85.0,45.0,46.0
TSLA,2024-09-27,50.1,32.0,80.0,25.0,85.0,45.0,46.0
TSLA,2024-09-30,50.6,32.0,80.0,25.0,85.0,45.0,54.0
TSLA,2024-10-01,56.2,42.0,80.0,38.0,85.0,45.0,54.0
TSLA,2024-10-02,57.0,42.0,80.0,52.0,72.0,45.0,54.0
TSLA,2024-10-03,46.2,52.0,20.0,52.0,60.0,45.0,54.0
TSLA,2024-10-04,45.0,42.0,20.0,52.0,72.0,45.0,54.0
TSLA,2024-10-07,47.6,52.0,20.0,52.0,72.0,45.0,46.0
TSLA,2024-10-08,45.8,52.0,20.0,52.0,60.0,45.0,46.0
TSLA,2024-10-09,45.8,52.0,20.0,52.0,60.0,45.0,46.0
TSLA,2024-10-10,46.2,52.0,20.0,52.0,60.0,45.0,54.0
TSLA,2024-10-11,55.7,68.0,20.0,90.0,38.0,45.0,62.0
TSLA,2024-10-14,53.3,68.0,20.0,80.0,38.0,45.0,54.0
TSLA,2024-10-15,52.9,68.0,20.0,80.0,38.0,45.0,46.0
TSLA,2024-10-16,48.9,52.0,20.0,80.0,47.0,45.0,35.0
TSLA,2024-10-17,47.6,52.0,20.0,80.0,38.0,45.0,35.0
TSLA,2024-10-18,45.2,52.0,20.0,68.0,38.0,45.0,35.0
TSLA,2024-10-21,48.5,68.0,20.0,68.0,28.0,45.0,35.0
TSLA,2024-10-22,48.5,68.0,20.0,68.0,28.0,45.0,35.0
TSLA,2024-10-23,49.4,68.0,20.0,68.0,28.0,45.0,54.0
TSLA,2024-10-24,47.8,42.0,80.0,25.0,53.0,28.0,70.0
TSLA,2024-10-25,45.5,32.0,80.0,25.0,60.0,28.0,62.0
TSLA,2024-10-28,47.0,42.0,80.0,25.0,53.0,28.0,54.0
TSLA,2024-10-29,49.2,42.0,80.0,38.0,53.0,28.0,46.0
TSLA,2024-10-30,49.8,42.0,80.0,38.0,60.0,28.0,35.0
TSLA,2024-10-31,53.1,42.0,80.0,52.0,60.0,28.0,46.0
TSLA,2024-11-01,54.1,52.0,80.0,52.0,47.0,28.0,46.0
TSLA,2024-11-04,55.0,52.0,80.0,52.0,53.0,28.0,46.0
TSLA,2024-11-05,52.0,42.0,80.0,52.0,53.0,28.0,46.0
TSLA,2024-11-06,54.3,32.0,80.0,60.0,72.0,28.0,62.0
TSLA,2024-11-07,51.6,18.0,80.0,60.0,85.0,28.0,54.0
TSLA,2024-11-08,52.4,18.0,80.0,60.0,85.0,28.0,70.0
TSLA,2024-11-11,52.4,18.0,80.0,60.0,85.0,28.0,70.0
TSLA,2024-11-12,45.0,18.0,80.0,25.0,85.0,28.0,62.0
TSLA,2024-11-13,44.6,18.0,80.0,25.0,85.0,28.0,54.0
TSLA,2024-11-14,54.5,42.0,80.0,38.0,85.0,28.0,54.0
TSLA,2024-11-15,54.5,42.0,80.0,38.0,85.0,28.0,54.0
TSLA,2024-11-18,48.9,32.0,80.0,25.0,85.0,28.0,54.0
TSLA,2024-11-19,48.4,32.0,80.0,25.0,85.0,28.0,46.0
TSLA,2024-11-20,50.5,32.0,80.0,38.0,85.0,28.0,35.0
TSLA,2024-11-21,50.5,32.0,80.0,38.0,85.0,28.0,35.0
TSLA,2024-11-22,51.0,32.0,80.0,38.0,85.0,28.0,46.0
TSLA,2024-11-25,54.0,42.0,80.0,38.0,85.0,28.0,46.0
TSLA,2024-11-26,56.3,42.0,80.0,52.0,85.0,28.0,35.0
TSLA,2024-11-27,44.3,42.0,20.0,52.0,85.0,28.0,35.0
TSLA,2024-11-29,44.3,42.0,20.0,52.0,85.0,28.0,35.0
TSLA,2024-12-02,39.0,32.0,20.0,38.0,85.0,28.0,46.0
TSLA,2024-12-03,41.5,42.0,20.0,38.0,85.0,28.0,35.0
TSLA,2024-12-04,38.5,32.0,20.0,38.0,85.0,28.0,35.0
TSLA,2024-12-05,37.4,32.0,20.0,25.0,85.0,38.0,46.0
TSLA,2024-12-06,52.2,18.0,80.0,60.0,85.0,38.0,46.0
TSLA,2024-12-09,52.6,18.0,80.0,60.0,85.0,38.0,54.0
TSLA,2024-12-10,51.4,18.0,80.0,60.0,72.0,45.0,54.0
TSLA,2024-12-11,53.4,18.0,80.0,60.0,85.0,45.0,54.0
TSLA,2024-12-12,46.4,18.0,80.0,25.0,85.0,45.0,54.0
TSLA,2024-12-13,53.4,18.0,80.0,60.0,85.0,45.0,54.0
TSLA,2024-12-16,53.4,18.0,80.0,60.0,85.0,45.0,54.0
TSLA,2024-12-17,53.8,18.0,80.0,60.0,85.0,45.0,62.0
TSLA,2024-12-18,53.6,32.0,80.0,38.0,85.0,45.0,62.0
TSLA,2024-12-19,53.2,32.0,80.0,38.0,85.0,45.0,54.0
TSLA,2024-12-20,58.2,42.0,80.0,52.0,85.0,38.0,54.0
TSLA,2024-12-23,46.5,42.0,20.0,52.0,85.0,45.0,46.0
TSLA,2024-12-24,39.5,32.0,20.0,38.0,85.0,38.0,35.0
TSLA,2024-12-26,40.0,32.0,20.0,38.0,85.0,38.0,46.0
TSLA,2024-12-27,45.8,42.0,20.0,52.0,85.0,38.0,46.0
TSLA,2024-12-30,48.8,52.0,20.0,52.0,85.0,38.0,46.0
TSLA,2024-12-31,46.9,52.0,20.0,52.0,72.0,38.0,46.0
TSLA,2025-01-02,48.7,52.0,20.0,68.0,60.0,38.0,54.0
TSLA,2025-01-03,46.9,52.0,20.0,52.0,72.0,38.0,46.0
TSLA,2025-01-06,46.9,52.0,20.0,52.0,72.0,38.0,46.0
TSLA,2025-01-07,47.2,52.0,20.0,68.0,53.0,38.0,46.0
TSLA,2025-01-08,47.2,52.0,20.0,68.0,53.0,38.0,46.0
TSLA,2025-01-10,45.8,52.0,20.0,68.0,47.0,38.0,35.0
TSLA,2025-01-13,41.8,52.0,20.0,52.0,38.0,38.0,46.0
TSLA,2025-01-14,45.0,52.0,20.0,68.0,38.0,38.0,46.0
TSLA,2025-01-15,40.1,42.0,20.0,52.0,47.0,38.0,46.0
TSLA,2025-01-16,40.3,52.0,20.0,52.0,28.0,38.0,46.0
TSLA,2025-01-17,37.7,42.0,20.0,52.0,28.0,38.0,54.0
TSLA,2025-01-21,39.2,42.0,20.0,52.0,38.0,38.0,54.0
TSLA,2025-01-22,41.8,52.0,20.0,52.0,38.0,38.0,46.0
TSLA,2025-01-23,42.6,52.0,20.0,52.0,47.0,38.0,35.0
TSLA,2025-01-24,41.8,52.0,20.0,52.0,38.0,38.0,46.0
TSLA,2025-01-27,44.2,52.0,20.0,68.0,28.0,45.0,46.0
TSLA,2025-01-28,40.5,52.0,20.0,52.0,28.0,45.0,35.0
TSLA,2025-01-29,45.7,52.0,20.0,68.0,38.0,45.0,46.0
TSLA,2025-01-30,42.9,52.0,20.0,52.0,38.0,45.0,54.0
TSLA,2025-01-31,45.2,52.0,20.0,52.0,53.0,45.0,54.0
TSLA,2025-02-03,50.8,52.0,20.0,80.0,53.0,45.0,54.0
TSLA,2025-02-04,45.7,52.0,20.0,68.0,38.0,45.0,46.0
TSLA,2025-02-05,48.1,52.0,20.0,80.0,38.0,45.0,46.0
TSLA,2025-02-06,48.5,52.0,20.0,80.0,38.0,45.0,54.0
TSLA,2025-02-07,54.9,68.0,20.0,90.0,38.0,45.0,46.0
TSLA,2025-02-10,53.8,68.0,20.0,90.0,28.0,45.0,54.0
TSLA,2025-02-11,54.2,68.0,20.0,90.0,28.0,45.0,62.0
TSLA,2025-02-12,51.8,68.0,20.0,80.0,28.0,45.0,54.0
TSLA,2025-02-13,44.6,52.0,20.0,68.0,28.0,45.0,54.0
TSLA,2025-02-14,44.2,52.0,20.0,68.0,28.0,45.0,46.0
TSLA,2025-02-18,43.7,52.0,20.0,68.0,28.0,45.0,35.0
TSLA,2025-02-19,41.0,52.0,20.0,52.0,28.0,45.0,46.0
TSLA,2025-02-20,43.7,52.0,20.0,68.0,28.0,45.0,35.0
TSLA,2025-02-21,49.4,68.0,20.0,68.0,28.0,45.0,54.0
TSLA,2025-02-24,51.8,68.0,20.0,80.0,28.0,45.0,54.0
TSLA,2025-02-25,56.4,82.0,20.0,90.0,15.0,45.0,62.0
TSLA,2025-02-26,56.0,82.0,20.0,90.0,15.0,45.0,54.0
TSLA,2025-02-27,56.0,82.0,20.0,90.0,15.0,45.0,54.0
TSLA,2025-02-28,49.9,68.0,20.0,80.0,15.0,45.0,54.0
TSLA,2025-03-03,54.0,82.0,20.0,80.0,15.0,45.0,54.0
TSLA,2025-03-04,54.0,82.0,20.0,80.0,15.0,45.0,54.0
TSLA,2025-03-05,54.0,82.0,20.0,80.0,15.0,45.0,54.0
TSLA,2025-03-06,54.0,82.0,20.0,80.0,15.0,45.0,54.0
TSLA,2025-03-07,54.0,82.0,20.0,80.0,15.0,45.0,54.0
TSLA,2025-03-10,55.7,82.0,20.0,90.0,15.0,38.0,62.0
TSLA,2025-03-11,53.7,82.0,20.0,80.0,15.0,38.0,62.0
TSLA,2025-03-12,45.8,68.0,20.0,68.0,15.0,28.0,54.0
TSLA,2025-03-13,45.8,68.0,20.0,68.0,15.0,28.0,54.0
TSLA,2025-03-14,45.3,68.0,20.0,68.0,15.0,28.0,46.0
TSLA,2025-03-17,45.8,68.0,20.0,68.0,15.0,28.0,54.0
TSLA,2025-03-18,50.0,82.0,20.0,68.0,15.0,28.0,54.0
TSLA,2025-03-19,45.3,68.0,20.0,68.0,15.0,28.0,46.0
TSLA,2025-03-20,57.3,68.0,80.0,68.0,15.0,28.0,46.0
TSLA,2025-03-21,54.5,68.0,80.0,52.0,15.0,28.0,54.0
TSLA,2025-03-24,51.7,52.0,80.0,52.0,28.0,28.0,54.0
TSLA,2025-03-25,50.4,52.0,80.0,38.0,38.0,28.0,54.0
TSLA,2025-03-26,53.2,52.0,80.0,52.0,38.0,28.0,54.0
TSLA,2025-03-27,53.2,52.0,80.0,52.0,38.0,28.0,54.0
TSLA,2025-03-28,51.3,52.0,80.0,52.0,28.0,28.0,46.0
TSLA,2025-03-31,53.2,52.0,80.0,52.0,38.0,28.0,54.0
TSLA,2025-04-01,54.5,52.0,80.0,52.0,47.0,28.0,54.0
TSLA,2025-04-02,50.4,52.0,80.0,25.0,53.0,28.0,62.0
TSLA,2025-04-03,55.0,52.0,80.0,52.0,53.0,28.0,46.0
TSLA,2025-04-04,58.0,68.0,80.0,52.0,38.0,28.0,54.0
TSLA,2025-04-07,64.5,68.0,80.0,68.0,60.0,28.0,54.0
TSLA,2025-04-08,51.6,68.0,20.0,80.0,38.0,28.0,54.0
TSLA,2025-04-09,53.7,52.0,80.0,38.0,60.0,28.0,54.0
TSLA,2025-04-10,56.5,52.0,80.0,52.0,60.0,28.0,54.0
TSLA,2025-04-11,55.0,52.0,80.0,52.0,53.0,28.0,46.0
TSLA,2025-04-14,55.5,52.0,80.0,52.0,60.0,28.0,35.0
TSLA,2025-04-15,57.3,52.0,80.0,52.0,72.0,28.0,35.0
TSLA,2025-04-16,58.2,52.0,80.0,68.0,53.0,28.0,46.0
TSLA,2025-04-17,57.7,52.0,80.0,68.0,53.0,28.0,35.0
TSLA,2025-04-21,50.6,68.0,20.0,80.0,38.0,28.0,35.0
TSLA,2025-04-22,42.5,52.0,20.0,68.0,28.0,28.0,46.0
TSLA,2025-04-23,51.7,52.0,80.0,52.0,28.0,28.0,54.0
TSLA,2025-04-24,52.2,52.0,80.0,52.0,38.0,28.0,35.0
TSLA,2025-04-25,48.1,42.0,80.0,25.0,60.0,28.0,54.0
TSLA,2025-04-28,48.1,42.0,80.0,25.0,60.0,28.0,54.0
TSLA,2025-04-29,49.5,42.0,80.0,25.0,72.0,28.0,46.0
TSLA,2025-04-30,50.3,42.0,80.0,38.0,60.0,28.0,46.0
TSLA,2025-05-01,48.3,42.0,80.0,38.0,47.0,28.0,46.0
TSLA,2025-05-02,50.3,42.0,80.0,38.0,60.0,28.0,46.0
TSLA,2025-05-05,55.1,52.0,80.0,38.0,72.0,28.0,46.0
TSLA,2025-05-06,57.3,52.0,80.0,52.0,72.0,28.0,35.0
TSLA,2025-05-07,59.3,52.0,80.0,52.0,85.0,28.0,35.0
TSLA,2025-05-08,51.3,42.0,80.0,38.0,60.0,38.0,46.0
TSLA,2025-05-09,51.6,42.0,80.0,25.0,72.0,45.0,54.0
TSLA,2025-05-12,56.9,32.0,80.0,60.0,85.0,38.0,54.0
TSLA,2025-05-13,52.6,18.0,80.0,60.0,85.0,38.0,54.0
TSLA,2025-05-14,52.6,18.0,80.0,60.0,85.0,38.0,54.0
TSLA,2025-05-15,45.2,18.0,80.0,25.0,85.0,38.0,46.0
TSLA,2025-05-16,45.2,18.0,80.0,25.0,85.0,38.0,46.0
TSLA,2025-05-19,50.1,32.0,80.0,25.0,85.0,45.0,46.0
TSLA,2025-05-20,53.2,32.0,80.0,38.0,85.0,45.0,54.0
TSLA,2025-05-21,55.8,42.0,80.0,38.0,85.0,45.0,46.0
TSLA,2025-05-22,52.8,32.0,80.0,38.0,85.0,45.0,46.0
TSLA,2025-05-23,53.8,42.0,80.0,38.0,72.0,45.0,46.0
TSLA,2025-05-27,46.4,18.0,80.0,25.0,85.0,45.0,54.0
TSLA,2025-05-28,52.8,32.0,80.0,38.0,85.0,45.0,46.0
TSLA,2025-05-29,52.8,32.0,80.0,38.0,85.0,45.0,46.0
TSLA,2025-05-30,59.0,42.0,80.0,52.0,85.0,45.0,54.0
TSLA,2025-06-02,44.6,42.0,20.0,52.0,72.0,45.0,46.0
TSLA,2025-06-03,46.5,42.0,20.0,52.0,85.0,45.0,46.0
TSLA,2025-06-04,49.5,52.0,20.0,52.0,85.0,45.0,46.0
TSLA,2025-06-05,58.7,68.0,20.0,90.0,60.0,38.0,70.0
TSLA,2025-06-06,51.1,52.0,20.0,80.0,60.0,38.0,54.0
TSLA,2025-06-09,48.7,52.0,20.0,68.0,60.0,38.0,54.0
TSLA,2025-06-10,44.5,52.0,20.0,52.0,53.0,38.0,54.0
TSLA,2025-06-11,43.5,52.0,20.0,52.0,47.0,38.0,54.0
TSLA,2025-06-12,41.8,52.0,20.0,52.0,38.0,38.0,46.0
TSLA,2025-06-13,42.2,52.0,20.0,52.0,38.0,38.0,54.0
TSLA,2025-06-16,41.8,52.0,20.0,52.0,38.0,38.0,46.0
TSLA,2025-06-17,41.8,52.0,20.0,52.0,38.0,38.0,46.0
TSLA,2025-06-18,41.8,52.0,20.0,52.0,38.0,38.0,46.0
TSLA,2025-06-20,41.8,52.0,20.0,52.0,38.0,38.0,46.0
TSLA,2025-06-23,39.1,42.0,20.0,38.0,53.0,38.0,62.0
TSLA,2025-06-24,53.0,42.0,80.0,52.0,53.0,38.0,46.0
TSLA,2025-06-25,41.8,52.0,20.0,52.0,38.0,38.0,46.0
TSLA,2025-06-26,41.2,52.0,20.0,52.0,38.0,38.0,35.0
TSLA,2025-06-27,41.8,52.0,20.0,52.0,38.0,38.0,46.0
TSLA,2025-06-30,41.2,52.0,20.0,52.0,38.0,38.0,35.0
TSLA,2025-07-01,43.9,52.0,20.0,68.0,28.0,38.0,54.0
TSLA,2025-07-02,41.8,52.0,20.0,52.0,38.0,38.0,46.0
TSLA,2025-07-03,41.2,52.0,20.0,52.0,38.0,38.0,35.0
TSLA,2025-07-07,51.1,52.0,20.0,80.0,60.0,38.0,54.0
TSLA,2025-07-08,49.6,52.0,20.0,80.0,53.0,38.0,46.0
TSLA,2025-07-09,47.6,52.0,20.0,80.0,38.0,45.0,35.0
TSLA,2025-07-10,42.5,52.0,20.0,52.0,38.0,45.0,46.0
TSLA,2025-07-11,42.5,52.0,20.0,52.0,38.0,45.0,46.0
TSLA,2025-07-14,43.8,52.0,20.0,52.0,47.0,45.0,46.0
TSLA,2025-07-15,42.5,52.0,20.0,52.0,38.0,45.0,46.0
TSLA,2025-07-16,55.8,52.0,80.0,52.0,47.0,45.0,46.0
TSLA,2025-07-17,56.8,52.0,80.0,52.0,53.0,45.0,46.0
TSLA,2025-07-18,51.0,42.0,80.0,38.0,53.0,45.0,46.0
TSLA,2025-07-21,53.8,42.0,80.0,52.0,53.0,45.0,46.0
TSLA,2025-07-22,48.7,42.0,80.0,38.0,38.0,45.0,46.0
TSLA,2025-07-23,50.5,42.0,80.0,38.0,47.0,45.0,54.0
TSLA,2025-07-24,58.5,52.0,80.0,68.0,38.0,45.0,62.0
TSLA,2025-07-25,56.6,52.0,80.0,52.0,47.0,45.0,62.0
TSLA,2025-07-28,54.4,52.0,80.0,38.0,53.0,45.0,54.0
TSLA,2025-07-29,56.8,52.0,80.0,52.0,53.0,45.0,46.0
TSLA,2025-07-30,57.8,52.0,80.0,52.0,60.0,45.0,46.0
TSLA,2025-07-31,43.8,52.0,20.0,52.0,47.0,45.0,46.0
TSLA,2025-08-01,45.7,52.0,20.0,68.0,38.0,45.0,46.0
TSLA,2025-08-04,45.8,52.0,20.0,52.0,60.0,45.0,46.0
TSLA,2025-08-05,45.2,52.0,20.0,52.0,60.0,45.0,35.0
TSLA,2025-08-06,45.8,52.0,20.0,52.0,60.0,45.0,46.0
TSLA,2025-08-07,57.8,52.0,80.0,52.0,60.0,45.0,46.0
TSLA,2025-08-08,52.4,42.0,80.0,38.0,60.0,45.0,54.0
TSLA,2025-08-11,49.8,42.0,80.0,25.0,60.0,45.0,54.0
TSLA,2025-08-12,49.4,42.0,80.0,25.0,60.0,45.0,46.0
TSLA,2025-08-13,49.4,42.0,80.0,25.0,60.0,45.0,46.0
TSLA,2025-08-14,52.0,42.0,80.0,38.0,60.0,45.0,46.0
TSLA,2025-08-15,56.8,52.0,80.0,52.0,53.0,45.0,46.0
TSLA,2025-08-18,50.4,42.0,80.0,38.0,53.0,45.0,35.0
TSLA,2025-08-19,55.8,52.0,80.0,52.0,47.0,45.0,46.0
TSLA,2025-08-20,55.8,52.0,80.0,52.0,47.0,45.0,46.0
TSLA,2025-08-21,46.2,52.0,20.0,52.0,60.0,55.0,35.0
TSLA,2025-08-22,53.4,42.0,80.0,38.0,60.0,55.0,54.0
TSLA,2025-08-25,50.8,42.0,80.0,25.0,60.0,55.0,54.0
TSLA,2025-08-26,50.4,42.0,80.0,25.0,60.0,55.0,46.0
TSLA,2025-08-27,50.4,42.0,80.0,25.0,60.0,55.0,46.0
TSLA,2025-08-28,54.8,42.0,80.0,38.0,72.0,55.0,46.0
TSLA,2025-08-29,61.0,52.0,80.0,52.0,72.0,55.0,54.0
TSLA,2025-09-02,46.8,52.0,20.0,52.0,60.0,55.0,46.0
TSLA,2025-09-03,47.2,52.0,20.0,52.0,60.0,55.0,54.0
TSLA,2025-09-04,46.8,52.0,20.0,52.0,60.0,55.0,46.0
TSLA,2025-09-05,50.8,42.0,80.0,25.0,60.0,55.0,54.0
TSLA,2025-09-08,53.0,42.0,80.0,38.0,60.0,55.0,46.0
TSLA,2025-09-09,52.0,42.0,80.0,38.0,53.0,55.0,46.0
TSLA,2025-09-10,52.0,42.0,80.0,38.0,53.0,55.0,46.0
TSLA,2025-09-11,53.8,32.0,80.0,60.0,60.0,45.0,54.0
TSLA,2025-09-12,52.2,18.0,80.0,60.0,72.0,45.0,70.0
TSLA,2025-09-15,53.8,18.0,80.0,60.0,85.0,45.0,62.0
TSLA,2025-09-16,53.4,18.0,80.0,60.0,85.0,45.0,54.0
TSLA,2025-09-17,53.4,18.0,80.0,60.0,85.0,45.0,54.0
TSLA,2025-09-18,46.4,18.0,80.0,25.0,85.0,45.0,54.0
TSLA,2025-09-19,46.4,18.0,80.0,25.0,85.0,45.0,54.0
TSLA,2025-09-22,46.4,18.0,80.0,25.0,85.0,45.0,54.0
TSLA,2025-09-23,48.5,18.0,80.0,38.0,85.0,45.0,46.0
TSLA,2025-09-24,46.4,18.0,80.0,25.0,85.0,45.0,54.0
TSLA,2025-09-25,53.2,32.0,80.0,38.0,85.0,45.0,54.0
TSLA,2025-09-26,53.2,32.0,80.0,38.0,85.0,45.0,54.0
TSLA,2025-09-29,48.5,18.0,80.0,38.0,85.0,45.0,46.0
TSLA,2025-09-30,48.5,18.0,80.0,38.0,85.0,45.0,46.0
TSLA,2025-10-01,49.0,18.0,80.0,38.0,85.0,45.0,54.0
TSLA,2025-10-02,59.0,42.0,80.0,52.0,85.0,45.0,54.0
TSLA,2025-10-03,47.0,42.0,20.0,52.0,85.0,45.0,54.0
TSLA,2025-10-06,40.8,32.0,20.0,38.0,85.0,45.0,46.0
TSLA,2025-10-07,46.5,42.0,20.0,52.0,85.0,45.0,46.0
TSLA,2025-10-08,46.0,42.0,20.0,52.0,85.0,45.0,35.0
TSLA,2025-10-09,44.0,42.0,20.0,52.0,72.0,45.0,35.0
TSLA,2025-10-10,51.8,52.0,20.0,80.0,60.0,45.0,54.0
TSLA,2025-10-13,42.8,42.0,20.0,52.0,60.0,45.0,46.0
TSLA,2025-10-14,44.8,52.0,20.0,52.0,53.0,45.0,46.0
TSLA,2025-10-15,41.8,42.0,20.0,52.0,53.0,45.0,46.0
TSLA,2025-10-16,44.8,52.0,20.0,52.0,53.0,45.0,46.0
TSLA,2025-10-17,42.8,42.0,20.0,52.0,60.0,45.0,46.0
TSLA,2025-10-20,40.0,42.0,20.0,38.0,60.0,45.0,46.0
TSLA,2025-10-21,42.2,42.0,20.0,52.0,60.0,45.0,35.0
TSLA,2025-10-22,40.8,42.0,20.0,52.0,47.0,45.0,46.0
TSLA,2025-10-23,40.4,42.0,20.0,38.0,60.0,45.0,54.0
TSLA,2025-10-24,44.2,52.0,20.0,52.0,47.0,45.0,54.0
TSLA,2025-10-27,39.4,42.0,20.0,38.0,53.0,45.0,54.0
TSLA,2025-10-28,37.4,42.0,20.0,25.0,60.0,45.0,46.0
TSLA,2025-10-29,36.3,42.0,20.0,25.0,53.0,45.0,46.0
TSLA,2025-10-30,44.8,52.0,20.0,52.0,53.0,45.0,46.0
TSLA,2025-10-31,40.0,42.0,20.0,38.0,60.0,45.0,46.0
TSLA,2025-11-03,56.8,42.0,80.0,60.0,60.0,45.0,54.0
TSLA,2025-11-04,45.2,52.0,20.0,52.0,53.0,45.0,54.0
TSLA,2025-11-05,40.4,42.0,20.0,38.0,60.0,45.0,54.0
TSLA,2025-11-06,45.2,52.0,20.0,52.0,53.0,45.0,54.0
TSLA,2025-11-07,49.4,52.0,20.0,68.0,60.0,45.0,54.0
TSLA,2025-11-10,44.8,52.0,20.0,52.0,53.0,45.0,46.0
TSLA,2025-11-11,44.8,52.0,20.0,52.0,53.0,45.0,46.0
TSLA,2025-11-12,47.0,52.0,20.0,68.0,47.0,45.0,46.0
TSLA,2025-11-13,50.5,52.0,20.0,90.0,38.0,45.0,54.0
TSLA,2025-11-14,50.5,52.0,20.0,90.0,38.0,45.0,54.0
TSLA,2025-11-17,48.5,52.0,20.0,80.0,38.0,45.0,54.0
TSLA,2025-11-18,48.1,52.0,20.0,80.0,38.0,45.0,46.0
TSLA,2025-11-19,48.1,52.0,20.0,80.0,38.0,45.0,46.0
TSLA,2025-11-20,51.8,68.0,20.0,80.0,28.0,45.0,54.0
TSLA,2025-11-21,53.3,68.0,20.0,80.0,38.0,45.0,54.0
TSLA,2025-11-24,42.9,52.0,20.0,52.0,38.0,45.0,54.0
TSLA,2025-11-25,42.5,52.0,20.0,52.0,38.0,45.0,46.0
TSLA,2025-11-26,42.5,52.0,20.0,52.0,38.0,45.0,46.0
TSLA,2025-11-28,55.3,52.0,80.0,52.0,47.0,45.0,35.0
TSLA,2025-12-01,54.0,52.0,80.0,52.0,38.0,45.0,35.0
TSLA,2025-12-02,54.5,52.0,80.0,52.0,38.0,45.0,46.0
TSLA,2025-12-03,51.4,42.0,80.0,38.0,53.0,45.0,54.0
TSLA,2025-12-04,47.4,42.0,80.0,25.0,47.0,45.0,46.0
TSLA,2025-12-05,48.3,42.0,80.0,25.0,53.0,45.0,46.0
TSLA,2025-12-08,54.0,52.0,80.0,38.0,53.0,45.0,46.0
TSLA,2025-12-09,50.0,42.0,80.0,38.0,47.0,45.0,46.0
TSLA,2025-12-10,51.0,42.0,80.0,38.0,53.0,45.0,46.0
TSLA,2025-12-11,52.0,42.0,80.0,38.0,60.0,45.0,46.0
TSLA,2025-12-12,52.6,42.0,80.0,25.0,72.0,55.0,54.0
TSLA,2025-12-15,49.6,32.0,80.0,25.0,72.0,55.0,54.0
TSLA,2025-12-16,56.6,32.0,80.0,60.0,72.0,55.0,54.0
TSLA,2025-12-17,54.2,42.0,80.0,38.0,72.0,45.0,54.0
TSLA,2025-12-18,51.6,42.0,80.0,25.0,72.0,45.0,54.0
TSLA,2025-12-19,56.2,42.0,80.0,38.0,85.0,45.0,54.0
TSLA,2025-12-22,53.6,42.0,80.0,25.0,85.0,45.0,54.0
TSLA,2025-12-23,54.8,42.0,80.0,38.0,72.0,55.0,46.0
TSLA,2025-12-24,54.2,42.0,80.0,38.0,72.0,55.0,35.0
TSLA,2025-12-26,57.6,42.0,80.0,52.0,72.0,55.0,46.0
TSLA,2025-12-29,46.8,52.0,20.0,52.0,60.0,55.0,46.0
TSLA,2025-12-30,46.8,52.0,20.0,52.0,60.0,55.0,46.0
TSLA,2025-12-31,49.5,52.0,20.0,68.0,60.0,55.0,35.0
TSLA,2026-01-02,50.9,52.0,20.0,80.0,47.0,55.0,54.0
TSLA,2026-01-05,44.8,52.0,20.0,52.0,47.0,55.0,46.0
TSLA,2026-01-06,48.5,52.0,20.0,80.0,38.0,45.0,54.0
TSLA,2026-01-07,49.4,52.0,20.0,80.0,47.0,45.0,46.0
TSLA,2026-01-08,47.0,52.0,20.0,68.0,47.0,45.0,46.0
TSLA,2026-01-09,47.0,52.0,20.0,68.0,47.0,45.0,46.0
TSLA,2026-01-12,44.8,52.0,20.0,52.0,53.0,45.0,46.0
TSLA,2026-01-13,44.8,52.0,20.0,52.0,47.0,55.0,46.0
TSLA,2026-01-14,46.7,52.0,20.0,68.0,38.0,55.0,46.0
TSLA,2026-01-15,45.2,52.0,20.0,68.0,28.0,55.0,46.0
TSLA,2026-01-16,46.7,52.0,20.0,68.0,38.0,55.0,46.0
TSLA,2026-01-20,52.4,68.0,20.0,80.0,28.0,55.0,46.0
TSLA,2026-01-21,45.6,52.0,20.0,68.0,28.0,55.0,54.0
TSLA,2026-01-22,43.9,52.0,20.0,52.0,38.0,55.0,54.0
TSLA,2026-01-23,43.5,52.0,20.0,52.0,38.0,55.0,46.0
TSLA,2026-01-26,42.0,52.0,20.0,52.0,28.0,55.0,46.0
TSLA,2026-01-27,46.2,52.0,20.0,68.0,38.0,55.0,35.0
TSLA,2026-01-28,46.7,52.0,20.0,68.0,38.0,55.0,46.0
TSLA,2026-01-29,56.3,68.0,20.0,90.0,38.0,55.0,54.0
TSLA,2026-01-30,43.9,52.0,20.0,52.0,38.0,55.0,54.0
TSLA,2026-02-02,49.1,52.0,20.0,80.0,38.0,55.0,46.0
TSLA,2026-02-03,46.7,52.0,20.0,68.0,38.0,55.0,46.0
TSLA,2026-02-04,56.3,68.0,20.0,90.0,38.0,55.0,54.0
TSLA,2026-02-05,56.3,68.0,20.0,90.0,38.0,55.0,54.0
TSLA,2026-02-06,47.1,52.0,20.0,68.0,38.0,55.0,54.0
TSLA,2026-02-09,43.5,52.0,20.0,52.0,38.0,55.0,46.0
TSLA,2026-02-10,43.9,52.0,20.0,52.0,38.0,55.0,54.0
TSLA,2026-02-11,54.5,52.0,80.0,52.0,38.0,45.0,46.0
TSLA,2026-02-12,54.5,52.0,80.0,52.0,38.0,45.0,46.0
TSLA,2026-02-13,54.5,52.0,80.0,52.0,38.0,45.0,46.0
TSLA,2026-02-17,57.7,52.0,80.0,68.0,38.0,45.0,46.0
TSLA,2026-02-18,60.0,52.0,80.0,68.0,47.0,55.0,46.0
TSLA,2026-02-19,55.5,52.0,80.0,52.0,38.0,55.0,46.0
TSLA,2026-02-20,55.5,52.0,80.0,52.0,38.0,55.0,46.0
TSLA,2026-02-23,52.8,68.0,20.0,80.0,28.0,55.0,54.0
TSLA,2026-02-24,43.5,52.0,20.0,52.0,38.0,55.0,46.0
TSLA,2026-02-25,55.5,52.0,80.0,52.0,38.0,55.0,46.0
TSLA,2026-02-26,55.5,52.0,80.0,52.0,38.0,55.0,46.0
TSLA,2026-02-27,58.7,52.0,80.0,68.0,38.0,55.0,46.0
TSLA,2026-03-02,58.7,52.0,80.0,68.0,38.0,55.0,46.0
TSLA,2026-03-03,56.3,68.0,20.0,90.0,38.0,55.0,54.0
TSLA,2026-03-04,43.9,52.0,20.0,52.0,38.0,55.0,54.0
TSLA,2026-03-05,56.8,52.0,80.0,52.0,47.0,55.0,46.0
TSLA,2026-03-06,50.9,52.0,20.0,80.0,47.0,55.0,54.0
TSLA,2026-03-09,47.1,52.0,20.0,68.0,38.0,55.0,54.0
TSLA,2026-03-10,59.1,52.0,80.0,68.0,38.0,55.0,54.0
TSLA,2026-03-11,55.9,52.0,80.0,52.0,38.0,55.0,54.0
TSLA,2026-03-12,61.5,52.0,80.0,80.0,38.0,55.0,54.0
TSLA,2026-03-13,49.5,52.0,20.0,80.0,38.0,55.0,54.0
TSLA,2026-03-16,58.7,52.0,80.0,68.0,38.0,55.0,46.0
TSLA,2026-03-17,56.8,52.0,80.0,52.0,47.0,55.0,46.0
TSLA,2026-03-18,58.7,52.0,80.0,68.0,38.0,55.0,46.0
TSLA,2026-03-19,56.3,68.0,20.0,90.0,38.0,55.0,54.0
TSLA,2026-03-20,54.8,68.0,20.0,90.0,28.0,55.0,54.0
TSLA,2026-03-23,49.5,52.0,20.0,80.0,38.0,55.0,54.0
TSLA,2026-03-24,46.7,52.0,20.0,68.0,38.0,55.0,46.0
TSLA,2026-03-25,46.7,52.0,20.0,68.0,38.0,55.0,46.0
TSLA,2026-03-26,53.9,68.0,20.0,80.0,38.0,55.0,46.0
TSLA,2026-03-27,54.8,68.0,20.0,90.0,28.0,55.0,54.0
TSLA,2026-03-30,54.8,68.0,20.0,90.0,28.0,55.0,54.0
TSLA,2026-03-31,47.1,52.0,20.0,68.0,38.0,55.0,54.0
TSLA,2026-04-01,43.5,52.0,20.0,52.0,38.0,55.0,46.0
TSLA,2026-04-02,51.8,68.0,20.0,80.0,28.0,45.0,54.0
TSLA,2026-04-06,51.8,68.0,20.0,80.0,28.0,45.0,54.0
TSLA,2026-04-07,51.8,68.0,20.0,80.0,28.0,45.0,54.0
TSLA,2026-04-08,51.8,68.0,20.0,80.0,28.0,45.0,54.0
TSLA,2026-04-09,51.4,68.0,20.0,80.0,28.0,45.0,46.0
TSLA,2026-04-10,49.0,68.0,20.0,68.0,28.0,45.0,46.0
TSLA,2026-04-13,50.5,68.0,20.0,68.0,38.0,45.0,46.0
TSLA,2026-04-14,54.5,52.0,80.0,52.0,38.0,45.0,46.0
TSLA,2026-04-15,48.2,42.0,80.0,25.0,47.0,45.0,62.0
TSLA,2026-04-16,47.4,42.0,80.0,25.0,47.0,45.0,46.0
TSLA,2026-04-17,49.8,42.0,80.0,25.0,60.0,45.0,54.0
TSLA,2026-04-20,52.0,42.0,80.0,38.0,60.0,45.0,46.0
TSLA,2026-04-21,54.0,52.0,80.0,38.0,53.0,45.0,46.0
TSLA,2026-04-22,54.0,52.0,80.0,38.0,53.0,45.0,46.0
TSLA,2026-04-23,54.9,52.0,80.0,52.0,38.0,45.0,54.0
TSLA,2026-04-24,56.8,52.0,80.0,52.0,53.0,45.0,46.0
TSLA,2026-04-27,57.8,52.0,80.0,52.0,60.0,45.0,46.0
TSLA,2026-04-28,57.8,52.0,80.0,52.0,60.0,45.0,46.0
TSLA,2026-04-29,56.2,52.0,80.0,52.0,53.0,45.0,35.0
TSLA,2026-04-30,56.8,52.0,80.0,52.0,53.0,45.0,46.0
TSLA,2026-05-01,53.0,42.0,80.0,38.0,60.0,55.0,46.0
TSLA,2026-05-04,54.8,42.0,80.0,38.0,72.0,55.0,46.0
TSLA,2026-05-05,60.6,52.0,80.0,52.0,72.0,55.0,46.0
TSLA,2026-05-06,54.8,42.0,80.0,38.0,72.0,55.0,46.0
TSLA,2026-05-07,52.6,42.0,80.0,25.0,72.0,55.0,54.0
TSLA,2026-05-08,57.6,32.0,80.0,60.0,85.0,45.0,54.0
TSLA,2026-05-11,53.4,18.0,80.0,60.0,85.0,45.0,54.0
TSLA,2026-05-12,48.2,32.0,80.0,25.0,72.0,45.0,46.0
TSLA,2026-05-13,52.4,18.0,80.0,60.0,72.0,55.0,54.0
TSLA,2026-05-14,49.2,32.0,80.0,25.0,72.0,55.0,46.0
TSLA,2026-05-15,53.0,42.0,80.0,38.0,60.0,55.0,46.0
TSLA,2026-05-18,57.8,52.0,80.0,52.0,60.0,45.0,46.0
TSLA,2026-05-19,57.8,52.0,80.0,52.0,60.0,45.0,46.0
TSLA,2026-05-20,42.8,42.0,20.0,52.0,60.0,45.0,46.0
TSLA,2026-05-21,45.6,42.0,20.0,52.0,72.0,55.0,46.0
TSLA,2026-05-22,45.6,42.0,20.0,52.0,72.0,55.0,46.0
TSLA,2026-05-26,42.8,42.0,20.0,38.0,72.0,55.0,46.0
TSLA,2026-05-27,54.8,42.0,80.0,38.0,72.0,55.0,46.0
TSLA,2026-05-28,54.2,42.0,80.0,38.0,72.0,55.0,35.0
TSLA,2026-05-29,57.6,42.0,80.0,52.0,72.0,55.0,46.0
TSLA,2026-06-01,45.8,52.0,20.0,52.0,60.0,45.0,46.0
TSLA,2026-06-02,45.8,52.0,20.0,52.0,60.0,45.0,46.0
TSLA,2026-06-03,45.8,52.0,20.0,52.0,60.0,45.0,46.0
TSLA,2026-06-04,45.8,52.0,20.0,52.0,60.0,45.0,46.0
TSLA,2026-06-05,50.5,52.0,20.0,90.0,38.0,45.0,54.0
TSLA,2026-06-08,46.1,52.0,20.0,68.0,38.0,45.0,54.0
TSLA,2026-06-09,47.0,52.0,20.0,80.0,28.0,45.0,54.0
TSLA,2026-06-10,53.8,68.0,20.0,90.0,28.0,45.0,54.0
TSLA,2026-06-11,44.2,52.0,20.0,68.0,28.0,45.0,46.0
TSLA,2026-06-12,42.9,52.0,20.0,52.0,38.0,45.0,54.0
TSLA,2026-06-15,43.8,52.0,20.0,52.0,47.0,45.0,46.0
TSLA,2026-06-16,43.8,52.0,20.0,52.0,47.0,45.0,46.0
TSLA,2026-06-17,47.0,52.0,20.0,68.0,47.0,45.0,46.0
TSLA,2026-06-18,42.9,52.0,20.0,52.0,38.0,45.0,54.0
