ticker,date,close,daily_return,Volume_ratio,Volatility_20,ATR_14,BB_pct,abs_return,anomaly_flag,anomaly_score
AAPL,2024-07-19,222.3836212158203,0.00058,0.7235,0.2484,5.3098,0.5612,0.00058,0,0.1934
AAPL,2024-07-22,222.03663635253903,-0.00156,0.8274,0.2437,5.2512,0.5312,0.00156,0,0.2063
AAPL,2024-07-23,223.0775909423828,0.004688,0.7108,0.2437,5.1614,0.541,0.004688,0,0.2052
AAPL,2024-07-24,216.66314697265625,-0.028754,1.0928,0.27,5.3893,0.2959,0.028754,0,0.1339
AAPL,2024-07-25,215.6221923828125,-0.004804,0.9211,0.2628,5.4559,0.2396,0.004804,0,0.2
AAPL,2024-07-26,216.08816528320312,0.002161,0.7512,0.2626,5.2883,0.2397,0.002161,0,0.1952
AAPL,2024-07-29,216.36575317382812,0.001285,0.6842,0.2546,5.1422,0.204,0.001285,0,0.1783
AAPL,2024-07-30,216.92092895507812,0.002566,0.7988,0.2335,5.0631,0.2171,0.002566,0,0.1951
AAPL,2024-07-31,220.1727752685547,0.014991,0.9672,0.2324,5.0561,0.3582,0.014991,0,0.1876
AAPL,2024-08-01,216.48472595214844,-0.016751,1.1795,0.2393,5.2435,0.2051,0.016751,0,0.1723
AAPL,2024-08-02,217.97181701660156,0.006869,1.9109,0.2265,5.4483,0.2895,0.006869,0,0.1433
AAPL,2024-08-05,207.4727783203125,-0.048167,2.0516,0.2785,6.8827,-0.0443,0.048167,1,-0.0039
AAPL,2024-08-06,205.45030212402344,-0.009748,1.1737,0.2776,7.036,-0.0153,0.009748,0,0.128
AAPL,2024-08-07,208.01806640625,0.012498,1.0694,0.2713,7.0478,0.1155,0.012498,0,0.1445
AAPL,2024-08-08,211.47808837890625,0.016633,0.8059,0.2728,6.9147,0.2555,0.016633,0,0.1483
AAPL,2024-08-09,214.3829345703125,0.013736,0.7279,0.2734,6.75,0.3687,0.013736,0,0.172
AAPL,2024-08-12,215.91146850585935,0.00713,0.6702,0.2662,6.5309,0.4425,0.00713,0,0.181
AAPL,2024-08-13,219.6236267089844,0.017193,0.7775,0.2757,6.3635,0.6293,0.017193,0,0.166
AAPL,2024-08-14,220.0703125,0.002034,0.749,0.2629,6.1322,0.6802,0.002034,0,0.1958
AAPL,2024-08-15,223.04798889160156,0.013531,0.8433,0.2577,5.9418,0.8222,0.013531,0,0.1812
AAPL,2024-08-16,224.3680877685547,0.005918,0.8091,0.2585,5.7328,0.8718,0.005918,0,0.1946
AAPL,2024-08-19,224.2092437744141,-0.000708,0.7476,0.2584,5.5276,0.8497,0.000708,0,0.1889
AAPL,2024-08-20,224.82464599609375,0.002745,0.5617,0.2581,5.2429,0.866,0.002745,0,0.1784
AAPL,2024-08-21,224.71546936035156,-0.000486,0.6611,0.234,5.0695,0.8262,0.000486,0,0.1843
AAPL,2024-08-22,222.859375,-0.00826,0.837,0.2356,5.0204,0.7256,0.00826,0,0.2062
AAPL,2024-08-23,225.15219116210935,0.010288,0.743,0.2376,4.9348,0.7921,0.010288,0,0.1977
AAPL,2024-08-26,225.4896697998047,0.001499,0.5911,0.2375,4.8191,0.7778,0.001499,0,0.1949
AAPL,2024-08-27,226.33334350585935,0.003742,0.6979,0.2376,4.7538,0.7824,0.003742,0,0.2086
AAPL,2024-08-28,224.8047790527344,-0.006754,0.7478,0.2346,4.7094,0.7114,0.006754,0,0.2033
AAPL,2024-08-29,228.08023071289065,0.01457,1.0307,0.2292,4.8319,0.8005,0.01457,0,0.1852
AAPL,2024-08-30,227.296142578125,-0.003438,1.1102,0.2297,4.6905,0.7489,0.003438,0,0.1989
AAPL,2024-09-03,221.1125030517578,-0.027205,1.1339,0.174,4.9154,0.5097,0.027205,0,0.1304
AAPL,2024-09-04,219.2067718505859,-0.008619,1.0202,0.1729,4.9398,0.3918,0.008619,0,0.2009
AAPL,2024-09-05,220.72537231445312,0.006928,0.8796,0.1701,4.9148,0.4169,0.006928,0,0.2031
AAPL,2024-09-06,219.177001953125,-0.007015,1.1615,0.1657,4.9522,0.2697,0.007015,0,0.1935
AAPL,2024-09-09,219.26632690429688,0.000408,1.5646,0.1596,4.9212,0.2269,0.000408,0,0.1424
AAPL,2024-09-10,218.47227478027344,-0.003621,1.1828,0.1589,4.9063,0.1277,0.003621,0,0.18
AAPL,2024-09-11,221.00328063964844,0.011585,1.0218,0.1522,4.9247,0.3291,0.011585,0,0.1918
AAPL,2024-09-12,221.1125030517578,0.000494,0.8628,0.1521,4.8363,0.3313,0.000494,0,0.1849
AAPL,2024-09-13,220.8444976806641,-0.001212,0.8564,0.1438,4.6395,0.3203,0.001212,0,0.1919
AAPL,2024-09-16,214.71047973632812,-0.027775,1.3589,0.1712,4.9195,-0.0641,0.027775,0,0.0901
AAPL,2024-09-17,215.17697143554688,0.002173,1.0364,0.1718,4.7364,0.0469,0.002173,0,0.1729
AAPL,2024-09-18,219.04795837402344,0.01799,1.3192,0.1854,4.8186,0.3222,0.01799,0,0.1582
AAPL,2024-09-19,227.1670837402344,0.037066,1.4208,0.2299,5.1243,0.8399,0.037066,0,0.0732
AAPL,2024-09-20,226.5020751953125,-0.002927,5.2456,0.228,5.1463,0.7764,0.002927,0,0.0019
AAPL,2024-09-23,224.78494262695312,-0.007581,0.8801,0.227,5.0359,0.6719,0.007581,0,0.2065
AAPL,2024-09-24,225.67825317382812,0.003974,0.7006,0.2274,4.9322,0.7263,0.003974,0,0.2068
AAPL,2024-09-25,224.68569946289065,-0.004398,0.677,0.2275,4.8166,0.6732,0.004398,0,0.2043
AAPL,2024-09-26,225.82711791992188,0.00508,0.5869,0.227,4.6909,0.7393,0.00508,0,0.198
AAPL,2024-09-27,226.09510803222656,0.001187,0.553,0.2207,4.5122,0.7715,0.001187,0,0.1821
AAPL,2024-09-30,231.26638793945312,0.022872,0.8854,0.2351,4.5595,1.0404,0.022872,0,0.1082
AAPL,2024-10-01,224.5269012451172,-0.029142,1.0165,0.2383,4.892,0.6325,0.029142,0,0.1241
AAPL,2024-10-02,225.0926513671875,0.00252,0.5328,0.2356,4.8508,0.649,0.00252,0,0.189
AAPL,2024-10-03,223.99090576171875,-0.004895,0.5528,0.2357,4.7513,0.5748,0.004895,0,0.1878
AAPL,2024-10-04,225.1125030517578,0.005007,0.6103,0.2343,4.686,0.6251,0.005007,0,0.2017
AAPL,2024-10-07,220.04051208496097,-0.022531,0.6624,0.2493,4.7393,0.3185,0.022531,0,0.1286
AAPL,2024-10-08,224.09014892578125,0.018404,0.5431,0.2568,4.7048,0.5468,0.018404,0,0.143
AAPL,2024-10-09,227.8321075439453,0.016698,0.5781,0.2601,4.7176,0.7535,0.016698,0,0.1556
AAPL,2024-10-10,227.3358154296875,-0.002178,0.489,0.2605,4.5482,0.7027,0.002178,0,0.1798
AAPL,2024-10-11,225.85690307617188,-0.006505,0.5534,0.2619,4.3696,0.5991,0.006505,0,0.1729
AAPL,2024-10-14,229.5790252685547,0.01648,0.7069,0.2433,4.3538,0.8215,0.01648,0,0.1587
AAPL,2024-10-15,232.1100616455078,0.011025,1.1285,0.2447,4.482,1.0062,0.011025,0,0.1679
AAPL,2024-10-16,230.0554351806641,-0.008852,0.6077,0.2427,4.446,0.8285,0.008852,0,0.1773
AAPL,2024-10-17,230.4226837158203,0.001596,0.6065,0.2057,4.3644,0.8303,0.001596,0,0.1829
AAPL,2024-10-18,233.25144958496097,0.012276,1.1384,0.2091,4.3383,0.9831,0.012276,0,0.1652
AAPL,2024-10-21,234.7204742431641,0.006298,0.9088,0.2068,4.1984,0.9976,0.006298,0,0.1711
AAPL,2024-10-22,234.10508728027344,-0.002622,0.9796,0.2074,4.1735,0.8985,0.002622,0,0.1797
AAPL,2024-10-23,229.04302978515625,-0.021623,1.3022,0.2228,4.4501,0.5658,0.021623,0,0.1452
AAPL,2024-10-24,228.85443115234375,-0.000823,0.7801,0.2224,4.3029,0.5443,0.000823,0,0.1899
AAPL,2024-10-25,229.68820190429688,0.003643,0.9672,0.2226,4.2542,0.5871,0.003643,0,0.1992
AAPL,2024-10-28,231.6633758544922,0.008599,0.9207,0.2093,4.1857,0.7132,0.008599,0,0.1986
AAPL,2024-10-29,231.9313507080078,0.001157,0.937,0.1784,4.029,0.7084,0.001157,0,0.1937
AAPL,2024-10-30,228.387939453125,-0.015278,1.2223,0.1882,4.0333,0.4655,0.015278,0,0.1653
AAPL,2024-10-31,224.22911071777344,-0.018209,1.6082,0.1991,4.0806,0.1849,0.018209,0,0.1114
AAPL,2024-11-01,221.25144958496097,-0.01328,1.5757,0.2037,4.1891,0.0348,0.01328,0,0.1238
AAPL,2024-11-04,220.35812377929688,-0.004038,1.0778,0.1875,4.1167,-0.0265,0.004038,0,0.1567
AAPL,2024-11-05,221.78741455078125,0.006486,0.6772,0.1765,4.0218,0.0882,0.006486,0,0.1554
AAPL,2024-11-06,221.0628662109375,-0.003267,1.2819,0.1646,4.0805,0.0971,0.003267,0,0.1636
AAPL,2024-11-07,225.7874298095703,0.021372,0.9741,0.1834,4.155,0.3659,0.021372,0,0.1363
AAPL,2024-11-08,225.51914978027344,-0.001188,0.8794,0.182,4.0178,0.3523,0.001188,0,0.1869
AAPL,2024-11-11,222.8064727783203,-0.012029,0.9614,0.1757,4.1184,0.2295,0.012029,0,0.1784
AAPL,2024-11-12,222.8064727783203,0.0,0.9511,0.1696,3.9824,0.2553,0.0,0,0.1653
AAPL,2024-11-13,223.69081115722656,0.003969,1.1242,0.1688,3.974,0.3205,0.003969,0,0.1889
AAPL,2024-11-14,226.77114868164065,0.013771,1.0257,0.177,3.9649,0.4938,0.013771,0,0.1766
AAPL,2024-11-15,223.57159423828125,-0.014109,1.0924,0.176,3.962,0.3407,0.014109,0,0.1693
AAPL,2024-11-18,226.5724334716797,0.013422,1.0078,0.1822,4.0154,0.5362,0.013422,0,0.1789
AAPL,2024-11-19,226.8307647705078,0.00114,0.82,0.1825,3.977,0.5854,0.00114,0,0.1876
AAPL,2024-11-20,227.54620361328125,0.003154,0.8122,0.1668,3.9797,0.6442,0.003154,0,0.1942
AAPL,2024-11-21,227.0692443847656,-0.002096,0.9602,0.1669,4.0113,0.6184,0.002096,0,0.1919
AAPL,2024-11-22,228.41067504882812,0.005908,0.871,0.1678,3.9135,0.7271,0.005908,0,0.1954
AAPL,2024-11-25,231.39163208007812,0.013051,1.9378,0.1716,3.8831,0.9569,0.013051,0,0.0863
AAPL,2024-11-26,233.5677032470703,0.009404,0.9773,0.1748,3.7973,1.0831,0.009404,0,0.1346
AAPL,2024-11-27,233.43853759765625,-0.000553,0.7224,0.1648,3.6595,1.0001,0.000553,0,0.1329
AAPL,2024-11-29,235.8233184814453,0.010216,0.6389,0.1508,3.6707,1.0352,0.010216,0,0.1276
AAPL,2024-12-02,238.06895446777344,0.009523,1.101,0.1404,3.6661,1.0466,0.009523,0,0.1281
AAPL,2024-12-03,241.10952758789065,0.012772,0.895,0.1408,3.6782,1.0742,0.012772,0,0.1165
AAPL,2024-12-04,241.4672393798828,0.001484,1.0034,0.141,3.6185,1.0002,0.001484,0,0.1448
AAPL,2024-12-05,241.4970703125,0.000124,0.9202,0.1391,3.531,0.9402,0.000124,0,0.1317
AAPL,2024-12-06,241.29833984375,-0.000823,0.8527,0.1249,3.4598,0.8806,0.000823,0,0.1409
AAPL,2024-12-09,245.1835021972656,0.016101,1.025,0.1315,3.6023,0.9497,0.016101,0,0.1144
AAPL,2024-12-10,246.1970367431641,0.004134,0.8525,0.1166,3.5487,0.9257,0.004134,0,0.1482
AAPL,2024-12-11,244.9251708984375,-0.005166,1.0382,0.121,3.6175,0.847,0.005166,0,0.1556
AAPL,2024-12-12,246.3858337402344,0.005964,0.7666,0.121,3.5763,0.8558,0.005964,0,0.1583
AAPL,2024-12-13,246.5547637939453,0.000686,0.7863,0.1171,3.5373,0.8248,0.000686,0,0.1418
AAPL,2024-12-16,249.44625854492188,0.011728,1.2205,0.0978,3.5494,0.8797,0.011728,0,0.1086
AAPL,2024-12-17,251.87078857421875,0.00972,1.203,0.0946,3.5833,0.9085,0.00972,0,0.1082
AAPL,2024-12-18,246.4752655029297,-0.021422,1.2986,0.1337,3.7915,0.7176,0.021422,0,0.1031
AAPL,2024-12-19,248.20420837402344,0.007015,1.3528,0.134,3.8692,0.753,0.007015,0,0.1552
AAPL,2024-12-20,252.87435913085935,0.018816,2.9338,0.1409,4.2536,0.8869,0.018816,0,0.0134
AAPL,2024-12-23,253.64942932128903,0.003065,0.8106,0.1412,4.1059,0.8895,0.003065,0,0.1725
AAPL,2024-12-24,256.5608215332031,0.011478,0.4937,0.1401,4.0213,0.9546,0.011478,0,0.1327
AAPL,2024-12-26,257.3755798339844,0.003176,0.5905,0.1394,3.9094,0.9382,0.003176,0,0.1514
AAPL,2024-12-27,253.9673614501953,-0.013242,0.9095,0.1526,4.0532,0.7893,0.013242,0,0.1661
AAPL,2024-12-30,250.5988922119141,-0.013263,0.7578,0.1629,4.1072,0.6321,0.013263,0,0.1706
AAPL,2024-12-31,248.83021545410156,-0.007058,0.8492,0.1649,4.0871,0.5301,0.007058,0,0.1927
AAPL,2025-01-02,242.30191040039065,-0.026236,1.1776,0.1884,4.4055,0.1979,0.026236,0,0.122
AAPL,2025-01-03,241.8150177001953,-0.002009,0.854,0.1885,4.2534,0.1708,0.002009,0,0.1808
AAPL,2025-01-06,243.4446258544922,0.006739,0.9508,0.1899,4.2427,0.2421,0.006739,0,0.1919
AAPL,2025-01-07,240.67233276367188,-0.011388,0.8588,0.1945,4.2377,0.1035,0.011388,0,0.1666
AAPL,2025-01-08,241.15921020507812,0.002023,0.7968,0.1852,4.1948,0.1544,0.002023,0,0.1737
AAPL,2025-01-10,235.34637451171875,-0.024104,1.2733,0.2017,4.5836,-0.0277,0.024104,0,0.115
AAPL,2025-01-13,232.9119110107422,-0.010344,1.0194,0.2035,4.7623,-0.0291,0.010344,0,0.167
AAPL,2025-01-14,231.7990264892578,-0.004778,0.8045,0.2012,4.6812,0.0161,0.004778,0,0.1686
AAPL,2025-01-15,236.35987854003903,0.019676,0.8071,0.2165,4.75,0.1983,0.019676,0,0.1472
AAPL,2025-01-16,226.81089782714844,-0.0404,1.425,0.2492,5.119,-0.0054,0.0404,0,0.0531
AAPL,2025-01-17,228.5199737548828,0.007535,1.3373,0.2477,5.0394,0.0998,0.007535,0,0.1624
AAPL,2025-01-21,221.2265625,-0.031916,1.8408,0.2595,5.4318,0.0025,0.031916,0,0.0723
AAPL,2025-01-22,222.4090118408203,0.005345,1.2,0.2586,5.3511,0.0913,0.005345,0,0.1764
AAPL,2025-01-23,222.2401123046875,-0.000759,1.2274,0.2432,5.3046,0.1332,0.000759,0,0.1685
AAPL,2025-01-24,221.36569213867188,-0.003935,1.0991,0.2409,5.2252,0.1536,0.003935,0,0.1903
AAPL,2025-01-27,228.40074157714844,0.03178,1.7781,0.2702,5.517,0.3212,0.03178,0,0.0799
AAPL,2025-01-28,236.7473907470703,0.036544,1.3574,0.3079,5.8561,0.535,0.036544,0,0.0827
AAPL,2025-01-29,237.8404235839844,0.004617,0.8133,0.3074,5.853,0.5914,0.004617,0,0.1969
AAPL,2025-01-30,236.0816650390625,-0.007395,0.9776,0.3055,5.6891,0.569,0.007395,0,0.1936
AAPL,2025-01-31,234.50177001953125,-0.006692,1.6824,0.3054,6.2586,0.5473,0.006692,0,0.1315
AAPL,2025-02-03,226.5624542236328,-0.033856,1.2002,0.3142,6.5426,0.3012,0.033856,0,0.0976
AAPL,2025-02-04,231.32208251953125,0.021008,0.7374,0.3258,6.5352,0.4831,0.021008,0,0.1382
AAPL,2025-02-05,230.99417114257812,-0.001418,0.6512,0.3242,6.3899,0.4933,0.001418,0,0.1687
AAPL,2025-02-06,231.73941040039065,0.003226,0.4963,0.3229,6.1727,0.5433,0.003226,0,0.1594
AAPL,2025-02-07,226.18490600585935,-0.023969,0.6574,0.332,6.2102,0.326,0.023969,0,0.1149
AAPL,2025-02-10,226.45346069335935,0.001187,0.5615,0.3227,6.0074,0.3561,0.001187,0,0.1604
AAPL,2025-02-11,231.3973388671875,0.021832,0.9078,0.3314,6.1169,0.592,0.021832,0,0.1426
AAPL,2025-02-12,235.62501525878903,0.01827,0.7608,0.3372,6.1262,0.7745,0.01827,0,0.1324
AAPL,2025-02-13,240.260498046875,0.019673,0.8912,0.3372,6.1697,0.9521,0.019673,0,0.1189
AAPL,2025-02-14,243.31439208984375,0.012711,0.6977,0.3014,6.053,0.9905,0.012711,0,0.1489
AAPL,2025-02-18,243.18507385253903,-0.000531,0.8472,0.3014,5.8579,0.9209,0.000531,0,0.1623
AAPL,2025-02-19,243.58294677734375,0.001636,0.5927,0.2715,5.642,0.891,0.001636,0,0.1785
AAPL,2025-02-20,244.53793334960935,0.003921,0.6127,0.2715,5.4159,0.882,0.003921,0,0.1874
AAPL,2025-02-21,244.2593994140625,-0.001139,1.0153,0.2716,5.2756,0.8409,0.001139,0,0.1968
AAPL,2025-02-24,245.80123901367188,0.006312,0.9828,0.2696,5.2143,0.8697,0.006312,0,0.1989
AAPL,2025-02-25,245.74156188964844,-0.000243,0.9625,0.2514,5.2035,0.8303,0.000243,0,0.1887
AAPL,2025-02-26,239.0966796875,-0.02704,0.9196,0.2426,5.3938,0.5801,0.02704,0,0.1369
AAPL,2025-02-27,236.05276489257812,-0.012731,0.8555,0.2466,5.3923,0.4712,0.012731,0,0.1932
AAPL,2025-02-28,240.5688934326172,0.019132,1.1801,0.2543,5.8519,0.6285,0.019132,0,0.1686
AAPL,2025-03-03,236.7789001464844,-0.015754,1.0376,0.2599,5.9967,0.4855,0.015754,0,0.1814
AAPL,2025-03-04,234.68994140625,-0.008822,1.2087,0.2293,5.9513,0.3865,0.008822,0,0.1865
AAPL,2025-03-05,234.50096130371097,-0.000805,1.0585,0.2179,6.0463,0.3703,0.000805,0,0.1879
AAPL,2025-03-06,234.09312438964844,-0.001739,1.0061,0.218,5.9484,0.3442,0.001739,0,0.1971
AAPL,2025-03-07,237.81346130371097,0.015893,1.0123,0.2244,5.9932,0.4838,0.015893,0,0.1833
AAPL,2025-03-10,226.28436279296875,-0.04848,1.5227,0.2728,6.6202,-0.0037,0.04848,0,0.0209
AAPL,2025-03-11,219.6792755126953,-0.029189,1.5387,0.2919,6.86,-0.1728,0.029189,0,0.0535
AAPL,2025-03-12,215.8395538330078,-0.017479,1.2529,0.2838,6.856,-0.1425,0.017479,0,0.0962
AAPL,2025-03-13,208.57791137695312,-0.033644,1.2097,0.2911,6.9745,-0.15,0.033644,0,0.0532
AAPL,2025-03-14,212.36788940429688,0.018171,1.1773,0.2894,6.7868,0.0267,0.018171,0,0.1122
AAPL,2025-03-17,212.87521362304688,0.002389,0.935,0.2828,6.6751,0.096,0.002389,0,0.1572
AAPL,2025-03-18,211.57211303710935,-0.006121,0.8305,0.2819,6.4584,0.1204,0.006121,0,0.1676
AAPL,2025-03-19,214.10870361328125,0.011989,1.0418,0.2884,6.4283,0.2023,0.011989,0,0.1729
AAPL,2025-03-20,212.9747009277344,-0.005296,0.9214,0.2859,6.3436,0.2114,0.005296,0,0.1814
AAPL,2025-03-21,217.12277221679688,0.019477,1.709,0.3002,6.4277,0.3108,0.019477,0,0.1081
AAPL,2025-03-24,219.56983947753903,0.01127,0.8095,0.3034,6.1966,0.3772,0.01127,0,0.1899
AAPL,2025-03-25,222.573974609375,0.013682,0.6382,0.3105,6.0396,0.46,0.013682,0,0.1692
AAPL,2025-03-26,220.3656311035156,-0.009922,0.6436,0.2999,5.9315,0.428,0.009922,0,0.1798
AAPL,2025-03-27,222.67344665527344,0.010473,0.6953,0.3022,5.8226,0.4981,0.010473,0,0.1877
AAPL,2025-03-28,216.7547149658203,-0.02658,0.7585,0.3019,5.8451,0.3714,0.02658,0,0.1274
AAPL,2025-03-31,220.9624938964844,0.019413,1.2228,0.311,6.0948,0.5056,0.019413,0,0.1521
AAPL,2025-04-01,222.0169219970703,0.004772,0.6931,0.3115,5.9991,0.5588,0.004772,0,0.1911
AAPL,2025-04-02,222.71324157714844,0.003136,0.6909,0.3121,5.8669,0.6086,0.003136,0,0.1875
AAPL,2025-04-03,202.1220245361328,-0.092456,1.8845,0.4467,7.0565,-0.0324,0.092456,1,-0.1124
AAPL,2025-04-04,187.389892578125,-0.072887,2.1391,0.4951,7.6786,-0.2992,0.072887,1,-0.1185
AAPL,2025-04-07,180.50624084472656,-0.036734,2.5358,0.4851,8.5178,-0.2172,0.036734,1,-0.0858
AAPL,2025-04-08,171.5137481689453,-0.049818,1.8447,0.5007,9.4107,-0.173,0.049818,1,-0.0842
AAPL,2025-04-09,197.80484008789065,0.153289,2.575,0.7697,10.7792,0.2968,0.153289,1,-0.1991
AAPL,2025-04-10,189.4191436767578,-0.042394,1.633,0.7749,11.1354,0.1859,0.042394,1,-0.0851
AAPL,2025-04-11,197.1085205078125,0.040595,1.1504,0.7873,11.2979,0.3246,0.040595,1,-0.0871
AAPL,2025-04-14,201.45555114746097,0.022054,1.2884,0.792,11.5417,0.4032,0.022054,1,-0.0482
AAPL,2025-04-15,201.07752990722656,-0.001876,0.649,0.7918,10.9809,0.4057,0.001876,1,-0.0243
AAPL,2025-04-16,193.24891662597656,-0.038933,0.7525,0.801,10.8908,0.3004,0.038933,1,-0.0625
AAPL,2025-04-17,195.94467163085935,0.01395,0.6558,0.8035,10.4369,0.3566,0.01395,1,-0.0021
AAPL,2025-04-21,192.1447601318359,-0.019393,0.6057,0.8009,10.2008,0.3166,0.019393,1,-0.0186
AAPL,2025-04-22,198.6901702880859,0.034065,0.6826,0.8111,10.0712,0.4336,0.034065,1,-0.0353
AAPL,2025-04-23,203.52462768554688,0.024332,0.674,0.815,9.9387,0.5278,0.024332,1,-0.0143
AAPL,2025-04-24,207.2748107910156,0.018426,0.5976,0.8181,9.6473,0.606,0.018426,1,-0.0067
AAPL,2025-04-25,208.1800079345703,0.004367,0.4824,0.8172,9.2104,0.6425,0.004367,1,-0.005
AAPL,2025-04-28,209.03550720214844,0.004109,0.4893,0.8122,8.8396,0.6703,0.004109,0,0.0091
AAPL,2025-04-29,210.0998992919922,0.005092,0.4737,0.8091,8.4832,0.7124,0.005092,0,0.0042
AAPL,2025-04-30,211.3831024169922,0.006108,0.6657,0.8093,8.3682,0.7665,0.006108,0,0.0204
AAPL,2025-05-01,212.1988067626953,0.003859,0.7205,0.8093,8.1726,0.8212,0.003859,0,0.0229
AAPL,2025-05-02,204.27069091796875,-0.037362,1.2706,0.7483,8.3818,0.6321,0.037362,1,-0.0427
AAPL,2025-05-05,197.8446350097656,-0.031459,0.9004,0.7069,8.2905,0.4689,0.031459,1,-0.0136
AAPL,2025-05-06,197.4666290283203,-0.001911,0.7194,0.6912,7.9562,0.4332,0.001911,0,0.0367
AAPL,2025-05-07,195.218505859375,-0.011385,0.9994,0.6634,7.8277,0.2805,0.011385,0,0.036
AAPL,2025-05-08,196.45199584960935,0.006319,0.8158,0.3782,7.6502,0.3296,0.006319,0,0.121
AAPL,2025-05-09,197.48654174804688,0.005266,0.6328,0.3438,7.3204,0.3408,0.005266,0,0.1414
AAPL,2025-05-12,209.95704650878903,0.063146,1.1303,0.384,7.7224,0.8007,0.063146,1,-0.0681
AAPL,2025-05-13,212.08859252929688,0.010152,0.9621,0.3787,7.4839,0.843,0.010152,0,0.1029
AAPL,2025-05-14,211.490966796875,-0.002818,0.916,0.3788,7.1884,0.7911,0.002818,0,0.1182
AAPL,2025-05-15,210.6144561767578,-0.004144,0.8478,0.3468,6.9182,0.7372,0.004144,0,0.1382
AAPL,2025-05-16,210.4252014160156,-0.000899,1.028,0.3454,6.6233,0.7083,0.000899,0,0.1429
AAPL,2025-05-19,207.9550018310547,-0.011739,0.8671,0.3397,6.6482,0.5973,0.011739,0,0.1547
AAPL,2025-05-20,206.04258728027344,-0.009196,0.8065,0.3235,6.4401,0.5039,0.009196,0,0.1722
AAPL,2025-05-21,201.2914276123047,-0.023059,1.1171,0.3239,6.4305,0.3087,0.023059,0,0.1412
AAPL,2025-05-22,200.56431579589844,-0.003612,0.8823,0.3163,6.1882,0.2958,0.003612,0,0.1821
AAPL,2025-05-23,194.49838256835935,-0.030244,1.4264,0.3313,6.3082,0.1022,0.030244,0,0.0878
AAPL,2025-05-27,199.4188690185547,0.025298,1.0076,0.3457,6.2468,0.3112,0.025298,0,0.099
AAPL,2025-05-28,199.62803649902344,0.001049,0.8055,0.3449,6.0019,0.3376,0.001049,0,0.1634
AAPL,2025-05-29,199.15988159179688,-0.002345,0.9138,0.3435,5.9503,0.3387,0.002345,0,0.1672
AAPL,2025-05-30,200.05633544921875,0.004501,1.2442,0.3436,5.8938,0.3929,0.004501,0,0.1561
AAPL,2025-06-02,200.90296936035156,0.004232,0.6604,0.3189,5.6158,0.4357,0.004232,0,0.1833
AAPL,2025-06-03,202.46676635742188,0.007784,0.8833,0.2983,5.4146,0.4917,0.007784,0,0.2004
AAPL,2025-06-04,202.01856994628903,-0.002214,0.8365,0.2984,5.3224,0.4619,0.002214,0,0.1981
AAPL,2025-06-05,199.83721923828125,-0.010798,1.0713,0.298,5.2695,0.3499,0.010798,0,0.185
AAPL,2025-06-06,203.11419677734375,0.016398,0.9092,0.3024,5.2538,0.4839,0.016398,0,0.1777
AAPL,2025-06-09,200.65394592285156,-0.012113,1.3726,0.306,5.304,0.3549,0.012113,0,0.1545
AAPL,2025-06-10,201.869140625,0.006056,1.0389,0.2014,5.1941,0.4315,0.006056,0,0.207
AAPL,2025-06-11,197.9945068359375,-0.019194,1.149,0.2051,5.2564,0.2515,0.019194,0,0.1665
AAPL,2025-06-12,198.4128570556641,0.002113,0.8314,0.206,5.046,0.2901,0.002113,0,0.2029
AAPL,2025-06-13,195.67372131347656,-0.013805,0.9683,0.2094,5.0178,0.1386,0.013805,0,0.1776
AAPL,2025-06-16,197.6359405517578,0.010028,0.8187,0.2148,4.8187,0.2734,0.010028,0,0.1925
AAPL,2025-06-17,194.8669281005859,-0.014011,0.7446,0.2162,4.7029,0.0621,0.014011,0,0.165
AAPL,2025-06-18,195.80320739746097,0.004805,0.8675,0.2167,4.5449,0.1569,0.004805,0,0.1872
AAPL,2025-06-20,200.20574951171875,0.022485,1.786,0.2196,4.5845,0.5963,0.022485,0,0.1005
AAPL,2025-06-23,200.70375061035156,0.002487,1.0211,0.2194,4.4947,0.645,0.002487,0,0.203
AAPL,2025-06-24,199.50851440429688,-0.005955,1.0117,0.1897,4.4041,0.5013,0.005955,0,0.1964
AAPL,2025-06-25,200.76353454589844,0.006291,0.7514,0.1687,4.3293,0.6322,0.006291,0,0.1971
AAPL,2025-06-26,200.20574951171875,-0.002778,0.9607,0.1691,4.2463,0.5674,0.002778,0,0.2009
AAPL,2025-06-27,200.28543090820312,0.000398,1.3562,0.1688,4.1721,0.5699,0.000398,0,0.156
AAPL,2025-06-30,204.3592529296875,0.02034,1.6705,0.1828,4.4525,0.948,0.02034,0,0.0952
AAPL,2025-07-01,206.9987945556641,0.012916,1.3777,0.1873,4.4916,1.075,0.012916,0,0.1309
AAPL,2025-07-02,211.60052490234375,0.022231,1.166,0.2002,4.5635,1.2038,0.022231,0,0.0823
AAPL,2025-07-03,212.70616149902344,0.005225,0.6044,0.1997,4.4396,1.1089,0.005225,0,0.1399
AAPL,2025-07-07,209.1203765869141,-0.016858,0.8722,0.2062,4.6511,0.8712,0.016858,0,0.1582
AAPL,2025-07-08,209.18014526367188,0.000286,0.7465,0.1995,4.5309,0.8409,0.000286,0,0.1802
AAPL,2025-07-09,210.30567932128903,0.005381,0.8675,0.1931,4.4997,0.8509,0.005381,0,0.2004
AAPL,2025-07-10,211.57064819335935,0.006015,0.7981,0.1931,4.4237,0.8625,0.006015,0,0.1945
AAPL,2025-07-11,210.3255920410156,-0.005885,0.728,0.1786,4.2892,0.7799,0.005885,0,0.1902
AAPL,2025-07-14,207.79562377929688,-0.012029,0.7144,0.1865,4.2404,0.6581,0.012029,0,0.1752
AAPL,2025-07-15,208.28370666503903,0.002349,0.7845,0.1765,4.1701,0.659,0.002349,0,0.1941
AAPL,2025-07-16,209.32955932617188,0.005021,0.8772,0.1748,4.1398,0.6839,0.005021,0,0.2
AAPL,2025-07-17,209.19009399414065,-0.000666,0.8804,0.1637,4.0013,0.6599,0.000666,0,0.1837
AAPL,2025-07-18,210.3455047607422,0.005523,0.8941,0.1638,3.8642,0.7004,0.005523,0,0.195
AAPL,2025-07-21,211.6403656005859,0.006156,0.9785,0.1484,3.9155,0.7466,0.006156,0,0.1889
AAPL,2025-07-22,213.55279541015625,0.009036,0.8918,0.15,3.8293,0.8217,0.009036,0,0.181
AAPL,2025-07-23,213.30377197265625,-0.001166,0.9092,0.1471,3.7507,0.7885,0.001166,0,0.1771
AAPL,2025-07-24,212.91531372070312,-0.001821,0.885,0.1478,3.6365,0.7476,0.001821,0,0.1746
AAPL,2025-07-25,213.0348358154297,0.000561,0.7823,0.1465,3.5076,0.7491,0.000561,0,0.1539
AAPL,2025-07-28,213.2041778564453,0.000795,0.7616,0.1464,3.3845,0.782,0.000795,0,0.1518
AAPL,2025-07-29,210.43516540527344,-0.012988,1.0781,0.1423,3.4266,0.4615,0.012988,0,0.1328
AAPL,2025-07-30,208.22393798828125,-0.010508,0.9889,0.1417,3.5141,0.1583,0.010508,0,0.1306
AAPL,2025-07-31,206.74978637695312,-0.00708,1.7295,0.1178,3.4537,0.0422,0.00708,0,0.067
AAPL,2025-08-01,201.5803070068359,-0.025004,2.0831,0.1425,4.0665,-0.2442,0.025004,0,0.0
AAPL,2025-08-04,202.5464630126953,0.004793,1.4619,0.1343,4.2171,-0.0428,0.004793,0,0.1204
AAPL,2025-08-05,202.11814880371097,-0.002115,0.8583,0.1341,4.1422,0.0124,0.002115,0,0.1474
AAPL,2025-08-06,212.40733337402344,0.050907,1.9931,0.2294,4.7328,0.6985,0.050907,1,-0.0118
AAPL,2025-08-07,219.16053771972656,0.031794,1.5907,0.2544,4.9354,1.0411,0.031794,0,0.0721
AAPL,2025-08-08,228.4437255859375,0.042358,1.8843,0.29,5.4189,1.238,0.042358,1,-0.0204
AAPL,2025-08-11,226.53909301757812,-0.008337,1.0038,0.2875,5.3737,1.0379,0.008337,0,0.1601
AAPL,2025-08-12,229.0021209716797,0.010872,0.8938,0.2883,5.2555,1.018,0.010872,0,0.1666
AAPL,2025-08-13,232.6717529296875,0.016024,1.1029,0.291,5.2612,1.0227,0.016024,0,0.1476
AAPL,2025-08-14,232.1233062744141,-0.002357,0.8169,0.2915,5.1895,0.9368,0.002357,0,0.1799
AAPL,2025-08-15,230.93667602539065,-0.005112,0.8769,0.2939,5.1707,0.86,0.005112,0,0.1944
AAPL,2025-08-18,230.23863220214844,-0.003023,0.5929,0.2951,5.0158,0.8084,0.003023,0,0.1838
AAPL,2025-08-19,229.9095764160156,-0.001429,0.6268,0.2953,4.9082,0.7731,0.001429,0,0.1845
AAPL,2025-08-20,225.3723907470703,-0.019735,0.6749,0.3066,4.8988,0.6564,0.019735,0,0.1254
AAPL,2025-08-21,224.26551818847656,-0.004911,0.4951,0.3074,4.7441,0.619,0.004911,0,0.165
AAPL,2025-08-22,227.11746215820312,0.012717,0.6855,0.3093,4.7036,0.6662,0.012717,0,0.1662
AAPL,2025-08-25,226.5191650390625,-0.002634,0.5028,0.3099,4.5863,0.6382,0.002634,0,0.1545
AAPL,2025-08-26,228.6630859375,0.009465,0.8834,0.3046,4.6006,0.6672,0.009465,0,0.1828
AAPL,2025-08-27,229.8397674560547,0.005146,0.5119,0.2995,4.4601,0.6738,0.005146,0,0.1676
AAPL,2025-08-28,231.90391540527344,0.008981,0.6461,0.2962,4.4314,0.7008,0.008981,0,0.1759
AAPL,2025-08-29,231.485107421875,-0.001806,0.7079,0.2747,4.258,0.676,0.001806,0,0.1831
AAPL,2025-09-02,229.07192993164065,-0.010425,0.8142,0.2816,4.3221,0.59,0.010425,0,0.1795
AAPL,2025-09-03,237.7972412109375,0.03809,1.2024,0.3012,4.6637,0.9546,0.03809,0,0.05
AAPL,2025-09-04,239.10354614257812,0.005493,0.911,0.2557,4.5557,1.0454,0.005493,0,0.1653
AAPL,2025-09-05,239.01380920410156,-0.000375,1.0881,0.2376,4.4318,1.0098,0.000375,0,0.1476
AAPL,2025-09-08,237.20892333984375,-0.007551,1.0384,0.1941,4.3866,0.8561,0.007551,0,0.1886
AAPL,2025-09-09,233.6888885498047,-0.014839,1.3987,0.1999,4.4594,0.6386,0.014839,0,0.1597
AAPL,2025-09-10,226.1501922607422,-0.03226,1.7097,0.2299,4.7391,0.2182,0.03226,0,0.0867
AAPL,2025-09-11,229.3810577392578,0.014286,1.05,0.2283,4.6713,0.4095,0.014286,0,0.19
AAPL,2025-09-12,233.40966796875,0.017563,1.1626,0.2371,4.7287,0.6318,0.017563,0,0.1703
AAPL,2025-09-15,236.03224182128903,0.011236,0.9018,0.2391,4.6844,0.7565,0.011236,0,0.2045
AAPL,2025-09-16,237.4781494140625,0.006126,1.3037,0.2392,4.6988,0.8027,0.006126,0,0.1908
AAPL,2025-09-17,238.3157958984375,0.003527,0.9491,0.239,4.532,0.8114,0.003527,0,0.2057
AAPL,2025-09-18,237.20892333984375,-0.004645,0.9012,0.2265,4.5323,0.7329,0.004645,0,0.2052
AAPL,2025-09-19,244.80740356445312,0.032033,2.9368,0.2472,4.8083,1.0388,0.032033,1,-0.0177
AAPL,2025-09-22,255.35755920410156,0.043096,1.7912,0.2817,5.2583,1.2396,0.043096,1,-0.0155
AAPL,2025-09-23,253.7122344970703,-0.006443,0.9984,0.2836,5.1506,1.0602,0.006443,0,0.1603
AAPL,2025-09-24,251.59820556640625,-0.008332,0.7079,0.2875,5.1174,0.9281,0.008332,0,0.1733
AAPL,2025-09-25,256.1453552246094,0.018073,0.9056,0.2913,5.1408,0.982,0.018073,0,0.1463
AAPL,2025-09-26,254.73931884765625,-0.005489,0.751,0.2936,5.0457,0.8889,0.005489,0,0.1849
AAPL,2025-09-29,253.7122344970703,-0.004032,0.6536,0.2944,4.8598,0.8239,0.004032,0,0.1891
AAPL,2025-09-30,253.9116668701172,0.000786,0.6174,0.2893,4.7128,0.7983,0.000786,0,0.178
AAPL,2025-10-01,254.72933959960935,0.00322,0.8094,0.2622,4.6725,0.7882,0.00322,0,0.2041
AAPL,2025-10-02,256.40460205078125,0.006577,0.7112,0.2623,4.6258,0.7977,0.006577,0,0.199
AAPL,2025-10-03,257.2920837402344,0.003461,0.824,0.2619,4.6722,0.7879,0.003461,0,0.2046
AAPL,2025-10-06,255.96585083007812,-0.005155,0.7514,0.2606,4.6248,0.7325,0.005155,0,0.2003
AAPL,2025-10-07,255.7564697265625,-0.000818,0.5536,0.2518,4.4347,0.7057,0.000818,0,0.1738
AAPL,2025-10-08,257.33197021484375,0.00616,0.6591,0.2107,4.2896,0.7279,0.00616,0,0.1943
AAPL,2025-10-09,253.32330322265625,-0.015578,0.6996,0.2225,4.3337,0.6031,0.015578,0,0.1637
AAPL,2025-10-10,244.57806396484375,-0.034522,1.1255,0.2578,4.9059,0.3071,0.034522,0,0.0972
AAPL,2025-10-13,246.96131896972656,0.009744,0.6953,0.2571,4.8703,0.3536,0.009744,0,0.1918
AAPL,2025-10-14,247.07101440429688,0.000444,0.6636,0.2568,4.818,0.3219,0.000444,0,0.1806
AAPL,2025-10-15,248.63658142089844,0.006337,0.6415,0.2572,4.7837,0.3451,0.006337,0,0.1963
AAPL,2025-10-16,246.75192260742188,-0.00758,0.7561,0.2585,4.7419,0.1697,0.00758,0,0.1803
AAPL,2025-10-17,251.57826232910156,0.019559,1.0484,0.2426,4.8384,0.4235,0.019559,0,0.1713
AAPL,2025-10-20,261.5001525878906,0.039439,1.9616,0.2345,5.3539,0.9835,0.039439,0,0.0319
AAPL,2025-10-21,262.0286865234375,0.002021,1.0274,0.2327,5.2179,0.9451,0.002021,0,0.1888
AAPL,2025-10-22,257.72088623046875,-0.01644,0.9875,0.2391,5.3737,0.7015,0.01644,0,0.184
AAPL,2025-10-23,258.84771728515625,0.004372,0.7367,0.2312,5.1758,0.7472,0.004372,0,0.2104
AAPL,2025-10-24,262.07855224609375,0.012482,0.868,0.2336,5.1587,0.8675,0.012482,0,0.1899
AAPL,2025-10-27,268.0516357421875,0.022791,1.0131,0.2443,5.2389,1.0331,0.022791,0,0.1307
AAPL,2025-10-28,268.2410888671875,0.000707,0.9334,0.2443,4.9887,0.9612,0.000707,0,0.1804
AAPL,2025-10-29,268.93914794921875,0.002602,1.145,0.2443,4.9386,0.9229,0.002602,0,0.1836
AAPL,2025-10-30,270.63433837890625,0.006303,1.5199,0.2443,4.989,0.9192,0.006303,0,0.1579
AAPL,2025-10-31,269.60723876953125,-0.003795,1.8014,0.2454,5.2138,0.8478,0.003795,0,0.1495
AAPL,2025-11-03,268.2909851074219,-0.004882,1.0434,0.2453,5.1691,0.781,0.004882,0,0.2072
AAPL,2025-11-04,269.2781982421875,0.00368,1.0061,0.245,5.0755,0.7802,0.00368,0,0.2123
AAPL,2025-11-05,269.3778991699219,0.00037,0.8855,0.2448,5.0527,0.7587,0.00037,0,0.1974
AAPL,2025-11-06,269.0089416503906,-0.00137,1.0245,0.236,5.0843,0.7256,0.00137,0,0.2087
AAPL,2025-11-07,267.7126159667969,-0.004819,0.9785,0.1927,5.1143,0.6727,0.004819,0,0.2057
AAPL,2025-11-10,268.9303283691406,0.004549,0.8355,0.1918,5.196,0.6883,0.004549,0,0.2113
AAPL,2025-11-11,274.73956298828125,0.021601,0.9245,0.2006,5.2869,0.8412,0.021601,0,0.1498
AAPL,2025-11-12,272.962890625,-0.006467,0.9544,0.2049,5.1966,0.7683,0.006467,0,0.2057
AAPL,2025-11-13,272.4438171386719,-0.001902,0.9688,0.2013,5.154,0.752,0.001902,0,0.2076
AAPL,2025-11-14,271.90484619140625,-0.001978,0.9279,0.1951,5.2393,0.728,0.001978,0,0.2089
AAPL,2025-11-17,266.9639892578125,-0.018171,0.9217,0.1602,5.3414,0.4485,0.018171,0,0.1653
AAPL,2025-11-18,266.94403076171875,-7.5e-05,0.9362,0.1603,5.3441,0.4304,7.5e-05,0,0.1807
AAPL,2025-11-19,268.0619812011719,0.004188,0.8324,0.1467,5.4408,0.458,0.004188,0,0.195
AAPL,2025-11-20,265.7562561035156,-0.008601,0.9311,0.1511,5.7302,0.2053,0.008601,0,0.1783
AAPL,2025-11-21,270.98651123046875,0.019681,1.1747,0.16,5.867,0.6721,0.019681,0,0.1547
AAPL,2025-11-24,275.4083557128906,0.016318,1.2788,0.15,5.8829,1.0422,0.016318,0,0.1213
AAPL,2025-11-25,276.45635986328125,0.003805,0.9099,0.1502,5.8284,1.0291,0.003805,0,0.1615
AAPL,2025-11-26,277.0353088378906,0.002094,0.6597,0.1502,5.6188,0.9861,0.002094,0,0.1588
AAPL,2025-11-28,278.3328857421875,0.004684,0.4179,0.1496,5.4321,0.9921,0.004684,0,0.144
AAPL,2025-12-01,282.57501220703125,0.015241,1.0082,0.1559,5.5631,1.1052,0.015241,0,0.1318
AAPL,2025-12-02,285.6592712402344,0.010915,1.1571,0.1562,5.5058,1.107,0.010915,0,0.1387
AAPL,2025-12-03,283.623046875,-0.007128,0.9445,0.1604,5.4919,0.9409,0.007128,0,0.1781
AAPL,2025-12-04,280.179443359375,-0.012141,0.954,0.1687,5.5373,0.7662,0.012141,0,0.1866
AAPL,2025-12-05,278.26300048828125,-0.00684,1.0295,0.1713,5.3621,0.668,0.00684,0,0.1997
AAPL,2025-12-08,277.3746643066406,-0.003192,0.8414,0.1705,5.2301,0.6138,0.003192,0,0.2058
AAPL,2025-12-09,276.6659851074219,-0.002555,0.7161,0.1709,5.0782,0.5685,0.002555,0,0.199
AAPL,2025-12-10,278.26300048828125,0.005772,0.7458,0.1546,4.9515,0.6303,0.005772,0,0.1999
AAPL,2025-12-11,277.514404296875,-0.00269,0.7636,0.1529,5.0099,0.5876,0.00269,0,0.1958
AAPL,2025-12-12,277.763916015625,0.000899,0.9186,0.1525,4.8232,0.5873,0.000899,0,0.1925
AAPL,2025-12-15,273.6016540527344,-0.014985,1.1672,0.1626,4.9998,0.399,0.014985,0,0.1817
AAPL,2025-12-16,274.1007385253906,0.001824,0.8793,0.1471,4.9072,0.3984,0.001824,0,0.1957
AAPL,2025-12-17,271.33587646484375,-0.010087,1.1649,0.1526,4.879,0.2395,0.010087,0,0.182
AAPL,2025-12-18,271.68524169921875,0.001288,1.1842,0.1521,5.0067,0.2336,0.001288,0,0.1846
AAPL,2025-12-19,273.1625061035156,0.005437,2.9795,0.1488,4.9842,0.2586,0.005437,0,0.0576
AAPL,2025-12-22,270.4674987792969,-0.009866,0.7713,0.1372,4.8684,0.0951,0.009866,0,0.1528
AAPL,2025-12-23,271.85491943359375,0.00513,0.6497,0.1247,4.7303,0.2035,0.00513,0,0.1602
AAPL,2025-12-24,273.3022155761719,0.005324,0.4055,0.1255,4.6227,0.3032,0.005324,0,0.1507
AAPL,2025-12-26,272.89300537109375,-0.001497,0.4939,0.1252,4.4715,0.2952,0.001497,0,0.1525
AAPL,2025-12-29,273.2523498535156,0.001317,0.542,0.1238,4.2954,0.3319,0.001317,0,0.1564
AAPL,2025-12-30,272.57354736328125,-0.002484,0.5205,0.1082,4.1169,0.3129,0.002484,0,0.1396
AAPL,2025-12-31,271.3558349609375,-0.004467,0.6622,0.0975,3.9604,0.2439,0.004467,0,0.1364
AAPL,2026-01-02,270.5074462890625,-0.003126,0.9245,0.096,4.3078,0.184,0.003126,0,0.1422
AAPL,2026-01-05,266.764404296875,-0.013837,1.113,0.0984,4.383,-0.0505,0.013837,0,0.0882
AAPL,2026-01-06,261.87347412109375,-0.018334,1.2687,0.1127,4.457,-0.2021,0.018334,0,0.057
AAPL,2026-01-07,259.84722900390625,-0.007737,1.1565,0.1139,4.4146,-0.1426,0.007737,0,0.1048
AAPL,2026-01-08,258.55963134765625,-0.004955,1.1813,0.1141,4.4294,-0.074,0.004955,0,0.1192
AAPL,2026-01-09,258.8890075683594,0.001274,0.9295,0.1104,4.3975,0.0175,0.001274,0,0.1348
AAPL,2026-01-12,259.7673645019531,0.003393,1.0374,0.1131,4.4042,0.1044,0.003393,0,0.1591
AAPL,2026-01-13,260.5658874511719,0.003074,1.0407,0.1144,4.3334,0.1706,0.003074,0,0.1629
AAPL,2026-01-14,259.4779052734375,-0.004175,0.9217,0.1057,4.3882,0.1645,0.004175,0,0.1603
AAPL,2026-01-15,257.7311706542969,-0.006732,0.9053,0.1053,4.3592,0.137,0.006732,0,0.1496
AAPL,2026-01-16,255.05612182617188,-0.010379,1.6173,0.1055,4.3309,0.0903,0.010379,0,0.0916
AAPL,2026-01-20,246.2425079345703,-0.034556,1.7434,0.1523,4.885,-0.0886,0.034556,0,0.0335
AAPL,2026-01-21,247.1907501220703,0.003851,1.3154,0.151,4.9909,0.0226,0.003851,0,0.1533
AAPL,2026-01-22,247.8894500732422,0.002827,0.9523,0.1522,4.8733,0.0998,0.002827,0,0.1785
AAPL,2026-01-23,247.58001708984375,-0.001248,0.9856,0.1486,4.8624,0.1361,0.001248,0,0.1774
AAPL,2026-01-26,254.93637084960935,0.029713,1.2662,0.1897,5.1225,0.3535,0.029713,0,0.1151
AAPL,2026-01-27,257.7910461425781,0.011198,1.0886,0.1967,5.2229,0.4522,0.011198,0,0.203
AAPL,2026-01-28,255.9644470214844,-0.007086,0.8881,0.1966,5.16,0.4172,0.007086,0,0.2054
AAPL,2026-01-29,257.801025390625,0.007175,1.3797,0.2,5.165,0.5004,0.007175,0,0.1821
AAPL,2026-01-30,258.99884033203125,0.004646,1.7777,0.2016,5.4891,0.5732,0.004646,0,0.1549
AAPL,2026-02-02,269.50927734375,0.040581,1.3737,0.2524,5.9012,1.005,0.040581,0,0.044
AAPL,2026-02-03,268.98028564453125,-0.001963,1.1763,0.2472,5.7841,0.9638,0.001963,0,0.1689
AAPL,2026-02-04,275.97723388671875,0.026013,1.5983,0.2524,6.0462,1.0977,0.026013,0,0.0692
AAPL,2026-02-05,275.3983459472656,-0.002098,0.9313,0.2501,6.0613,0.991,0.002098,0,0.1693
AAPL,2026-02-06,277.6042175292969,0.00801,0.8869,0.2488,5.9848,0.9727,0.00801,0,0.1833
AAPL,2026-02-09,274.3672180175781,-0.01166,0.7812,0.2547,6.0212,0.847,0.01166,0,0.1752
AAPL,2026-02-10,273.4280700683594,-0.003423,0.6076,0.2557,5.7645,0.7946,0.003423,0,0.1893
AAPL,2026-02-11,275.24639892578125,0.00665,0.9129,0.2561,5.8166,0.8069,0.00665,0,0.2004
AAPL,2026-02-12,261.4891052246094,-0.049982,1.3757,0.3171,6.5101,0.4892,0.049982,0,0.0168
AAPL,2026-02-13,255.5445556640625,-0.022733,0.9416,0.3269,6.529,0.356,0.022733,0,0.1384
AAPL,2026-02-17,263.6371154785156,0.031668,0.9894,0.3433,6.8298,0.5313,0.031668,0,0.0765
AAPL,2026-02-18,264.106689453125,0.001781,0.6022,0.3152,6.6538,0.523,0.001781,0,0.1625
AAPL,2026-02-19,260.3401184082031,-0.014262,0.5547,0.3216,6.4947,0.4079,0.014262,0,0.1302
AAPL,2026-02-20,264.3364562988281,0.01535,0.755,0.3247,6.501,0.4909,0.01535,0,0.1585
AAPL,2026-02-23,265.9349670410156,0.006047,0.6722,0.3243,6.4684,0.5118,0.006047,0,0.17
AAPL,2026-02-24,271.8895263671875,0.022391,0.8539,0.3175,6.628,0.6846,0.022391,0,0.1329
AAPL,2026-02-25,273.97760009765625,0.00768,0.6214,0.3166,6.4321,0.7311,0.00768,0,0.1676
AAPL,2026-02-26,272.6987609863281,-0.004668,0.6011,0.3157,6.3516,0.6682,0.004668,0,0.1707
AAPL,2026-02-27,263.93682861328125,-0.03213,1.3384,0.3393,6.6159,0.3305,0.03213,0,0.0912
AAPL,2026-03-02,264.476318359375,0.002044,0.8116,0.3391,6.595,0.3328,0.002044,0,0.1633
AAPL,2026-03-03,263.5072326660156,-0.003664,0.7749,0.3058,6.5114,0.309,0.003664,0,0.1788
AAPL,2026-03-04,262.2783508300781,-0.004664,0.82,0.3061,6.3839,0.2787,0.004664,0,0.1819
AAPL,2026-03-05,260.0504150390625,-0.008495,1.068,0.2896,6.304,0.2211,0.008495,0,0.1819
AAPL,2026-03-06,257.2229919433594,-0.010873,0.8958,0.291,6.2762,0.15,0.010873,0,0.1653
AAPL,2026-03-09,259.6407775878906,0.0094,0.8438,0.2918,6.3609,0.2626,0.0094,0,0.1846
AAPL,2026-03-10,260.58990478515625,0.003656,0.686,0.2909,6.3012,0.3213,0.003656,0,0.1877
AAPL,2026-03-11,260.5699157714844,-7.7e-05,0.5934,0.291,6.0353,0.3396,7.7e-05,0,0.1658
AAPL,2026-03-12,255.52456665039065,-0.019363,0.9351,0.2951,6.0773,0.1296,0.019363,0,0.1393
AAPL,2026-03-13,249.8897705078125,-0.022052,0.8916,0.25,6.1292,-0.0352,0.022052,0,0.1124
AAPL,2026-03-16,252.58729553222656,0.010795,0.7977,0.2416,5.9776,0.1002,0.010795,0,0.168
AAPL,2026-03-17,253.99598693847656,0.005577,0.8319,0.2114,5.7611,0.1911,0.005577,0,0.1829
AAPL,2026-03-18,249.70994567871097,-0.016874,0.9174,0.2175,5.7735,0.0855,0.016874,0,0.1511
AAPL,2026-03-19,248.73085021972656,-0.003921,0.8898,0.2133,5.6844,0.1022,0.003921,0,0.1811
AAPL,2026-03-20,247.76173400878903,-0.003896,2.1288,0.203,5.5067,0.1212,0.003896,0,0.1187
AAPL,2026-03-23,251.25851440429688,0.014113,0.9734,0.2098,5.5851,0.2573,0.014113,0,0.1858
AAPL,2026-03-24,251.4083709716797,0.000596,1.0864,0.1883,5.5629,0.2821,0.000596,0,0.1836
AAPL,2026-03-25,252.3874664306641,0.003894,0.6895,0.1857,5.4082,0.3295,0.003894,0,0.195
AAPL,2026-03-26,252.6572265625,0.001069,1.0006,0.1865,5.4665,0.3535,0.001069,0,0.1995
AAPL,2026-03-27,248.57098388671875,-0.016173,1.1813,0.1612,5.6056,0.1981,0.016173,0,0.1595
AAPL,2026-03-30,246.40298461914065,-0.008722,0.9757,0.1613,5.5877,0.131,0.008722,0,0.1787
AAPL,2026-03-31,253.5563812255859,0.029031,1.2102,0.1983,5.8201,0.4905,0.029031,0,0.1236
AAPL,2026-04-01,255.3946990966797,0.00725,0.9772,0.2006,5.6078,0.6129,0.00725,0,0.2033
AAPL,2026-04-02,255.68443298339844,0.001134,0.7807,0.1989,5.5983,0.6499,0.001134,0,0.2028
AAPL,2026-04-06,258.6217041015625,0.011488,0.7428,0.1997,5.6437,0.8151,0.011488,0,0.1911
AAPL,2026-04-07,253.26666259765625,-0.020706,1.5276,0.2099,6.1797,0.5212,0.020706,0,0.1315
AAPL,2026-04-08,258.66168212890625,0.021302,0.9958,0.2241,6.1843,0.882,0.021302,0,0.1483
AAPL,2026-04-09,260.2502136230469,0.006141,0.6809,0.2253,6.103,0.9914,0.006141,0,0.1649
AAPL,2026-04-10,260.240234375,-3.8e-05,0.7665,0.2133,5.8933,0.939,3.8e-05,0,0.1569
AAPL,2026-04-13,258.96142578125,-0.004914,0.8883,0.1968,5.7449,0.8228,0.004914,0,0.1956
AAPL,2026-04-14,258.59173583984375,-0.001428,1.1626,0.1942,5.6728,0.7739,0.001428,0,0.1891
AAPL,2026-04-15,266.18475341796875,0.029363,1.1749,0.2181,5.8921,1.0689,0.029363,0,0.0896
AAPL,2026-04-16,263.15753173828125,-0.011373,1.0108,0.2125,5.8915,0.8738,0.011373,0,0.1825
AAPL,2026-04-17,269.98126220703125,0.02593,1.3903,0.2261,6.1058,1.0647,0.02593,0,0.0846
AAPL,2026-04-20,272.79864501953125,0.010435,0.8795,0.225,5.9587,1.0631,0.010435,0,0.1513
AAPL,2026-04-21,265.9250183105469,-0.025197,1.193,0.246,6.079,0.7811,0.025197,0,0.1274
AAPL,2026-04-22,272.9185791015625,0.026299,1.03,0.2593,6.185,0.9584,0.026299,0,0.1173
AAPL,2026-04-23,273.1783142089844,0.000952,0.7908,0.2595,6.0372,0.9086,0.000952,0,0.1759
AAPL,2026-04-24,270.81048583984375,-0.008668,0.9073,0.2633,5.8758,0.8004,0.008668,0,0.1951
AAPL,2026-04-27,267.3636474609375,-0.012728,0.9936,0.2602,5.8835,0.6739,0.012728,0,0.1934
AAPL,2026-04-28,270.4608154296875,0.011584,0.9583,0.2572,5.8643,0.7625,0.011584,0,0.1954
AAPL,2026-04-29,269.92132568359375,-0.001995,0.7367,0.2415,5.7309,0.7209,0.001995,0,0.2032
AAPL,2026-04-30,271.1002502441406,0.004368,2.1176,0.2411,5.8825,0.7419,0.004368,0,0.1317
AAPL,2026-05-01,279.88214111328125,0.032394,1.7447,0.2623,6.5948,1.0031,0.032394,0,0.0408
AAPL,2026-05-04,276.5751647949219,-0.011816,0.9999,0.2673,6.5355,0.8424,0.011816,0,0.1691
AAPL,2026-05-05,283.9184265136719,0.026551,1.0713,0.2631,6.6446,1.0361,0.026551,0,0.0884
AAPL,2026-05-06,287.245361328125,0.011718,1.244,0.2578,6.6667,1.0461,0.011718,0,0.1236
AAPL,2026-05-07,287.1754150390625,-0.000244,0.9471,0.2585,6.6436,0.9698,0.000244,0,0.1383
AAPL,2026-05-08,293.0500183105469,0.020456,1.0793,0.2634,6.6915,1.0392,0.020456,0,0.1078
AAPL,2026-05-11,292.67999267578125,-0.001263,0.8601,0.2617,6.4742,0.9652,0.001263,0,0.1563
AAPL,2026-05-12,294.79998779296875,0.007243,0.9338,0.2601,6.2053,0.9626,0.007243,0,0.1784
AAPL,2026-05-13,298.8699951171875,0.013806,1.0724,0.2477,6.2921,0.9816,0.013806,0,0.1615
AAPL,2026-05-14,298.2099914550781,-0.002208,0.7249,0.2412,6.2048,0.9145,0.002208,0,0.1712
AAPL,2026-05-15,300.2300109863281,0.006774,1.1335,0.23,6.2388,0.9031,0.006774,0,0.1737
AAPL,2026-05-18,297.8399963378906,-0.007961,0.714,0.2339,6.2038,0.8153,0.007961,0,0.1824
AAPL,2026-05-19,298.9700012207031,0.003794,0.882,0.2061,6.0579,0.8082,0.003794,0,0.1975
AAPL,2026-05-20,302.25,0.010971,0.8024,0.1927,5.9623,0.8368,0.010971,0,0.1865
AAPL,2026-05-21,304.989990234375,0.009065,0.8928,0.1925,5.9036,0.8504,0.009065,0,0.1912
AAPL,2026-05-22,308.82000732421875,0.012558,0.9023,0.1863,5.9397,0.8813,0.012558,0,0.1812
AAPL,2026-05-26,308.3299865722656,-0.001587,0.9851,0.1748,5.8119,0.8428,0.001587,0,0.1901
AAPL,2026-05-27,310.8500061035156,0.008173,1.024,0.1741,5.751,0.861,0.008173,0,0.1927
AAPL,2026-05-28,312.510009765625,0.00534,0.9614,0.1709,5.571,0.8693,0.00534,0,0.2003
AAPL,2026-05-29,312.05999755859375,-0.00144,1.4272,0.1735,5.5638,0.8433,0.00144,0,0.1618
AAPL,2026-06-01,306.30999755859375,-0.018426,1.0282,0.169,5.6692,0.6891,0.018426,0,0.1577
AAPL,2026-06-02,315.20001220703125,0.029023,0.9395,0.1784,5.9171,0.8968,0.029023,0,0.0986
AAPL,2026-06-03,310.260009765625,-0.015673,1.0707,0.1788,6.0723,0.7434,0.015673,0,0.166
AAPL,2026-06-04,311.2300109863281,0.003126,0.9586,0.1768,5.9164,0.7523,0.003126,0,0.1958
AAPL,2026-06-05,307.3399963378906,-0.012499,1.366,0.1859,6.0667,0.6106,0.012499,0,0.1561
AAPL,2026-06-08,301.5400085449219,-0.018872,1.5884,0.1906,6.7927,0.3804,0.018872,0,0.1114
AAPL,2026-06-09,290.54998779296875,-0.036446,1.3892,0.2334,7.2903,-0.0186,0.036446,0,0.0579
AAPL,2026-06-10,291.5799865722656,0.003545,1.0388,0.2322,7.296,0.0442,0.003545,0,0.141
AAPL,2026-06-11,295.6300048828125,0.01389,0.8461,0.2323,7.3042,0.2012,0.01389,0,0.1452
AAPL,2026-06-12,291.1300048828125,-0.015222,0.7674,0.2381,7.3196,0.0844,0.015222,0,0.1227
AAPL,2026-06-15,296.4200134277344,0.018171,0.9141,0.2464,7.2717,0.2673,0.018171,0,0.1318
AAPL,2026-06-16,299.239990234375,0.009513,0.7928,0.2472,7.2173,0.3544,0.009513,0,0.1687
AAPL,2026-06-17,295.95001220703125,-0.010994,0.8494,0.25,7.2525,0.2573,0.010994,0,0.156
AAPL,2026-06-18,298.010009765625,0.006961,1.6309,0.248,7.0881,0.3313,0.006961,0,0.1215
MSFT,2024-07-19,430.3468017578125,-0.007403,1.1421,0.1816,7.7881,0.008,0.007403,0,0.1434
MSFT,2024-07-22,436.0865783691406,0.013338,0.9078,0.1853,7.7514,0.2041,0.013338,0,0.1378
MSFT,2024-07-23,437.967041015625,0.004312,0.7587,0.1855,7.5431,0.2668,0.004312,0,0.1685
MSFT,2024-07-24,422.2637634277344,-0.035855,1.5064,0.2218,8.3552,-0.0604,0.035855,0,0.0271
MSFT,2024-07-25,411.9263000488281,-0.024481,1.6215,0.2342,8.6724,-0.1261,0.024481,0,0.0559
MSFT,2024-07-26,418.68994140625,0.01642,1.2475,0.2444,8.9063,0.0746,0.01642,0,0.1079
MSFT,2024-07-29,420.12738037109375,0.003433,0.8291,0.2424,8.7765,0.1414,0.003433,0,0.1558
MSFT,2024-07-30,416.3763732910156,-0.008928,1.7209,0.2259,8.9997,0.1267,0.008928,0,0.1247
MSFT,2024-07-31,411.8770446777344,-0.010806,2.0984,0.2245,9.1246,0.1075,0.010806,0,0.0773
MSFT,2024-08-01,410.65618896484375,-0.002964,1.4119,0.2227,9.5269,0.1343,0.002964,0,0.1319
MSFT,2024-08-02,402.1695556640625,-0.020666,1.3302,0.2167,9.7688,0.0619,0.020666,0,0.1118
MSFT,2024-08-05,389.0360107421875,-0.032657,1.731,0.2349,10.7762,-0.0374,0.032657,0,0.0254
MSFT,2024-08-06,393.427001953125,0.011287,1.0436,0.2433,10.7434,0.0782,0.011287,0,0.1188
MSFT,2024-08-07,392.2652587890625,-0.002953,0.8595,0.2304,10.8732,0.1004,0.002953,0,0.1334
MSFT,2024-08-08,396.4593505859375,0.010692,0.8459,0.23,10.5986,0.1877,0.010692,0,0.1343
MSFT,2024-08-09,399.7378234863281,0.008269,0.8022,0.2353,10.2226,0.255,0.008269,0,0.1544
MSFT,2024-08-12,400.5155944824219,0.001946,0.6942,0.2357,9.7819,0.2856,0.001946,0,0.152
MSFT,2024-08-13,407.604248046875,0.017699,0.8003,0.2487,9.6476,0.4087,0.017699,0,0.1307
MSFT,2024-08-14,410.41009521484375,0.006884,0.7585,0.249,9.3103,0.472,0.006884,0,0.1682
MSFT,2024-08-15,415.2626953125,0.011824,0.8618,0.2538,8.9805,0.5732,0.011824,0,0.1562
MSFT,2024-08-16,412.73779296875,-0.00608,0.9422,0.2535,8.6057,0.5463,0.00608,0,0.171
MSFT,2024-08-19,415.7558288574219,0.007312,0.631,0.2495,8.3524,0.6364,0.007312,0,0.1516
MSFT,2024-08-20,418.9810485839844,0.007757,0.6742,0.251,8.0483,0.7637,0.007757,0,0.1543
MSFT,2024-08-21,418.3301086425781,-0.001554,0.6759,0.2171,7.7934,0.7589,0.001554,0,0.157
MSFT,2024-08-22,409.8577270507813,-0.020253,0.8331,0.2113,8.1059,0.5469,0.020253,0,0.118
MSFT,2024-08-23,411.080810546875,0.002984,0.8045,0.2025,8.0295,0.5903,0.002984,0,0.1805
MSFT,2024-08-26,407.8259582519531,-0.007918,0.5746,0.2033,7.8696,0.5222,0.007918,0,0.1472
MSFT,2024-08-27,408.1712036132813,0.000847,0.6153,0.2015,7.589,0.5443,0.000847,0,0.1515
MSFT,2024-08-28,404.9755859375,-0.007829,0.725,0.1998,7.5887,0.4631,0.007829,0,0.1694
MSFT,2024-08-29,407.4610595703125,0.006137,0.858,0.2011,7.8599,0.5391,0.006137,0,0.1797
MSFT,2024-08-30,411.426025390625,0.009731,1.2396,0.1889,7.6718,0.6396,0.009731,0,0.1537
MSFT,2024-09-03,403.8314514160156,-0.018459,1.0927,0.1596,8.0369,0.3873,0.018459,0,0.1154
MSFT,2024-09-04,403.2988586425781,-0.001319,0.8363,0.156,7.945,0.3406,0.001319,0,0.1694
MSFT,2024-09-05,402.79583740234375,-0.001247,0.7986,0.1555,7.8671,0.2761,0.001247,0,0.1621
MSFT,2024-09-06,396.197509765625,-0.016381,1.105,0.1634,8.0014,0.0117,0.016381,0,0.119
MSFT,2024-09-09,400.1624145507813,0.010007,0.8716,0.1647,7.9182,0.169,0.010007,0,0.1525
MSFT,2024-09-10,408.5262756347656,0.020901,1.1077,0.1805,8.1028,0.4912,0.020901,0,0.107
MSFT,2024-09-11,417.24517822265625,0.021342,1.0897,0.1854,8.5452,0.8247,0.021342,0,0.1106
MSFT,2024-09-12,421.15093994140625,0.009361,0.9863,0.1866,8.4707,0.9232,0.009361,0,0.1533
MSFT,2024-09-13,424.6917419433594,0.008407,0.9126,0.1844,8.3126,0.9866,0.008407,0,0.1443
MSFT,2024-09-16,425.4314575195313,0.001742,0.8163,0.1824,8.0905,0.9462,0.001742,0,0.1495
MSFT,2024-09-17,429.1892700195313,0.008833,1.1019,0.1831,8.2547,0.9857,0.008833,0,0.1422
MSFT,2024-09-18,424.90869140625,-0.009974,1.0952,0.1861,8.0592,0.8466,0.009974,0,0.1534
MSFT,2024-09-19,432.6807861328125,0.018291,1.2378,0.1959,8.2382,0.9819,0.018291,0,0.105
MSFT,2024-09-20,429.3076171875,-0.007796,2.8544,0.1818,8.0015,0.8566,0.007796,0,0.0125
MSFT,2024-09-23,427.57177734375,-0.004043,0.7897,0.1832,7.8565,0.788,0.004043,0,0.175
MSFT,2024-09-24,423.2911987304687,-0.010011,0.8793,0.1848,7.8171,0.6771,0.010011,0,0.1713
MSFT,2024-09-25,426.19091796875,0.00685,0.6924,0.1856,7.5777,0.7179,0.00685,0,0.1648
MSFT,2024-09-26,425.40185546875,-0.001851,0.7498,0.1825,7.4705,0.681,0.001851,0,0.1742
MSFT,2024-09-27,422.1569213867187,-0.007628,0.775,0.1854,7.2442,0.5963,0.007628,0,0.1632
MSFT,2024-09-30,424.40570068359375,0.005327,0.8919,0.1836,7.0817,0.6316,0.005327,0,0.1658
MSFT,2024-10-01,414.9273681640625,-0.022333,1.0165,0.1896,7.3868,0.4069,0.022333,0,0.0847
MSFT,2024-10-02,411.4161376953125,-0.008462,0.8794,0.1926,7.2892,0.3085,0.008462,0,0.167
MSFT,2024-10-03,410.8341979980469,-0.001414,0.7268,0.1927,7.1385,0.2733,0.001414,0,0.1522
MSFT,2024-10-04,410.36077880859375,-0.001152,1.0192,0.1816,6.9646,0.202,0.001152,0,0.1396
MSFT,2024-10-07,403.93011474609375,-0.015671,1.0959,0.189,7.0388,-0.0198,0.015671,0,0.099
MSFT,2024-10-08,409.0292663574219,0.012624,1.0083,0.1792,7.0638,0.1359,0.012624,0,0.1185
MSFT,2024-10-09,411.7415771484375,0.006631,0.7941,0.163,6.9873,0.2362,0.006631,0,0.1447
MSFT,2024-10-10,410.1437683105469,-0.003881,0.7414,0.159,6.7913,0.2151,0.003881,0,0.1336
MSFT,2024-10-11,410.6172180175781,0.001154,0.7608,0.1551,6.579,0.2542,0.001154,0,0.1297
MSFT,2024-10-14,413.3985900878906,0.006774,0.8889,0.1576,6.6531,0.3507,0.006774,0,0.1462
MSFT,2024-10-15,413.0040283203125,-0.000954,1.0088,0.1529,6.6866,0.3578,0.000954,0,0.14
MSFT,2024-10-16,410.419921875,-0.006257,0.8353,0.1509,6.7911,0.3018,0.006257,0,0.1483
MSFT,2024-10-17,411.0117492675781,0.001442,0.8133,0.132,6.7929,0.337,0.001442,0,0.1438
MSFT,2024-10-18,412.4320373535156,0.003456,1.0505,0.1321,6.546,0.4033,0.003456,0,0.1359
MSFT,2024-10-21,413.04351806640625,0.001483,0.8729,0.1324,6.4453,0.4466,0.001483,0,0.1333
MSFT,2024-10-22,421.6539611816406,0.020846,1.5261,0.1507,6.8691,0.7974,0.020846,0,0.0519
MSFT,2024-10-23,418.7838134765625,-0.006807,1.1554,0.1501,6.9809,0.7155,0.006807,0,0.1439
MSFT,2024-10-24,418.9120178222656,0.000306,0.8006,0.1501,6.7342,0.7604,0.000306,0,0.1388
MSFT,2024-10-25,422.2851257324219,0.008052,0.9903,0.1508,6.8021,0.9248,0.008052,0,0.1477
MSFT,2024-10-28,420.74652099609375,-0.003644,0.877,0.15,6.7134,0.8851,0.003644,0,0.1504
MSFT,2024-10-29,426.03314208984375,0.012565,1.0442,0.1325,6.7532,1.0456,0.012565,0,0.0961
MSFT,2024-10-30,426.605224609375,0.001343,1.6946,0.1273,6.7322,0.9817,0.001343,0,0.0665
MSFT,2024-10-31,400.7837829589844,-0.060528,2.758,0.2556,8.1006,0.0094,0.060528,1,-0.1156
MSFT,2024-11-01,404.7487182617187,0.009893,1.2224,0.2586,8.1666,0.1771,0.009893,0,0.1302
MSFT,2024-11-04,402.8648681640625,-0.004654,0.9956,0.2529,7.9248,0.1174,0.004654,0,0.1539
MSFT,2024-11-05,405.8237609863281,0.007345,0.8956,0.2501,7.8391,0.2309,0.007345,0,0.1588
MSFT,2024-11-06,414.42431640625,0.021193,1.3166,0.2606,7.9789,0.5183,0.021193,0,0.0932
MSFT,2024-11-07,419.6024169921875,0.012495,0.9676,0.2634,7.8999,0.677,0.012495,0,0.1494
MSFT,2024-11-08,416.75201416015625,-0.006793,0.8158,0.265,7.668,0.5708,0.006793,0,0.1606
MSFT,2024-11-11,412.2840881347656,-0.010721,1.1614,0.2671,7.741,0.4212,0.010721,0,0.1343
MSFT,2024-11-12,417.23529052734375,0.012009,0.9185,0.2704,7.6981,0.5816,0.012009,0,0.1463
MSFT,2024-11-13,419.3756103515625,0.00513,1.0037,0.2696,7.9318,0.639,0.00513,0,0.1645
MSFT,2024-11-14,421.0424499511719,0.003975,1.3629,0.2698,7.9408,0.6776,0.003975,0,0.1305
MSFT,2024-11-15,409.3153381347656,-0.027853,1.2417,0.2887,8.3072,0.2907,0.027853,0,0.0699
MSFT,2024-11-18,410.06488037109375,0.001831,1.0624,0.2888,8.1576,0.3225,0.001831,0,0.1428
MSFT,2024-11-19,412.067138671875,0.004883,0.7916,0.2787,8.0251,0.4026,0.004883,0,0.1666
MSFT,2024-11-20,409.7986145019531,-0.005505,0.8386,0.2784,7.9598,0.3426,0.005505,0,0.164
MSFT,2024-11-21,408.0295715332031,-0.004317,0.894,0.2786,8.0612,0.3035,0.004317,0,0.1646
MSFT,2024-11-22,412.1111450195313,0.010003,1.0497,0.2795,7.9329,0.4532,0.010003,0,0.1534
MSFT,2024-11-25,413.8801574707031,0.004293,1.1405,0.28,7.806,0.5258,0.004293,0,0.1468
MSFT,2024-11-26,422.9723205566406,0.021968,0.9547,0.2878,7.972,0.8628,0.021968,0,0.0931
MSFT,2024-11-27,418.0309143066406,-0.011683,0.7638,0.2905,7.824,0.7198,0.011683,0,0.1332
MSFT,2024-11-29,418.4954223632813,0.001111,0.7358,0.1863,7.7649,0.7216,0.001111,0,0.1741
MSFT,2024-12-02,425.92724609375,0.017758,0.9221,0.1926,8.0355,0.9794,0.017758,0,0.1178
MSFT,2024-12-03,426.1446838378906,0.000511,0.8378,0.1909,7.7954,0.9488,0.000511,0,0.1464
MSFT,2024-12-04,432.2917785644531,0.014425,1.1682,0.1947,7.8365,1.0927,0.014425,0,0.1103
MSFT,2024-12-05,437.4307556152344,0.011888,0.9856,0.1859,7.8761,1.1129,0.011888,0,0.1101
MSFT,2024-12-06,438.36968994140625,0.002146,0.857,0.1823,7.6191,1.0313,0.002146,0,0.139
MSFT,2024-12-09,440.7908935546875,0.005523,0.8673,0.1794,7.6276,0.9994,0.005523,0,0.1489
MSFT,2024-12-10,438.1324768066406,-0.006031,0.8483,0.1755,7.649,0.8826,0.006031,0,0.1627
MSFT,2024-12-11,443.72613525390625,0.012767,0.8823,0.176,7.5981,0.94,0.012767,0,0.1403
MSFT,2024-12-12,444.2894287109375,0.001269,0.9588,0.1759,7.5616,0.8959,0.001269,0,0.1576
MSFT,2024-12-13,442.0262756347656,-0.005094,0.9506,0.1782,7.4344,0.8163,0.005094,0,0.1674
MSFT,2024-12-16,446.2956237792969,0.009659,1.1241,0.1388,7.3904,0.8553,0.009659,0,0.1464
MSFT,2024-12-17,449.1319580078125,0.006355,1.0881,0.1387,7.2663,0.8652,0.006355,0,0.153
MSFT,2024-12-18,432.2620849609375,-0.037561,1.1525,0.204,7.9785,0.5427,0.037561,0,0.0246
MSFT,2024-12-19,431.9063415527344,-0.000823,1.0732,0.2022,7.8928,0.5161,0.000823,0,0.1618
MSFT,2024-12-20,431.4813537597656,-0.000984,2.7263,0.201,8.3957,0.4818,0.000984,0,0.0179
MSFT,2024-12-23,430.147216796875,-0.003092,0.8224,0.2002,8.1363,0.4241,0.003092,0,0.1744
MSFT,2024-12-24,434.1793212890625,0.009374,0.3218,0.2017,7.937,0.4994,0.009374,0,0.1141
MSFT,2024-12-26,432.9736633300781,-0.002777,0.3811,0.1887,7.6743,0.4494,0.002777,0,0.1187
MSFT,2024-12-27,425.4825134277344,-0.017302,0.8431,0.1948,7.9563,0.1968,0.017302,0,0.1338
MSFT,2024-12-30,419.849365234375,-0.013239,0.6168,0.2012,7.9972,0.0076,0.013239,0,0.1094
MSFT,2024-12-31,416.5584106445313,-0.007838,0.6312,0.1919,7.8544,-0.0273,0.007838,0,0.1251
MSFT,2025-01-02,413.6726379394531,-0.006928,0.8079,0.1929,8.0855,-0.029,0.006928,0,0.1467
MSFT,2025-01-03,418.38671875,0.011396,0.8149,0.1899,7.8926,0.1348,0.011396,0,0.142
MSFT,2025-01-06,422.833984375,0.01063,1.009,0.1888,8.1033,0.2659,0.01063,0,0.164
MSFT,2025-01-07,417.4181823730469,-0.012808,0.8911,0.1923,8.2198,0.175,0.012808,0,0.1598
MSFT,2025-01-08,419.5824890136719,0.005185,0.747,0.1921,8.016,0.251,0.005185,0,0.1746
MSFT,2025-01-10,414.038330078125,-0.013214,0.9981,0.1955,8.1274,0.1654,0.013214,0,0.1575
MSFT,2025-01-13,412.2989501953125,-0.004201,0.8733,0.1868,8.017,0.164,0.004201,0,0.1717
MSFT,2025-01-14,410.7967834472656,-0.003643,0.8483,0.1859,8.0811,0.1648,0.003643,0,0.1716
MSFT,2025-01-15,421.31201171875,0.025597,0.985,0.2131,8.3849,0.4138,0.025597,0,0.0791
MSFT,2025-01-16,419.602294921875,-0.004058,0.7837,0.2084,8.146,0.3934,0.004058,0,0.1745
MSFT,2025-01-17,424.0001220703125,0.010481,1.3301,0.2113,8.263,0.5519,0.010481,0,0.1442
MSFT,2025-01-21,423.4763488769531,-0.001235,1.319,0.1667,8.0469,0.5515,0.001235,0,0.1387
MSFT,2025-01-22,440.9688720703125,0.041307,1.3888,0.2243,8.7971,1.0747,0.041307,1,-0.0192
MSFT,2025-01-23,441.4728088378906,0.001143,1.0374,0.2242,8.5394,1.0198,0.001143,0,0.1351
MSFT,2025-01-24,438.8539123535156,-0.005932,0.8862,0.2251,8.3042,0.9082,0.005932,0,0.1523
MSFT,2025-01-27,429.46533203125,-0.021393,1.8792,0.2363,9.1624,0.6707,0.021393,0,0.072
MSFT,2025-01-28,441.95709228515625,0.029087,1.1904,0.2582,9.708,0.9616,0.029087,0,0.0498
MSFT,2025-01-29,437.1441955566406,-0.01089,1.1786,0.2531,9.4946,0.8119,0.01089,0,0.1394
MSFT,2025-01-30,410.1247253417969,-0.061809,2.4723,0.3357,10.8756,0.1864,0.061809,1,-0.1241
MSFT,2025-01-31,410.1938781738281,0.000169,1.4773,0.3348,10.5068,0.2038,0.000169,0,0.0775
MSFT,2025-02-03,406.1024169921875,-0.009974,1.0898,0.3357,10.2328,0.1357,0.009974,0,0.119
MSFT,2025-02-04,407.535400390625,0.003529,0.8642,0.3331,9.7969,0.1909,0.003529,0,0.134
MSFT,2025-02-05,408.4446411132813,0.002231,0.693,0.3305,9.3393,0.2334,0.002231,0,0.1266
MSFT,2025-02-06,410.9449768066406,0.006122,0.6954,0.3288,9.0188,0.2934,0.006122,0,0.1336
MSFT,2025-02-07,404.9461669921875,-0.014598,0.9598,0.3316,9.1193,0.2017,0.014598,0,0.1262
MSFT,2025-02-10,407.38720703125,0.006028,0.8719,0.3297,8.871,0.259,0.006028,0,0.1452
MSFT,2025-02-11,406.6163635253906,-0.001892,0.7589,0.3295,8.4626,0.2543,0.001892,0,0.1347
MSFT,2025-02-12,404.2444763183594,-0.005833,0.7963,0.3298,8.3572,0.2232,0.005833,0,0.1388
MSFT,2025-02-13,405.7268981933594,0.003667,0.9863,0.3156,8.0878,0.2692,0.003667,0,0.145
MSFT,2025-02-14,403.6416015625,-0.00514,0.9252,0.3158,7.839,0.2536,0.00514,0,0.1477
MSFT,2025-02-18,404.8374328613281,0.002963,0.8795,0.313,7.5685,0.2933,0.002963,0,0.141
MSFT,2025-02-19,409.9072570800781,0.012523,0.994,0.3173,7.5813,0.3894,0.012523,0,0.1194
MSFT,2025-02-20,412.0759887695313,0.005291,0.9777,0.276,7.5187,0.4457,0.005291,0,0.1569
MSFT,2025-02-21,404.2331237792969,-0.019033,1.1234,0.281,7.7003,0.3208,0.019033,0,0.1063
MSFT,2025-02-24,400.0641174316406,-0.010313,1.0558,0.2818,7.8611,0.2519,0.010313,0,0.1472
MSFT,2025-02-25,394.0235595703125,-0.015099,1.1881,0.2777,7.816,0.1506,0.015099,0,0.1141
MSFT,2025-02-26,395.8357849121094,0.004599,0.7995,0.2511,7.919,0.1641,0.004599,0,0.1524
MSFT,2025-02-27,388.7058715820313,-0.018012,0.8653,0.2544,8.3132,-0.168,0.018012,0,0.0742
MSFT,2025-02-28,393.1224365234375,0.011362,1.4078,0.1528,8.5017,0.0784,0.011362,0,0.1031
MSFT,2025-03-03,384.7052001953125,-0.021411,1.0103,0.1671,8.7899,-0.0957,0.021411,0,0.0772
MSFT,2025-03-04,384.8240661621094,0.000309,1.2782,0.1655,8.9812,0.0048,0.000309,0,0.1018
MSFT,2025-03-05,397.1131896972656,0.031934,1.0144,0.2055,9.2634,0.3822,0.031934,0,0.0563
MSFT,2025-03-06,393.0234375,-0.010299,0.9938,0.2075,9.2716,0.2834,0.010299,0,0.1689
MSFT,2025-03-07,389.478271484375,-0.00902,0.9283,0.2067,9.4122,0.2076,0.00902,0,0.1674
MSFT,2025-03-10,376.4563903808594,-0.033434,1.3551,0.2307,9.8779,-0.0536,0.033434,0,0.05
MSFT,2025-03-11,376.74359130859375,0.000763,1.2293,0.2285,9.8153,0.0323,0.000763,0,0.1155
MSFT,2025-03-12,379.5361022949219,0.007412,0.9694,0.2319,9.5577,0.1432,0.007412,0,0.1505
MSFT,2025-03-13,375.0798950195313,-0.011741,0.8161,0.2337,9.4317,0.0971,0.011741,0,0.1503
MSFT,2025-03-14,384.7745971679687,0.025847,0.8017,0.2552,9.5686,0.3292,0.025847,0,0.0879
MSFT,2025-03-17,384.9132080078125,0.00036,0.9035,0.2552,9.3902,0.3505,0.00036,0,0.1527
MSFT,2025-03-18,379.78363037109375,-0.013327,0.7865,0.2573,9.257,0.2582,0.013327,0,0.1478
MSFT,2025-03-19,384.0417785644531,0.011212,0.7821,0.2563,9.0315,0.3755,0.011212,0,0.1556
MSFT,2025-03-20,383.0713195800781,-0.002527,0.7607,0.2544,8.9883,0.3661,0.002527,0,0.1618
MSFT,2025-03-21,387.4482421875,0.011426,1.5942,0.2527,8.9787,0.5281,0.011426,0,0.1117
MSFT,2025-03-24,389.2505187988281,0.004652,0.8533,0.2517,8.7327,0.6207,0.004652,0,0.1715
MSFT,2025-03-25,391.3102722167969,0.005292,0.6591,0.2472,8.3721,0.7094,0.005292,0,0.1592
MSFT,2025-03-26,386.17083740234375,-0.013134,0.678,0.2506,8.2508,0.5291,0.013134,0,0.1384
MSFT,2025-03-27,386.7748718261719,0.001564,0.5886,0.2426,8.0038,0.5589,0.001564,0,0.1439
MSFT,2025-03-28,375.109619140625,-0.03016,0.9475,0.2606,8.3976,0.1122,0.03016,0,0.0542
MSFT,2025-03-31,371.73291015625,-0.009002,1.5011,0.2521,8.6155,0.0471,0.009002,0,0.1145
MSFT,2025-04-01,378.4666137695313,0.018114,0.8577,0.2616,8.6805,0.3139,0.018114,0,0.124
MSFT,2025-04-02,378.4171142578125,-0.000131,0.7124,0.2316,8.6589,0.3282,0.000131,0,0.1498
MSFT,2025-04-03,369.47503662109375,-0.02363,1.3167,0.2423,8.9451,0.0195,0.02363,0,0.0972
MSFT,2025-04-04,356.3343200683594,-0.035566,2.0257,0.268,9.3749,-0.2245,0.035566,1,-0.0466
MSFT,2025-04-07,354.3736572265625,-0.005502,2.0032,0.2451,10.5592,-0.1151,0.005502,0,0.0187
MSFT,2025-04-08,351.10577392578125,-0.009222,1.4096,0.2457,11.4601,-0.0643,0.009222,0,0.072
MSFT,2025-04-09,386.6857299804687,0.101337,1.8771,0.4455,13.48,0.6899,0.101337,1,-0.1729
MSFT,2025-04-10,377.6347961425781,-0.023406,1.3766,0.4519,14.1221,0.4956,0.023406,1,-0.025
MSFT,2025-04-11,384.6656188964844,0.018618,0.857,0.4473,13.9027,0.6448,0.018618,0,0.016
MSFT,2025-04-14,384.0318603515625,-0.001648,0.6961,0.4473,13.6481,0.6326,0.001648,0,0.0387
MSFT,2025-04-15,381.97216796875,-0.005363,0.6245,0.445,13.22,0.5862,0.005363,0,0.0543
MSFT,2025-04-16,367.98968505859375,-0.036606,0.7937,0.462,13.5298,0.3086,0.036606,1,-0.0367
MSFT,2025-04-17,364.1969909667969,-0.010307,0.7594,0.463,13.089,0.2538,0.010307,0,0.0631
MSFT,2025-04-21,355.6213684082031,-0.023547,0.7744,0.4661,13.0106,0.126,0.023547,0,0.0292
MSFT,2025-04-22,363.246337890625,0.021441,0.7273,0.4739,12.6931,0.2981,0.021441,0,0.0346
MSFT,2025-04-23,370.74261474609375,0.020637,0.7601,0.4805,12.7463,0.468,0.020637,0,0.0323
MSFT,2025-04-24,383.52679443359375,0.034483,0.8133,0.4958,12.8304,0.748,0.034483,1,-0.0284
MSFT,2025-04-25,388.0325317382813,0.011748,0.6875,0.4975,12.4486,0.8419,0.011748,0,0.0351
MSFT,2025-04-28,387.3492126464844,-0.001761,0.6063,0.4842,11.9909,0.8016,0.001761,0,0.0502
MSFT,2025-04-29,390.2012023925781,0.007363,0.5686,0.4827,11.4683,0.8252,0.007363,0,0.0394
MSFT,2025-04-30,391.4093017578125,0.003096,1.3418,0.4794,11.5135,0.8217,0.003096,0,0.0436
MSFT,2025-05-01,421.255615234375,0.076253,2.0105,0.5466,13.6428,1.1619,0.076253,1,-0.1868
MSFT,2025-05-02,431.0393981933594,0.023225,1.0482,0.5383,13.6614,1.1206,0.023225,1,-0.0585
MSFT,2025-05-05,431.9207458496094,0.002045,0.722,0.5136,13.2083,1.0271,0.002045,1,-0.0032
MSFT,2025-05-06,429.0885925292969,-0.006557,0.5782,0.5141,12.7288,0.9353,0.006557,1,-0.0079
MSFT,2025-05-07,429.1282348632813,9.2e-05,0.9137,0.5105,12.3155,0.8923,9.2e-05,0,0.0322
MSFT,2025-05-08,433.9012756347656,0.011123,0.9724,0.382,12.1657,0.8886,0.011123,0,0.0734
MSFT,2025-05-09,434.4557495117187,0.001278,0.6656,0.3664,11.6405,0.8497,0.001278,0,0.0892
MSFT,2025-05-12,444.8832092285156,0.024001,0.9934,0.3691,11.5617,0.8902,0.024001,0,0.0549
MSFT,2025-05-13,444.764404296875,-0.000267,1.0184,0.3687,11.1114,0.846,0.000267,0,0.097
MSFT,2025-05-14,448.5273742675781,0.008461,0.8532,0.3655,10.7252,0.8357,0.008461,0,0.1136
MSFT,2025-05-15,449.5392761230469,0.002256,0.9427,0.3261,10.3672,0.8103,0.002256,0,0.1332
MSFT,2025-05-16,450.6702575683594,0.002516,1.0164,0.3184,10.0257,0.7911,0.002516,0,0.1375
MSFT,2025-05-19,455.2337951660156,0.010126,0.9083,0.2914,9.9324,0.8062,0.010126,0,0.1452
MSFT,2025-05-20,454.5393371582031,-0.001525,0.6631,0.2936,9.5454,0.7815,0.001525,0,0.1312
MSFT,2025-05-21,448.9837036132813,-0.012223,0.8275,0.3029,9.3143,0.7146,0.012223,0,0.1367
MSFT,2025-05-22,451.2555847167969,0.00506,0.7833,0.2888,9.1932,0.7185,0.00506,0,0.1569
MSFT,2025-05-23,446.6126708984375,-0.010289,0.737,0.2958,8.9582,0.6509,0.010289,0,0.1385
MSFT,2025-05-27,457.0393371582031,0.023346,0.9069,0.2991,9.0815,0.7619,0.023346,0,0.0939
MSFT,2025-05-28,453.7357482910156,-0.007228,0.7354,0.3043,8.8289,0.7129,0.007228,0,0.1463
MSFT,2025-05-29,455.0452880859375,0.002886,0.6321,0.3043,8.6525,0.7622,0.002886,0,0.1299
MSFT,2025-05-30,456.71197509765625,0.003663,1.6636,0.1645,8.4696,0.7854,0.003663,0,0.1152
MSFT,2025-06-02,458.3092346191406,0.003497,0.8234,0.1481,8.2345,0.7972,0.003497,0,0.1603
MSFT,2025-06-03,459.3013000488281,0.002165,0.7882,0.1481,7.8788,0.7957,0.002165,0,0.172
MSFT,2025-06-04,460.1941528320313,0.001944,0.7107,0.1438,7.5087,0.8024,0.001944,0,0.1616
MSFT,2025-06-05,463.9739379882813,0.008213,1.0184,0.1441,7.382,0.9011,0.008213,0,0.1549
MSFT,2025-06-06,466.6525573730469,0.005773,0.7896,0.1418,7.2558,0.9598,0.005773,0,0.1434
MSFT,2025-06-09,469.0038146972656,0.005039,0.8483,0.1416,7.0784,1.0193,0.005039,0,0.1309
MSFT,2025-06-10,467.1883239746094,-0.003871,0.8074,0.1223,6.9866,0.9053,0.003871,0,0.1302
MSFT,2025-06-11,468.8748168945313,0.00361,0.8778,0.1219,6.8993,0.9186,0.00361,0,0.139
MSFT,2025-06-12,475.0753173828125,0.013224,1.0169,0.126,6.9592,1.0336,0.013224,0,0.0933
MSFT,2025-06-13,471.1962890625,-0.008165,0.915,0.132,6.917,0.8652,0.008165,0,0.137
MSFT,2025-06-16,475.3431701660156,0.008801,0.8698,0.1339,6.829,0.9314,0.008801,0,0.1396
MSFT,2025-06-17,474.25189208984375,-0.002296,0.8724,0.1321,6.6998,0.8541,0.002296,0,0.1484
MSFT,2025-06-18,476.4344482421875,0.004602,0.9861,0.1316,6.6847,0.8675,0.004602,0,0.1504
MSFT,2025-06-20,473.616943359375,-0.005914,2.0104,0.124,6.6742,0.7671,0.005914,0,0.0506
MSFT,2025-06-23,482.1488037109375,0.018014,1.3064,0.1353,7.2774,0.9441,0.018014,0,0.0816
MSFT,2025-06-24,486.2261962890625,0.008457,1.1555,0.1263,7.1721,1.0014,0.008457,0,0.118
MSFT,2025-06-25,488.369140625,0.004407,0.9145,0.1044,7.0262,0.9785,0.004407,0,0.1051
MSFT,2025-06-26,493.508056640625,0.010523,1.1149,0.0994,6.9332,1.0199,0.010523,0,0.0823
MSFT,2025-06-27,492.0100402832031,-0.003035,1.6945,0.1027,6.8823,0.9315,0.003035,0,0.054
MSFT,2025-06-30,493.4684143066406,0.002964,1.414,0.1027,6.7755,0.9148,0.002964,0,0.0715
MSFT,2025-07-01,488.1508483886719,-0.010776,0.986,0.1152,6.7925,0.7715,0.010776,0,0.1128
MSFT,2025-07-02,487.1984558105469,-0.001951,0.8056,0.1166,6.6475,0.7286,0.001951,0,0.1338
MSFT,2025-07-03,494.8870544433594,0.015781,0.6907,0.125,6.8132,0.8772,0.015781,0,0.076
MSFT,2025-07-07,493.77593994140625,-0.002245,0.7011,0.1255,6.5824,0.8199,0.002245,0,0.1327
MSFT,2025-07-08,492.68463134765625,-0.00221,0.5992,0.1265,6.4021,0.7673,0.00221,0,0.1125
MSFT,2025-07-09,499.52008056640625,0.013874,0.9387,0.1323,6.6647,0.8938,0.013874,0,0.1117
MSFT,2025-07-10,497.5061340332031,-0.004032,0.8273,0.1325,6.6628,0.8167,0.004032,0,0.1475
MSFT,2025-07-11,499.33154296875,0.003669,0.8256,0.1325,6.6992,0.8353,0.003669,0,0.1559
MSFT,2025-07-14,499.033935546875,-0.000596,0.6155,0.1276,6.429,0.7967,0.000596,0,0.1082
MSFT,2025-07-15,501.8117370605469,0.005566,0.7656,0.1215,6.3602,0.8442,0.005566,0,0.127
MSFT,2025-07-16,501.6133117675781,-0.000395,0.7782,0.1202,6.2482,0.811,0.000395,0,0.115
MSFT,2025-07-17,507.6451416015625,0.012025,0.894,0.123,6.3511,0.943,0.012025,0,0.0959
MSFT,2025-07-18,506.0082092285156,-0.003225,1.0732,0.1252,6.4084,0.8678,0.003225,0,0.1283
MSFT,2025-07-21,506.01812744140625,2e-05,0.7568,0.1212,6.4141,0.8678,2e-05,0,0.1079
MSFT,2025-07-22,501.26611328125,-0.009391,0.7688,0.1162,6.3761,0.6838,0.009391,0,0.0956
MSFT,2025-07-23,501.861328125,0.001187,0.9241,0.1136,6.3522,0.6874,0.001187,0,0.1201
MSFT,2025-07-24,506.8316345214844,0.009904,0.9114,0.1171,6.4512,0.8544,0.009904,0,0.1166
MSFT,2025-07-25,509.6392517089844,0.00554,1.0897,0.1135,6.5524,0.9097,0.00554,0,0.1205
MSFT,2025-07-28,508.4388122558594,-0.002355,0.8651,0.1131,6.4302,0.8264,0.002355,0,0.1323
MSFT,2025-07-29,508.50823974609375,0.000137,1.0329,0.1131,6.4003,0.7963,0.000137,0,0.1103
MSFT,2025-07-30,509.17291259765625,0.001307,1.6218,0.1034,6.4044,0.8007,0.001307,0,0.0545
MSFT,2025-07-31,529.2723388671875,0.039475,2.8627,0.1668,8.9381,1.2991,0.039475,1,-0.1116
MSFT,2025-08-01,519.956787109375,-0.017601,1.543,0.1778,9.3583,0.9413,0.017601,0,0.0574
MSFT,2025-08-04,531.3955078125,0.021999,1.3101,0.1896,9.6919,1.1186,0.021999,0,0.0587
MSFT,2025-08-05,523.5679931640625,-0.01473,0.9724,0.1998,9.7125,0.8792,0.01473,0,0.124
MSFT,2025-08-06,520.7802124023438,-0.005325,1.0759,0.1977,9.5623,0.7791,0.005325,0,0.1559
MSFT,2025-08-07,516.7127685546875,-0.00781,0.8109,0.1997,9.6261,0.6594,0.00781,0,0.1634
MSFT,2025-08-08,517.9031982421875,0.002304,0.7851,0.1996,9.3106,0.6701,0.002304,0,0.1721
MSFT,2025-08-11,517.6353759765625,-0.000517,1.0002,0.1996,9.2032,0.6443,0.000517,0,0.161
MSFT,2025-08-12,525.046142578125,0.014317,0.9161,0.2041,9.1985,0.811,0.014317,0,0.145
MSFT,2025-08-13,516.454833984375,-0.016363,0.9524,0.2145,9.4861,0.5632,0.016363,0,0.1442
MSFT,2025-08-14,518.3397216796875,0.00365,0.9774,0.2111,9.2202,0.6022,0.00365,0,0.1743
MSFT,2025-08-15,516.0480346679688,-0.004421,1.2042,0.2115,9.0591,0.5235,0.004421,0,0.1595
MSFT,2025-08-18,513.0023193359375,-0.005902,1.1091,0.2129,9.0356,0.4221,0.005902,0,0.1681
MSFT,2025-08-19,505.7304382324219,-0.014175,0.9852,0.2166,8.996,0.1829,0.014175,0,0.156
MSFT,2025-08-20,501.7125549316406,-0.007945,1.2393,0.2186,8.8183,0.0576,0.007945,0,0.1446
MSFT,2025-08-21,501.0666198730469,-0.001287,0.8202,0.2156,8.537,0.0699,0.001287,0,0.1419
MSFT,2025-08-22,504.037841796875,0.00593,1.0694,0.2157,8.5177,0.1779,0.00593,0,0.16
MSFT,2025-08-25,501.0865173339844,-0.005855,0.9362,0.2165,8.1982,0.123,0.005855,0,0.1652
MSFT,2025-08-26,498.8804626464844,-0.004403,1.2939,0.2169,8.0718,0.1014,0.004403,0,0.1423
MSFT,2025-08-27,503.5509033203125,0.009362,0.7391,0.2198,8.0198,0.2351,0.009362,0,0.1552
MSFT,2025-08-28,506.4326477050781,0.005723,0.8304,0.164,7.8438,0.3268,0.005723,0,0.1726
MSFT,2025-08-29,503.501220703125,-0.005788,0.9843,0.1543,7.649,0.2727,0.005788,0,0.1639
MSFT,2025-09-02,501.9410705566406,-0.003099,0.8659,0.1268,7.8039,0.2464,0.003099,0,0.1469
MSFT,2025-09-03,502.1696166992187,0.000455,0.7861,0.1191,7.6348,0.2745,0.000455,0,0.1218
MSFT,2025-09-04,504.7731628417969,0.005185,0.7565,0.1211,7.4443,0.372,0.005185,0,0.145
MSFT,2025-09-05,491.8847961425781,-0.025533,1.5023,0.1469,8.3038,0.0383,0.025533,0,0.0466
MSFT,2025-09-08,495.0646667480469,0.006465,0.7852,0.1494,8.1507,0.1683,0.006465,0,0.1427
MSFT,2025-09-09,495.2733154296875,0.000421,0.684,0.1495,7.8915,0.2043,0.000421,0,0.1313
MSFT,2025-09-10,497.2209777832031,0.003933,1.0186,0.1385,7.7899,0.2697,0.003933,0,0.1637
MSFT,2025-09-11,497.8569641113281,0.001279,0.8915,0.1292,7.6089,0.3101,0.001279,0,0.1513
MSFT,2025-09-12,506.6910095214844,0.017744,1.1067,0.1457,7.8845,0.6858,0.017744,0,0.1181
MSFT,2025-09-15,512.1166381835938,0.010708,0.8185,0.151,7.9225,0.9642,0.010708,0,0.1451
MSFT,2025-09-16,505.83642578125,-0.012263,0.9504,0.1557,7.9692,0.7085,0.012263,0,0.1493
MSFT,2025-09-17,506.8102416992187,0.001925,0.7731,0.1474,7.7804,0.7538,0.001925,0,0.1723
MSFT,2025-09-18,505.2501220703125,-0.003078,0.9448,0.1449,7.6087,0.6622,0.003078,0,0.1699
MSFT,2025-09-19,514.6704711914062,0.018645,2.416,0.1584,7.8353,1.0283,0.018645,0,0.0
MSFT,2025-09-22,511.21240234375,-0.006719,0.9305,0.16,7.6582,0.8406,0.006719,0,0.1649
MSFT,2025-09-23,506.0252380371094,-0.010147,0.9247,0.163,7.6279,0.6119,0.010147,0,0.1644
MSFT,2025-09-24,506.9394226074219,0.001807,0.6587,0.162,7.4777,0.6344,0.001807,0,0.1602
MSFT,2025-09-25,503.8390808105469,-0.006116,0.7711,0.1605,7.3063,0.5027,0.006116,0,0.1584
MSFT,2025-09-26,508.2411804199219,0.008737,0.7955,0.1623,7.304,0.6832,0.008737,0,0.1579
MSFT,2025-09-29,511.3614196777344,0.006139,0.8715,0.162,7.348,0.7864,0.006139,0,0.1732
MSFT,2025-09-30,514.6903686523438,0.00651,0.9721,0.1625,7.4264,0.8715,0.00651,0,0.1665
MSFT,2025-10-01,516.4392700195312,0.003398,1.0982,0.1626,7.522,0.8847,0.003398,0,0.1577
MSFT,2025-10-02,512.4942626953125,-0.007639,1.0157,0.165,7.7598,0.7257,0.007639,0,0.1724
MSFT,2025-10-03,514.0940551757812,0.003122,0.7537,0.1325,7.5952,0.7649,0.003122,0,0.1599
MSFT,2025-10-06,525.2435302734375,0.021688,1.0546,0.1489,8.0237,1.0833,0.021688,0,0.0718
MSFT,2025-10-07,520.682373046875,-0.008684,0.7202,0.1544,8.044,0.8921,0.008684,0,0.1396
MSFT,2025-10-08,521.5469360351562,0.00166,0.6722,0.1544,7.7434,0.8913,0.00166,0,0.1494
MSFT,2025-10-09,519.1123657226562,-0.004668,0.924,0.1564,7.7191,0.7836,0.004668,0,0.1727
MSFT,2025-10-10,507.7443237304687,-0.021899,1.2141,0.1669,8.1579,0.316,0.021899,0,0.1042
MSFT,2025-10-13,510.8149108886719,0.006048,0.7238,0.1638,7.962,0.4451,0.006048,0,0.1679
MSFT,2025-10-14,510.337890625,-0.000934,0.7537,0.1574,8.052,0.4139,0.000934,0,0.1601
MSFT,2025-10-15,510.1988220214844,-0.000273,0.7564,0.1573,7.9872,0.3988,0.000273,0,0.1534
MSFT,2025-10-16,508.3902282714844,-0.003545,0.8079,0.1575,8.0356,0.3086,0.003545,0,0.168
MSFT,2025-10-17,510.3478698730469,0.003851,1.127,0.1428,8.0415,0.4051,0.003851,0,0.154
MSFT,2025-10-20,513.5376586914062,0.00625,0.8447,0.1426,7.8412,0.5414,0.00625,0,0.1702
MSFT,2025-10-21,514.4021606445312,0.001683,0.9087,0.1372,7.6821,0.5636,0.001683,0,0.1663
MSFT,2025-10-22,517.2639770507812,0.005563,1.0884,0.1382,7.6707,0.6755,0.005563,0,0.1634
MSFT,2025-10-23,517.283935546875,3.9e-05,0.809,0.1356,7.5018,0.6586,3.9e-05,0,0.1433
MSFT,2025-10-24,520.3147583007812,0.005859,0.8978,0.1339,7.306,0.7857,0.005859,0,0.1619
MSFT,2025-10-27,528.1749877929688,0.015107,1.0794,0.1419,7.5628,1.0604,0.015107,0,0.1028
MSFT,2025-10-28,538.6585083007812,0.019849,1.6781,0.1552,8.5983,1.219,0.019849,0,0.0208
MSFT,2025-10-29,538.1417846679688,-0.000959,1.9431,0.1556,8.6613,1.0644,0.000959,0,0.0415
MSFT,2025-10-30,522.4512329101562,-0.029157,2.1006,0.1887,9.4217,0.6127,0.029157,0,0.0193
MSFT,2025-10-31,514.5512084960938,-0.015121,1.661,0.1969,9.7581,0.3901,0.015121,0,0.1008
MSFT,2025-11-03,513.776123046875,-0.001506,1.0902,0.1797,9.7971,0.3833,0.001506,0,0.1506
MSFT,2025-11-04,511.0931091308594,-0.005222,1.0057,0.1781,9.7496,0.3227,0.005222,0,0.1631
MSFT,2025-11-05,503.96826171875,-0.01394,1.0798,0.1837,9.6388,0.1635,0.01394,0,0.1408
MSFT,2025-11-06,493.9715576171875,-0.019836,1.2585,0.1946,9.7559,-0.0035,0.019836,0,0.1034
MSFT,2025-11-07,493.6933288574219,-0.000563,1.1033,0.1805,9.4942,0.0472,0.000563,0,0.1168
MSFT,2025-11-10,502.8155822753906,0.018478,1.1672,0.1922,9.5279,0.2594,0.018478,0,0.1215
MSFT,2025-11-11,505.4786682128906,0.005296,0.7982,0.1934,9.362,0.323,0.005296,0,0.1716
MSFT,2025-11-12,507.9231872558594,0.004836,1.1494,0.1943,9.5841,0.3771,0.004836,0,0.1566
MSFT,2025-11-13,500.12261962890625,-0.015358,1.0706,0.2014,9.7661,0.2305,0.015358,0,0.1423
MSFT,2025-11-14,506.96923828125,0.01369,1.1859,0.2074,10.0736,0.3736,0.01369,0,0.1385
MSFT,2025-11-17,504.2961730957031,-0.005273,0.787,0.2066,9.8658,0.3311,0.005273,0,0.1683
MSFT,2025-11-18,490.6824035644531,-0.026996,1.3434,0.2261,10.6311,0.112,0.026996,0,0.0799
MSFT,2025-11-19,484.0543823242187,-0.013508,0.9157,0.2275,10.749,0.0606,0.013508,0,0.1279
MSFT,2025-11-20,476.3088684082031,-0.016001,1.0299,0.2316,11.2662,0.0187,0.016001,0,0.1067
MSFT,2025-11-21,470.0268249511719,-0.013189,1.1838,0.2306,11.2189,0.0133,0.013189,0,0.1119
MSFT,2025-11-24,471.8985290527344,0.003982,1.2462,0.221,11.049,0.092,0.003982,0,0.1116
MSFT,2025-11-25,474.8752136230469,0.006308,1.0181,0.205,11.2738,0.1544,0.006308,0,0.1219
MSFT,2025-11-26,483.3475036621094,0.017841,0.952,0.2216,11.2735,0.2858,0.017841,0,0.1026
MSFT,2025-11-28,489.82867431640625,0.013409,0.5604,0.212,10.9753,0.4098,0.013409,0,0.0941
MSFT,2025-12-01,484.5820007324219,-0.010711,0.952,0.2093,10.7148,0.3375,0.010711,0,0.1514
MSFT,2025-12-02,487.82757568359375,0.006698,0.7815,0.212,10.46,0.4153,0.006698,0,0.1514
MSFT,2025-12-03,475.6119689941406,-0.025041,1.3461,0.2265,10.7653,0.2057,0.025041,0,0.0868
MSFT,2025-12-04,478.7081604003906,0.00651,0.8691,0.2257,10.3398,0.2896,0.00651,0,0.1631
MSFT,2025-12-05,481.0178833007813,0.004825,0.8887,0.2173,9.9227,0.3501,0.004825,0,0.1712
MSFT,2025-12-08,488.8430480957031,0.016268,0.867,0.2261,9.8639,0.5117,0.016268,0,0.1363
MSFT,2025-12-09,489.8385925292969,0.002037,0.5934,0.2151,9.4168,0.5466,0.002037,0,0.1479
MSFT,2025-12-10,476.4382629394531,-0.027357,1.3937,0.2325,9.9488,0.2872,0.027357,0,0.0859
MSFT,2025-12-11,481.3265075683594,0.01026,0.9652,0.2357,9.9613,0.4145,0.01026,0,0.1545
MSFT,2025-12-12,476.4084167480469,-0.010218,0.8379,0.2327,9.7569,0.3142,0.010218,0,0.1627
MSFT,2025-12-15,472.7148742675781,-0.007753,0.9446,0.2254,9.6431,0.2234,0.007753,0,0.1703
MSFT,2025-12-16,474.2779235839844,0.003307,0.8216,0.2265,9.4528,0.2675,0.003307,0,0.1685
MSFT,2025-12-17,474.0090942382813,-0.000567,0.9916,0.208,9.1331,0.2783,0.000567,0,0.1599
MSFT,2025-12-18,481.8342590332031,0.016508,1.1428,0.2126,9.4393,0.5941,0.016508,0,0.1364
MSFT,2025-12-19,483.7656555175781,0.004008,2.6039,0.2045,9.1463,0.656,0.004008,0,0.0345
MSFT,2025-12-22,482.7701110839844,-0.002058,0.641,0.198,8.9225,0.5973,0.002058,0,0.1605
MSFT,2025-12-23,484.6915588378906,0.00398,0.5764,0.198,8.5049,0.6604,0.00398,0,0.1537
MSFT,2025-12-24,485.8563232421875,0.002403,0.2403,0.1972,8.2053,0.6919,0.002403,0,0.1163
MSFT,2025-12-26,485.5477294921875,-0.000635,0.3759,0.1872,7.7728,0.6709,0.000635,0,0.1183
MSFT,2025-12-29,484.9404296875,-0.001251,0.4665,0.1807,7.5142,0.6625,0.001251,0,0.1361
MSFT,2025-12-30,485.3187561035156,0.00078,0.6103,0.1766,7.2747,0.678,0.00078,0,0.1414
MSFT,2025-12-31,481.4758605957031,-0.007918,0.6888,0.1771,7.0992,0.5102,0.007918,0,0.1441
MSFT,2026-01-02,470.84320068359375,-0.022083,1.1519,0.1719,7.6233,0.0294,0.022083,0,0.0854
MSFT,2026-01-05,470.7536010742187,-0.00019,1.13,0.1699,7.546,0.0789,0.00019,0,0.12
MSFT,2026-01-06,476.3885192871094,0.01197,1.03,0.1749,7.6463,0.3311,0.01197,0,0.1516
MSFT,2026-01-07,481.3265075683594,0.010365,1.1338,0.1685,7.9357,0.558,0.010365,0,0.159
MSFT,2026-01-08,475.9902648925781,-0.011087,0.7994,0.1721,7.91,0.3383,0.011087,0,0.1616
MSFT,2026-01-09,477.1550903320313,0.002447,0.846,0.1423,7.8869,0.3925,0.002447,0,0.1677
MSFT,2026-01-12,475.06439208984375,-0.004382,1.0789,0.1379,7.7011,0.3086,0.004382,0,0.1599
MSFT,2026-01-13,468.5832824707031,-0.013643,1.2879,0.1416,7.9496,0.0574,0.013643,0,0.1062
MSFT,2026-01-14,457.3433532714844,-0.023987,1.2589,0.1624,8.3418,-0.2,0.023987,0,0.0335
MSFT,2026-01-15,454.6354064941406,-0.005921,1.0316,0.162,8.3397,-0.1202,0.005921,0,0.1119
MSFT,2026-01-16,457.8211975097656,0.007007,1.489,0.1651,8.2212,0.0399,0.007007,0,0.1129
MSFT,2026-01-20,452.5048522949219,-0.011612,1.1422,0.1538,8.3863,0.0031,0.011612,0,0.1188
MSFT,2026-01-21,442.1409912109375,-0.022903,1.7886,0.1665,8.9137,-0.0821,0.022903,0,0.043
MSFT,2026-01-22,449.1398620605469,0.01583,1.1707,0.1813,8.8978,0.1069,0.01583,0,0.1123
MSFT,2026-01-23,463.8841857910156,0.032828,1.6652,0.2216,9.7251,0.3898,0.032828,0,0.0269
MSFT,2026-01-26,468.1949768066406,0.009293,1.2209,0.2248,9.9015,0.4854,0.009293,0,0.1488
MSFT,2026-01-27,478.4493408203125,0.021902,1.1681,0.24,10.0896,0.6957,0.021902,0,0.1068
MSFT,2026-01-28,479.4946594238281,0.002185,1.4016,0.2402,9.7771,0.7276,0.002185,0,0.1282
MSFT,2026-01-29,431.57806396484375,-0.099931,4.0198,0.4268,13.3888,-0.104,0.099931,1,-0.2083
MSFT,2026-01-30,428.3822937011719,-0.007405,1.7123,0.4268,13.3676,-0.0458,0.007405,1,-0.0064
MSFT,2026-02-02,421.4929809570313,-0.016082,1.2051,0.4242,13.0165,-0.0353,0.016082,0,0.0278
MSFT,2026-02-03,409.3868713378906,-0.028722,1.6671,0.4318,13.1399,-0.0637,0.028722,1,-0.0205
MSFT,2026-02-04,412.3536987304687,0.007247,1.1863,0.4294,12.9523,0.0458,0.007247,0,0.0391
MSFT,2026-02-05,391.9246520996094,-0.049543,1.6581,0.4498,13.5823,-0.0561,0.049543,1,-0.0927
MSFT,2026-02-06,399.3615417480469,0.018975,1.2819,0.4612,13.2429,0.0772,0.018975,0,0.0164
MSFT,2026-02-09,411.7662963867187,0.031061,1.0553,0.4808,13.294,0.2193,0.031061,1,-0.005
MSFT,2026-02-10,411.437744140625,-0.000798,1.0157,0.4812,13.1252,0.2427,0.000798,0,0.0492
MSFT,2026-02-11,402.5771789550781,-0.021536,0.9472,0.4835,13.2864,0.1949,0.021536,0,0.0376
MSFT,2026-02-12,400.0584106445313,-0.006257,0.8969,0.4794,12.9198,0.2051,0.006257,0,0.0659
MSFT,2026-02-13,399.5407409667969,-0.001294,0.7406,0.4797,12.5296,0.2296,0.001294,0,0.067
MSFT,2026-02-17,395.1004943847656,-0.011113,0.6985,0.4775,12.1174,0.2211,0.011113,0,0.0664
MSFT,2026-02-18,397.8283386230469,0.006904,0.5073,0.4796,11.6957,0.2689,0.006904,0,0.0432
MSFT,2026-02-19,397.5988464355469,-0.000577,0.6234,0.4757,11.4133,0.2883,0.000577,0,0.0583
MSFT,2026-02-20,396.37152099609375,-0.003087,0.7439,0.4695,10.9516,0.2993,0.003087,0,0.0821
MSFT,2026-02-23,383.6390686035156,-0.032123,0.9402,0.455,11.1765,0.2162,0.032123,0,0.0099
MSFT,2026-02-24,388.1593017578125,0.011783,0.7331,0.4564,10.9234,0.2736,0.011783,0,0.0742
MSFT,2026-02-25,399.7342224121094,0.02982,0.9294,0.4643,11.0319,0.4029,0.02982,0,0.0145
MSFT,2026-02-26,400.851806640625,0.002796,0.7349,0.4645,10.8676,0.4381,0.002796,0,0.0877
MSFT,2026-02-27,391.8912048339844,-0.022354,1.1962,0.3216,10.9352,0.2706,0.022354,0,0.0869
MSFT,2026-03-02,397.6886291503906,0.014793,0.849,0.3286,10.9068,0.4243,0.014793,0,0.1183
MSFT,2026-03-03,403.0570068359375,0.013499,0.9186,0.3304,11.1277,0.6156,0.013499,0,0.1294
MSFT,2026-03-04,404.32427978515625,0.003144,0.8884,0.3152,11.0969,0.6711,0.003144,0,0.1391
MSFT,2026-03-05,409.79241943359375,0.013524,0.9749,0.318,10.8182,0.8713,0.013524,0,0.1129
MSFT,2026-03-06,408.0761413574219,-0.004188,0.8138,0.26,10.369,0.7813,0.004188,0,0.1479
MSFT,2026-03-09,408.5251770019531,0.0011,0.8127,0.2523,10.1066,0.7716,0.0011,0,0.1485
MSFT,2026-03-10,404.8830871582031,-0.008915,0.8713,0.2284,9.9029,0.6706,0.008915,0,0.162
MSFT,2026-03-11,404.0049743652344,-0.002169,0.7203,0.2285,9.7244,0.663,0.002169,0,0.1634
MSFT,2026-03-12,400.9914855957031,-0.007459,0.7866,0.2167,9.3441,0.5525,0.007459,0,0.1718
MSFT,2026-03-13,394.6951293945313,-0.015702,0.7905,0.2228,9.4286,0.3264,0.015702,0,0.1427
MSFT,2026-03-16,399.0856323242187,0.011124,0.8243,0.2266,9.1714,0.4914,0.011124,0,0.1573
MSFT,2026-03-17,398.5467834472656,-0.00135,0.7864,0.2228,8.9903,0.4645,0.00135,0,0.1685
MSFT,2026-03-18,390.9432678222656,-0.019078,0.7737,0.2319,8.9475,0.2021,0.019078,0,0.13
MSFT,2026-03-19,388.1792297363281,-0.00707,0.7542,0.233,8.6954,0.1408,0.00707,0,0.1585
MSFT,2026-03-20,381.0447082519531,-0.018379,1.4881,0.2409,8.7087,-0.0083,0.018379,0,0.102
MSFT,2026-03-23,382.1722717285156,0.002959,0.8861,0.213,8.4808,0.0357,0.002959,0,0.1495
MSFT,2026-03-24,371.9344177246094,-0.026789,1.2592,0.2279,8.6697,-0.1247,0.026789,0,0.0652
MSFT,2026-03-25,370.2381286621094,-0.004561,0.936,0.1944,8.58,-0.0428,0.004561,0,0.145
MSFT,2026-03-26,365.1790771484375,-0.013664,1.1017,0.1958,8.6464,-0.0333,0.013664,0,0.134
MSFT,2026-03-27,355.9989318847656,-0.025139,1.1563,0.1994,8.7031,-0.0675,0.025139,0,0.0784
MSFT,2026-03-30,358.1842041015625,0.006138,1.3482,0.1903,8.7286,0.0449,0.006138,0,0.1286
MSFT,2026-03-31,369.3699951171875,0.031229,1.3473,0.2212,9.0987,0.2335,0.031229,0,0.0449
MSFT,2026-04-01,368.57171630859375,-0.002161,0.8844,0.2197,8.8614,0.2489,0.002161,0,0.1704
MSFT,2026-04-02,372.6528625488281,0.011073,0.7411,0.2172,8.9049,0.3259,0.011073,0,0.1558
MSFT,2026-04-06,372.0741271972656,-0.001553,0.5083,0.2174,8.5703,0.3369,0.001553,0,0.1401
MSFT,2026-04-07,371.48541259765625,-0.001582,0.6844,0.2167,8.4086,0.3469,0.001582,0,0.1603
MSFT,2026-04-08,373.52099609375,0.00548,1.053,0.219,8.7766,0.3984,0.00548,0,0.1698
MSFT,2026-04-09,372.26373291015625,-0.003366,0.9617,0.2189,8.6686,0.396,0.003366,0,0.1734
MSFT,2026-04-10,370.0684814453125,-0.005897,0.8871,0.2186,8.4492,0.3739,0.005897,0,0.178
MSFT,2026-04-13,383.539306640625,0.036401,1.1124,0.2564,8.82,0.6658,0.036401,0,0.0338
MSFT,2026-04-14,392.2604064941406,0.022738,1.1496,0.2669,8.9256,0.8793,0.022738,0,0.0978
MSFT,2026-04-15,410.3312683105469,0.046069,1.3426,0.3143,9.8033,1.1807,0.046069,1,-0.0601
MSFT,2026-04-16,419.3517456054687,0.021983,1.2123,0.3122,9.7873,1.1711,0.021983,0,0.038
MSFT,2026-04-17,421.8762817382813,0.00602,1.3672,0.3097,9.8951,1.0808,0.00602,0,0.0727
MSFT,2026-04-20,417.1664733886719,-0.011164,0.8028,0.3037,9.6893,0.9468,0.011164,0,0.1046
MSFT,2026-04-21,423.2433166503906,0.014567,0.9296,0.3056,9.7085,0.9497,0.014567,0,0.1121
MSFT,2026-04-22,431.984375,0.020653,0.8689,0.2852,9.73,0.9651,0.020653,0,0.0948
MSFT,2026-04-23,414.8514709472656,-0.039661,1.1212,0.329,10.5681,0.7639,0.039661,0,0.0046
MSFT,2026-04-24,423.7023010253906,0.021335,0.8148,0.3248,10.4689,0.8153,0.021335,0,0.0871
MSFT,2026-04-27,423.9018859863281,0.000471,0.9257,0.3025,10.4367,0.7889,0.000471,0,0.1287
MSFT,2026-04-28,428.3222961425781,0.010428,0.9329,0.3023,10.2629,0.8032,0.010428,0,0.1347
MSFT,2026-04-29,423.5426330566406,-0.011159,1.1861,0.2987,10.1684,0.7313,0.011159,0,0.1226
MSFT,2026-04-30,406.8987121582031,-0.039297,2.064,0.3401,11.3273,0.5452,0.039297,1,-0.0358
MSFT,2026-05-01,413.5443115234375,0.016332,0.9036,0.3418,11.1832,0.5984,0.016332,0,0.1117
MSFT,2026-05-04,412.72607421875,-0.001979,0.7948,0.3419,11.0957,0.5708,0.001979,0,0.1299
MSFT,2026-05-05,410.4909362792969,-0.005416,0.7234,0.3432,10.8719,0.5232,0.005416,0,0.1298
MSFT,2026-05-06,413.0653381347656,0.006272,0.8558,0.3433,11.044,0.5341,0.006272,0,0.1353
MSFT,2026-05-07,419.8606262207031,0.016451,0.9811,0.3439,11.2544,0.6118,0.016451,0,0.1081
MSFT,2026-05-08,414.2228393554687,-0.013428,0.9305,0.3484,10.9331,0.4777,0.013428,0,0.1206
MSFT,2026-05-11,411.7681579589844,-0.005926,0.994,0.3312,10.8378,0.3601,0.005926,0,0.1379
MSFT,2026-05-12,406.8887023925781,-0.01185,1.0742,0.3276,10.6952,0.1265,0.01185,0,0.1211
MSFT,2026-05-13,404.3342590332031,-0.006278,0.8438,0.2841,10.4116,0.0725,0.006278,0,0.1289
MSFT,2026-05-14,408.5451354980469,0.010414,0.7865,0.2748,10.4491,0.2393,0.010414,0,0.1347
MSFT,2026-05-15,421.0081481933594,0.030506,1.4699,0.2962,11.0384,0.6473,0.030506,0,0.0375
MSFT,2026-05-18,422.6246643066406,0.00384,0.936,0.2934,10.9278,0.6883,0.00384,0,0.138
MSFT,2026-05-19,416.5178833007813,-0.01445,0.9478,0.2934,11.3026,0.5026,0.01445,0,0.1167
MSFT,2026-05-20,420.1499938964844,0.00872,0.8016,0.2849,11.265,0.6592,0.00872,0,0.1296
MSFT,2026-05-21,419.0899963378906,-0.002523,0.9122,0.2463,11.2196,0.6116,0.002523,0,0.139
MSFT,2026-05-22,418.5700073242187,-0.001241,0.6554,0.2339,10.9947,0.6051,0.001241,0,0.1322
MSFT,2026-05-26,416.0299987792969,-0.006068,0.8904,0.2347,10.6915,0.5246,0.006068,0,0.1522
MSFT,2026-05-27,412.6700134277344,-0.008076,0.8485,0.2321,10.3885,0.4116,0.008076,0,0.1612
MSFT,2026-05-28,426.989990234375,0.034701,1.3692,0.2625,10.8479,1.0191,0.034701,0,0.0114
MSFT,2026-05-29,450.239990234375,0.054451,2.2792,0.2839,11.7402,1.3656,0.054451,1,-0.1419
MSFT,2026-06-01,460.5199890136719,0.022832,1.4872,0.2882,12.0502,1.2558,0.022832,1,-0.0201
MSFT,2026-06-02,441.30999755859375,-0.041714,1.0145,0.333,12.6245,0.8575,0.041714,1,-0.036
MSFT,2026-06-03,427.3399963378906,-0.031656,1.0501,0.3547,12.9413,0.601,0.031656,0,0.0164
MSFT,2026-06-04,428.0499877929687,0.001661,0.7269,0.3544,12.7126,0.6009,0.001661,0,0.085
MSFT,2026-06-05,416.6700134277344,-0.026586,0.9401,0.3639,12.881,0.4031,0.026586,0,0.0378
MSFT,2026-06-08,411.739990234375,-0.011832,0.8688,0.3632,12.5752,0.3196,0.011832,0,0.0922
MSFT,2026-06-09,403.4100036621094,-0.020231,0.9567,0.3698,12.6413,0.1906,0.020231,0,0.0732
MSFT,2026-06-10,397.3599853515625,-0.014997,0.8897,0.3712,12.3012,0.1129,0.014997,0,0.0805
MSFT,2026-06-11,390.3399963378906,-0.017667,1.2595,0.3755,12.3768,0.0424,0.017667,0,0.0508
MSFT,2026-06-12,390.739990234375,0.001025,0.9204,0.373,12.1692,0.09,0.001025,0,0.0743
MSFT,2026-06-15,399.760009765625,0.023084,0.8731,0.3653,12.0864,0.2413,0.023084,0,0.0581
MSFT,2026-06-16,393.8299865722656,-0.014834,0.8537,0.3671,11.8709,0.1927,0.014834,0,0.0936
MSFT,2026-06-17,378.9100036621094,-0.037884,1.1241,0.3856,12.2023,0.0627,0.037884,1,-0.0036
MSFT,2026-06-18,379.3999938964844,0.001293,1.5333,0.3831,11.9086,0.1196,0.001293,0,0.043
NVDA,2024-07-19,117.73594665527344,-0.026096,0.7059,0.5614,5.7087,0.0752,0.026096,0,0.0773
NVDA,2024-07-22,123.3367156982422,0.047571,0.8955,0.5804,5.7461,0.4015,0.047571,0,0.0726
NVDA,2024-07-23,122.38826751708984,-0.00769,0.6369,0.5263,5.4702,0.3242,0.00769,0,0.1078
NVDA,2024-07-24,114.06200408935548,-0.068032,1.2197,0.5236,5.7852,-0.0499,0.068032,0,0.0
NVDA,2024-07-25,112.09523010253906,-0.017243,1.6815,0.5249,6.1687,-0.0333,0.017243,0,0.0502
NVDA,2024-07-26,112.87395477294922,0.006947,1.0644,0.524,6.0386,0.0671,0.006947,0,0.1065
NVDA,2024-07-29,111.40638732910156,-0.013002,0.9114,0.5249,5.9505,0.0714,0.013002,0,0.1173
NVDA,2024-07-30,103.55931854248048,-0.070436,1.7241,0.5725,6.2351,-0.0753,0.070436,1,-0.032
NVDA,2024-07-31,116.8274383544922,0.128121,1.6034,0.7492,6.9103,0.3526,0.128121,1,-0.1021
NVDA,2024-08-01,109.03028869628906,-0.066741,1.6859,0.7618,7.4244,0.1526,0.066741,1,-0.0094
NVDA,2024-08-02,107.0934829711914,-0.017764,1.4883,0.7615,7.4563,0.1409,0.017764,0,0.0464
NVDA,2024-08-05,100.2847137451172,-0.063578,1.6277,0.7806,8.173,0.0278,0.063578,1,-0.0328
NVDA,2024-08-06,104.07845306396484,0.03783,1.1827,0.7898,8.1006,0.1627,0.03783,0,0.02
NVDA,2024-08-07,98.74723815917967,-0.051223,1.1624,0.7897,8.2554,0.0638,0.051223,0,0.002
NVDA,2024-08-08,104.79727172851562,0.061268,1.1046,0.8169,8.2332,0.2498,0.061268,1,-0.024
NVDA,2024-08-09,104.57763671875,-0.002096,0.8153,0.8129,7.8441,0.2646,0.002096,0,0.0475
NVDA,2024-08-12,108.84061431884766,0.040764,0.8979,0.8321,7.727,0.4063,0.040764,0,0.066
NVDA,2024-08-13,115.94889068603516,0.065309,0.8508,0.8694,7.6868,0.6585,0.065309,1,-0.0106
NVDA,2024-08-14,117.88570404052734,0.016704,0.9296,0.8385,7.4475,0.7245,0.016704,0,0.0826
NVDA,2024-08-15,122.6578369140625,0.040481,0.872,0.8456,7.3204,0.8779,0.040481,0,0.0439
NVDA,2024-08-16,124.375,0.014,0.8199,0.8398,7.0573,0.9011,0.014,0,0.0698
NVDA,2024-08-19,129.78607177734375,0.043506,0.8556,0.8371,7.0208,1.0224,0.043506,0,0.0171
NVDA,2024-08-20,127.04061126708984,-0.021154,0.7931,0.841,6.8035,0.9171,0.021154,0,0.0608
NVDA,2024-08-21,128.28855895996094,0.009823,0.6879,0.7978,6.4976,0.9008,0.009823,0,0.0735
NVDA,2024-08-22,123.53638458251952,-0.037043,1.0148,0.8089,6.582,0.7536,0.037043,0,0.0686
NVDA,2024-08-23,129.15711975097656,0.045499,0.8685,0.8209,6.528,0.8546,0.045499,0,0.0463
NVDA,2024-08-26,126.25191497802734,-0.022494,0.882,0.8248,6.5538,0.7595,0.022494,0,0.0952
NVDA,2024-08-27,128.08889770507812,0.01455,0.8256,0.7717,6.4625,0.7735,0.01455,0,0.0953
NVDA,2024-08-28,125.40330505371094,-0.020967,1.2246,0.6446,6.4051,0.6974,0.020967,0,0.098
NVDA,2024-08-29,117.39649963378906,-0.063848,1.25,0.6404,6.5867,0.5043,0.063848,0,0.0309
NVDA,2024-08-30,119.17357635498048,0.015137,0.9402,0.6359,6.4358,0.5324,0.015137,0,0.1332
NVDA,2024-09-03,107.82228088378906,-0.09525,1.3586,0.6896,6.8463,0.2394,0.09525,1,-0.0575
NVDA,2024-09-04,106.03522491455078,-0.016574,1.0661,0.6818,7.013,0.1877,0.016574,0,0.0971
NVDA,2024-09-05,107.03358459472656,0.009415,0.8916,0.6526,6.858,0.179,0.009415,0,0.1082
NVDA,2024-09-06,102.6607894897461,-0.040854,1.1981,0.6359,6.882,0.0703,0.040854,0,0.0717
NVDA,2024-09-09,106.2947998046875,0.035398,0.7953,0.6483,6.6521,0.1613,0.035398,0,0.0765
NVDA,2024-09-10,107.92211151123048,0.015309,0.7855,0.6341,6.4919,0.2087,0.015309,0,0.1098
NVDA,2024-09-11,116.7176284790039,0.081499,1.2686,0.6582,6.7281,0.4467,0.081499,1,-0.0133
NVDA,2024-09-12,118.95413208007812,0.019162,1.0479,0.659,6.6321,0.5061,0.019162,0,0.1227
NVDA,2024-09-13,118.9141845703125,-0.000336,0.6903,0.6425,6.3231,0.5102,0.000336,0,0.1004
NVDA,2024-09-16,116.59780883789062,-0.019479,0.7261,0.6433,6.2082,0.457,0.019479,0,0.1202
NVDA,2024-09-17,115.40966033935548,-0.01019,0.6855,0.6203,6.0463,0.4413,0.01019,0,0.1199
NVDA,2024-09-18,113.19312286376952,-0.019206,0.9159,0.6197,5.9329,0.394,0.019206,0,0.1305
NVDA,2024-09-19,117.68611145019533,0.039693,0.8617,0.638,5.9579,0.5465,0.039693,0,0.1014
NVDA,2024-09-20,115.81903076171876,-0.015865,1.1219,0.6275,5.7611,0.4998,0.015865,0,0.1135
NVDA,2024-09-23,116.07862091064452,0.002241,0.6155,0.602,5.4995,0.532,0.002241,0,0.1003
NVDA,2024-09-24,120.68143463134766,0.039653,1.0558,0.6177,5.565,0.7154,0.039653,0,0.0951
NVDA,2024-09-25,123.31731414794922,0.021842,0.8491,0.6208,5.4571,0.844,0.021842,0,0.1073
NVDA,2024-09-26,123.8464813232422,0.004291,0.9225,0.6165,5.4861,0.876,0.004291,0,0.1043
NVDA,2024-09-27,121.21060180664062,-0.021283,0.8498,0.5751,5.4348,0.7551,0.021283,0,0.1117
NVDA,2024-09-30,121.25054931640624,0.00033,0.7225,0.5731,5.2848,0.749,0.00033,0,0.0922
NVDA,2024-10-01,116.81746673583984,-0.036561,0.9911,0.4703,5.382,0.5603,0.036561,0,0.1144
NVDA,2024-10-02,118.6645736694336,0.015812,0.7463,0.4652,5.2996,0.6162,0.015812,0,0.1446
NVDA,2024-10-03,122.65834045410156,0.033656,0.9369,0.4754,5.3141,0.7636,0.033656,0,0.1214
NVDA,2024-10-04,124.72510528564452,0.01685,0.8482,0.4408,5.1628,0.8574,0.01685,0,0.1469
NVDA,2024-10-07,127.52073669433594,0.022414,1.1902,0.4333,5.2021,0.9826,0.022414,0,0.1114
NVDA,2024-10-08,132.68267822265625,0.040479,0.9792,0.4467,5.2415,1.1688,0.040479,0,0.058
NVDA,2024-10-09,132.4430389404297,-0.001806,0.873,0.3615,5.0906,1.0376,0.001806,0,0.1134
NVDA,2024-10-10,134.59970092773438,0.016284,0.8785,0.3603,5.012,1.025,0.016284,0,0.1306
NVDA,2024-10-11,134.5897216796875,-7.4e-05,0.6248,0.3602,4.8046,0.9491,7.4e-05,0,0.0827
NVDA,2024-10-14,137.8546142578125,0.024258,0.8555,0.3518,4.8038,0.9831,0.024258,0,0.1124
NVDA,2024-10-15,131.3946990966797,-0.04686,1.3547,0.3988,5.1625,0.7399,0.04686,0,0.0531
NVDA,2024-10-16,135.5082550048828,0.031307,0.9575,0.3954,5.1532,0.8463,0.031307,0,0.1325
NVDA,2024-10-17,136.71636962890625,0.008915,1.1052,0.3788,5.1538,0.8469,0.008915,0,0.1543
NVDA,2024-10-18,137.78469848632812,0.007814,0.6596,0.3684,4.9257,0.8471,0.007814,0,0.1378
NVDA,2024-10-21,143.48580932617188,0.041377,0.9803,0.3847,4.9812,0.9742,0.041377,0,0.0879
NVDA,2024-10-22,143.36598205566406,-0.000835,0.8591,0.3712,4.8134,0.9126,0.000835,0,0.1248
NVDA,2024-10-23,139.34228515625,-0.028066,1.0851,0.39,4.9069,0.7604,0.028066,0,0.1179
NVDA,2024-10-24,140.19094848632812,0.00609,0.6707,0.3899,4.7623,0.7587,0.00609,0,0.1343
NVDA,2024-10-25,141.31918334960938,0.008048,0.8085,0.3758,4.6874,0.7661,0.008048,0,0.1582
NVDA,2024-10-28,140.30078125,-0.007206,0.6915,0.3788,4.5728,0.7133,0.007206,0,0.1405
NVDA,2024-10-29,141.02963256835938,0.005195,0.6464,0.3414,4.4857,0.7239,0.005195,0,0.1248
NVDA,2024-10-30,139.1226043701172,-0.013522,0.7423,0.3502,4.4819,0.6403,0.013522,0,0.1343
NVDA,2024-10-31,132.55287170410156,-0.047223,1.1189,0.3879,4.6776,0.3134,0.047223,0,0.0496
NVDA,2024-11-01,135.18875122070312,0.019885,0.8648,0.3894,4.668,0.4028,0.019885,0,0.1305
NVDA,2024-11-04,135.83773803710938,0.004801,0.8098,0.3835,4.5884,0.4031,0.004801,0,0.1347
NVDA,2024-11-05,139.6917266845703,0.028372,0.7125,0.3701,4.5687,0.646,0.028372,0,0.1
NVDA,2024-11-06,145.3828125,0.04074,1.0752,0.3932,4.7117,0.9764,0.04074,0,0.0793
NVDA,2024-11-07,148.64776611328125,0.022458,0.9282,0.3961,4.6119,1.0642,0.022458,0,0.0971
NVDA,2024-11-08,147.39967346191406,-0.008396,0.7855,0.3987,4.5328,0.9281,0.008396,0,0.1214
NVDA,2024-11-11,145.0333709716797,-0.016054,0.8245,0.3984,4.5856,0.7704,0.016054,0,0.1313
NVDA,2024-11-12,148.0586395263672,0.020859,0.9362,0.3566,4.5711,0.8978,0.020859,0,0.1396
NVDA,2024-11-13,146.04177856445312,-0.013622,0.9203,0.3503,4.4892,0.7605,0.013622,0,0.1426
NVDA,2024-11-14,146.531005859375,0.00335,0.9583,0.3499,4.4145,0.76,0.00335,0,0.1417
NVDA,2024-11-15,141.7584991455078,-0.03257,1.2105,0.3722,4.5757,0.4856,0.03257,0,0.0865
NVDA,2024-11-18,139.93133544921875,-0.012889,1.0819,0.3443,4.5933,0.3928,0.012889,0,0.1273
NVDA,2024-11-19,146.7806396484375,0.048948,1.1139,0.3873,4.7631,0.7612,0.048948,0,0.0518
NVDA,2024-11-20,145.66238403320312,-0.007619,1.5062,0.3732,4.7673,0.6817,0.007619,0,0.0892
NVDA,2024-11-21,146.4412078857422,0.005347,1.8463,0.3731,5.2963,0.7045,0.005347,0,0.0585
NVDA,2024-11-22,141.72853088378906,-0.032181,1.0808,0.3919,5.3502,0.4501,0.032181,0,0.1261
NVDA,2024-11-25,135.8077850341797,-0.041775,1.5176,0.4191,5.4124,0.16,0.041775,0,0.07
NVDA,2024-11-26,136.70640563964844,0.006617,0.8312,0.4194,5.2846,0.2262,0.006617,0,0.1432
NVDA,2024-11-27,135.1288604736328,-0.01154,0.9788,0.4187,5.2937,0.1711,0.01154,0,0.138
NVDA,2024-11-29,138.03431701660156,0.021501,0.6309,0.3883,5.2015,0.2802,0.021501,0,0.0984
NVDA,2024-12-02,138.41371154785156,0.002749,0.7695,0.3828,5.0175,0.2826,0.002749,0,0.1382
NVDA,2024-12-03,140.04116821289062,0.011758,0.7408,0.3844,4.8438,0.3517,0.011758,0,0.136
NVDA,2024-12-04,144.91355895996094,0.034793,1.0255,0.3909,4.8922,0.6135,0.034793,0,0.1197
NVDA,2024-12-05,144.8436737060547,-0.000482,0.7776,0.3633,4.7275,0.6114,0.000482,0,0.1353
NVDA,2024-12-06,142.22756958007812,-0.018062,0.8527,0.3586,4.7029,0.4792,0.018062,0,0.1413
NVDA,2024-12-09,138.60296630859375,-0.025485,0.8537,0.3677,4.7457,0.2839,0.025485,0,0.1236
NVDA,2024-12-10,134.86859130859375,-0.026943,0.9412,0.3748,4.9795,0.1098,0.026943,0,0.1195
NVDA,2024-12-11,139.10223388671875,0.031391,0.8312,0.3856,4.9875,0.373,0.031391,0,0.118
NVDA,2024-12-12,137.13519287109375,-0.014141,0.721,0.3858,4.8816,0.2758,0.014141,0,0.1282
NVDA,2024-12-13,134.04978942871094,-0.022499,1.0398,0.3911,5.0365,0.1245,0.022499,0,0.127
NVDA,2024-12-16,131.80313110351562,-0.01676,1.0716,0.3798,4.9606,0.0579,0.01676,0,0.1221
NVDA,2024-12-17,130.195556640625,-0.012197,1.1583,0.3795,4.9728,0.0435,0.012197,0,0.1113
NVDA,2024-12-18,128.71774291992188,-0.011351,1.2252,0.3259,5.2182,0.031,0.011351,0,0.1029
NVDA,2024-12-19,130.485107421875,0.013731,0.9471,0.3336,5.2106,0.1532,0.013731,0,0.1365
NVDA,2024-12-20,134.49911499023438,0.030762,1.4144,0.3558,5.342,0.3713,0.030762,0,0.095
NVDA,2024-12-23,139.46170043945312,0.036897,0.8238,0.3675,5.3234,0.6506,0.036897,0,0.1244
NVDA,2024-12-24,140.01089477539062,0.003938,0.5213,0.3338,5.175,0.6675,0.003938,0,0.121
NVDA,2024-12-26,139.7213134765625,-0.002068,0.5869,0.3335,5.0279,0.6421,0.002068,0,0.1181
NVDA,2024-12-27,136.80567932128906,-0.020867,0.8738,0.3398,5.041,0.4786,0.020867,0,0.1478
NVDA,2024-12-30,137.2849578857422,0.003503,0.8536,0.3312,5.1267,0.5069,0.003503,0,0.1581
NVDA,2024-12-31,134.0897216796875,-0.023274,0.7954,0.341,5.0629,0.345,0.023274,0,0.1358
NVDA,2025-01-02,138.10374450683594,0.029935,1.0043,0.3561,5.0287,0.569,0.029935,0,0.1327
NVDA,2025-01-03,144.2545623779297,0.044538,1.1623,0.3703,5.1395,0.9138,0.044538,0,0.0843
NVDA,2025-01-06,149.2071533203125,0.034332,1.3141,0.3897,5.3209,1.1106,0.034332,0,0.0643
NVDA,2025-01-07,139.93099975585938,-0.06217,1.6743,0.4468,5.8766,0.6543,0.06217,1,-0.0019
NVDA,2025-01-08,139.9010467529297,-0.000214,1.0724,0.4369,5.9126,0.6485,0.000214,0,0.1253
NVDA,2025-01-10,135.70733642578125,-0.029976,0.9798,0.4396,5.9103,0.4329,0.029976,0,0.1377
NVDA,2025-01-13,133.03131103515625,-0.019719,0.9621,0.4295,5.9446,0.3138,0.019719,0,0.1448
NVDA,2025-01-14,131.56349182128906,-0.011034,0.911,0.4285,5.9715,0.2601,0.011034,0,0.1478
NVDA,2025-01-15,136.03683471679688,0.034001,0.8721,0.439,5.913,0.4751,0.034001,0,0.1307
NVDA,2025-01-16,133.3708038330078,-0.019598,0.9919,0.4406,5.8658,0.3372,0.019598,0,0.1472
NVDA,2025-01-17,137.50462341308594,0.030995,0.9671,0.4501,5.7984,0.5274,0.030995,0,0.1395
NVDA,2025-01-21,140.61996459960938,0.022656,0.9691,0.4518,5.7223,0.6729,0.022656,0,0.1476
NVDA,2025-01-22,146.85067749023438,0.044309,1.1567,0.4723,5.8099,0.9667,0.044309,0,0.0716
NVDA,2025-01-23,147.00047302246094,0.00102,0.7878,0.4637,5.6453,0.9141,0.00102,0,0.1107
NVDA,2025-01-24,142.4073028564453,-0.031246,1.1683,0.4643,5.7477,0.666,0.031246,0,0.1219
NVDA,2025-01-27,118.24339294433594,-0.169682,3.4618,0.7642,7.1859,-0.2351,0.169682,1,-0.2138
NVDA,2025-01-28,128.7976531982422,0.089259,2.232,0.8376,7.5819,0.1898,0.089259,1,-0.121
NVDA,2025-01-29,123.5155258178711,-0.041011,1.7015,0.8464,7.678,0.067,0.041011,0,0.0077
NVDA,2025-01-30,124.464111328125,0.00768,1.3749,0.847,7.6217,0.141,0.00768,0,0.036
NVDA,2025-01-31,119.89093780517578,-0.036743,1.3051,0.8525,7.6949,0.0642,0.036743,0,0.0349
NVDA,2025-02-03,116.48603057861328,-0.0284,1.2129,0.8467,7.6488,0.0463,0.0284,0,0.0483
NVDA,2025-02-04,118.47305297851562,0.017058,0.8345,0.83,7.4263,0.141,0.017058,0,0.074
NVDA,2025-02-05,124.6438446044922,0.052086,0.8534,0.8444,7.3487,0.3115,0.052086,0,0.0347
NVDA,2025-02-06,128.48806762695312,0.030842,0.832,0.8289,7.1048,0.4246,0.030842,0,0.0962
NVDA,2025-02-07,129.6463623046875,0.009015,0.7548,0.83,6.9803,0.4679,0.009015,0,0.0995
NVDA,2025-02-10,133.3708038330078,0.028728,0.7167,0.8303,6.8498,0.5718,0.028728,0,0.0895
NVDA,2025-02-11,132.6019744873047,-0.005765,0.5934,0.8273,6.6073,0.5516,0.005765,0,0.0762
NVDA,2025-02-12,130.94444274902344,-0.0125,0.5348,0.8276,6.4006,0.5075,0.0125,0,0.0617
NVDA,2025-02-13,135.08824157714844,0.031645,0.6574,0.8264,6.3257,0.6215,0.031645,0,0.0772
NVDA,2025-02-14,138.64292907714844,0.026314,0.6524,0.8272,6.1563,0.7075,0.026314,0,0.0772
NVDA,2025-02-18,139.19210815429688,0.003961,0.7293,0.8208,6.1096,0.7182,0.003961,0,0.0883
NVDA,2025-02-19,139.02235412597656,-0.00122,0.5603,0.8172,5.9685,0.7177,0.00122,0,0.0589
NVDA,2025-02-20,139.9010467529297,0.006321,0.4889,0.8013,5.8181,0.765,0.006321,0,0.0576
NVDA,2025-02-21,134.22952270507812,-0.04054,0.766,0.8133,5.9325,0.6352,0.04054,0,0.0556
NVDA,2025-02-24,130.08570861816406,-0.030871,0.8413,0.8131,6.1157,0.5268,0.030871,0,0.0842
NVDA,2025-02-25,126.44115447998048,-0.028017,1.0001,0.537,6.0954,0.384,0.028017,0,0.1218
NVDA,2025-02-26,131.08424377441406,0.036721,1.2475,0.4519,6.1664,0.5454,0.036721,0,0.1153
NVDA,2025-02-27,119.9708251953125,-0.084781,1.722,0.5267,6.7958,0.1658,0.084781,1,-0.042
NVDA,2025-02-28,124.73370361328124,0.0397,1.513,0.5456,6.9301,0.3298,0.0397,0,0.0598
NVDA,2025-03-03,113.88990020751952,-0.086936,1.5925,0.6158,7.3366,0.0014,0.086936,1,-0.0418
NVDA,2025-03-04,115.8170166015625,0.016921,1.5333,0.6109,7.4688,0.068,0.016921,0,0.0579
NVDA,2025-03-05,117.12506866455078,0.011294,1.0891,0.6091,7.2042,0.1171,0.011294,0,0.0954
NVDA,2025-03-06,110.40510559082033,-0.057374,1.2165,0.6093,7.1945,-0.0078,0.057374,0,0.0302
NVDA,2025-03-07,112.5219497680664,0.019173,1.2727,0.6014,7.1029,0.1045,0.019173,0,0.0794
NVDA,2025-03-10,106.82044982910156,-0.05067,1.3305,0.6189,7.1112,0.0369,0.05067,0,0.0477
NVDA,2025-03-11,108.5978012084961,0.016639,1.2569,0.6105,7.136,0.1282,0.016639,0,0.0841
NVDA,2025-03-12,115.57803344726562,0.064276,1.1184,0.6645,7.1976,0.3031,0.064276,0,0.0204
NVDA,2025-03-13,115.41825103759766,-0.001382,1.0085,0.6642,6.9667,0.3178,0.001382,0,0.0942
NVDA,2025-03-14,121.49972534179688,0.052691,0.9237,0.6837,6.9184,0.4651,0.052691,0,0.0583
NVDA,2025-03-17,119.36272430419922,-0.017589,0.8418,0.6753,6.7709,0.4351,0.017589,0,0.1178
NVDA,2025-03-18,115.2684555053711,-0.034301,0.9744,0.681,6.6432,0.3562,0.034301,0,0.1026
NVDA,2025-03-19,117.35552978515624,0.018106,0.874,0.6871,6.5268,0.4305,0.018106,0,0.1257
NVDA,2025-03-20,118.3641128540039,0.008594,0.7822,0.6878,6.3266,0.4877,0.008594,0,0.1264
NVDA,2025-03-21,117.5352783203125,-0.007002,0.8328,0.6766,6.0966,0.4862,0.007002,0,0.1216
NVDA,2025-03-24,121.24009704589844,0.031521,0.7165,0.6821,5.9835,0.6614,0.031521,0,0.0953
NVDA,2025-03-25,120.52110290527344,-0.00593,0.5338,0.6756,5.7337,0.6521,0.00593,0,0.0882
NVDA,2025-03-26,113.60079956054688,-0.05742,0.94,0.6875,5.8934,0.3511,0.05742,0,0.0371
NVDA,2025-03-27,111.2740707397461,-0.020482,0.7847,0.6251,5.7427,0.2485,0.020482,0,0.1093
NVDA,2025-03-28,109.51652526855467,-0.015795,0.782,0.6056,5.6036,0.1718,0.015795,0,0.1095
NVDA,2025-03-31,108.22832489013672,-0.011763,1.0377,0.5254,5.7248,0.1353,0.011763,0,0.1208
NVDA,2025-04-01,109.995849609375,0.016331,0.7963,0.5251,5.5819,0.2559,0.016331,0,0.1289
NVDA,2025-04-02,110.26547241210938,0.002451,0.7982,0.5231,5.5534,0.2912,0.002451,0,0.1286
NVDA,2025-04-03,101.65753936767578,-0.078066,1.2219,0.556,5.7858,-0.0592,0.078066,1,-0.0264
NVDA,2025-04-04,94.1780242919922,-0.073576,1.8561,0.6014,6.0637,-0.1704,0.073576,1,-0.0819
NVDA,2025-04-07,97.50334930419922,0.035309,2.0436,0.5982,6.7098,0.0149,0.035309,1,-0.0324
NVDA,2025-04-08,96.1652374267578,-0.013724,1.5611,0.5941,7.043,0.0388,0.013724,0,0.0605
NVDA,2025-04-09,114.16999816894533,0.187227,1.9183,0.8779,7.8809,0.5748,0.187227,1,-0.1895
NVDA,2025-04-10,107.4194564819336,-0.059127,1.3411,0.9033,8.4007,0.3859,0.059127,1,-0.0455
NVDA,2025-04-11,110.7747573852539,0.031236,0.9548,0.8891,8.091,0.5017,0.031236,0,0.0408
NVDA,2025-04-14,110.55506134033205,-0.001983,0.8053,0.8875,7.8854,0.5088,0.001983,0,0.0441
NVDA,2025-04-15,112.04297637939452,0.013459,0.7041,0.8809,7.5447,0.5623,0.013459,0,0.0721
NVDA,2025-04-16,104.34376525878906,-0.068717,1.1982,0.9106,7.8439,0.332,0.068717,1,-0.0288
NVDA,2025-04-17,101.34796142578124,-0.028711,0.877,0.9132,7.6003,0.2586,0.028711,0,0.0457
NVDA,2025-04-21,96.77438354492188,-0.045127,0.8621,0.9236,7.5175,0.1476,0.045127,0,0.013
NVDA,2025-04-22,98.75160217285156,0.020431,0.7188,0.9181,7.1874,0.2322,0.020431,0,0.0355
NVDA,2025-04-23,102.56625366210938,0.038629,0.7296,0.9334,7.0956,0.3836,0.038629,0,0.0454
NVDA,2025-04-24,106.28104400634766,0.036218,0.6579,0.9247,6.8619,0.5444,0.036218,0,0.0468
NVDA,2025-04-25,110.85466003417967,0.043033,0.7465,0.9351,6.8133,0.7322,0.043033,0,0.03
NVDA,2025-04-28,108.5778350830078,-0.020539,0.6196,0.9364,6.6826,0.6419,0.020539,0,0.0399
NVDA,2025-04-29,108.86742401123048,0.002667,0.5184,0.9352,6.4021,0.652,0.002667,0,0.0285
NVDA,2025-04-30,108.76756286621094,-0.000917,0.7135,0.9337,6.2972,0.6515,0.000917,0,0.0382
NVDA,2025-05-01,111.45380401611328,0.024697,0.7151,0.9374,6.2768,0.7574,0.024697,0,0.0479
NVDA,2025-05-02,114.33976745605467,0.025894,0.5893,0.891,6.0988,0.8346,0.025894,0,0.035
NVDA,2025-05-05,113.66071319580078,-0.005939,0.4398,0.8405,5.8065,0.7875,0.005939,0,0.0365
NVDA,2025-05-06,113.38111877441406,-0.00246,0.5658,0.8365,5.6714,0.753,0.00246,0,0.0575
NVDA,2025-05-07,116.89618682861328,0.031002,0.7752,0.8356,5.6515,0.8805,0.031002,0,0.0597
NVDA,2025-05-08,117.20574951171876,0.002648,0.8067,0.5146,5.4496,0.8739,0.002648,0,0.1284
NVDA,2025-05-09,116.48675537109376,-0.006134,0.5763,0.4632,5.2758,0.8087,0.006134,0,0.113
NVDA,2025-05-12,122.82787322998048,0.054436,0.9942,0.4876,5.3519,0.9903,0.054436,0,0.0222
NVDA,2025-05-13,129.74818420410156,0.056342,1.4391,0.5185,5.5559,1.0931,0.056342,1,-0.0267
NVDA,2025-05-14,135.15060424804688,0.041638,1.2108,0.5315,5.5521,1.0995,0.041638,0,0.0304
NVDA,2025-05-15,134.64129638671875,-0.003768,1.0131,0.4474,5.4152,0.9931,0.003768,0,0.1062
NVDA,2025-05-16,135.21051025390625,0.004228,1.0279,0.421,5.2345,0.9406,0.004228,0,0.1352
NVDA,2025-05-19,135.3802947998047,0.001256,0.8957,0.3613,5.1088,0.902,0.001256,0,0.1418
NVDA,2025-05-20,134.19192504882812,-0.008778,0.7631,0.3725,4.9543,0.8444,0.008778,0,0.1507
NVDA,2025-05-21,131.6155548095703,-0.019199,1.2716,0.3817,5.0862,0.7622,0.019199,0,0.1204
NVDA,2025-05-22,132.6441192626953,0.007815,0.8873,0.3718,4.9155,0.7601,0.007815,0,0.1623
NVDA,2025-05-23,131.10626220703125,-0.011594,0.9534,0.3606,4.8262,0.7022,0.011594,0,0.1536
NVDA,2025-05-27,135.31036376953125,0.032066,0.9286,0.3523,4.7931,0.7751,0.032066,0,0.1195
NVDA,2025-05-28,134.62135314941406,-0.005092,1.4175,0.3559,4.6262,0.736,0.005092,0,0.0961
NVDA,2025-05-29,138.99522399902344,0.03249,1.6694,0.3609,4.9149,0.8189,0.03249,0,0.0664
NVDA,2025-05-30,134.94088745117188,-0.029169,1.474,0.3866,5.0418,0.6939,0.029169,0,0.0888
NVDA,2025-06-02,137.187744140625,0.016651,0.873,0.3829,4.8949,0.7339,0.016651,0,0.1506
NVDA,2025-06-03,141.02236938476562,0.027952,0.9764,0.3838,4.8748,0.8199,0.027952,0,0.132
NVDA,2025-06-04,141.72137451171875,0.004957,0.722,0.3812,4.7299,0.8246,0.004957,0,0.1442
NVDA,2025-06-05,139.79408264160156,-0.013599,0.9944,0.3838,4.7608,0.7454,0.013599,0,0.1452
NVDA,2025-06-06,141.5216827392578,0.012358,0.6681,0.3831,4.6547,0.7998,0.012358,0,0.1259
NVDA,2025-06-09,142.43040466308594,0.006421,0.7942,0.3788,4.5562,0.8653,0.006421,0,0.144
NVDA,2025-06-10,143.758544921875,0.009325,0.6789,0.3412,4.4276,0.9443,0.009325,0,0.1066
NVDA,2025-06-11,142.64002990722656,-0.007781,0.7571,0.2935,4.3339,0.8454,0.007781,0,0.135
NVDA,2025-06-12,144.80714416503906,0.015193,0.7533,0.2631,4.2491,0.9188,0.015193,0,0.1178
NVDA,2025-06-13,141.7811737060547,-0.020897,0.8479,0.2761,4.2416,0.7185,0.020897,0,0.111
NVDA,2025-06-16,144.49754333496094,0.019159,0.8676,0.2822,4.2389,0.8359,0.019159,0,0.128
NVDA,2025-06-17,143.9282989501953,-0.003939,0.6676,0.2834,4.0389,0.7743,0.003939,0,0.1001
NVDA,2025-06-18,145.2864990234375,0.009437,0.775,0.2805,3.9309,0.8137,0.009437,0,0.1308
NVDA,2025-06-20,143.65866088867188,-0.011204,1.1737,0.273,3.9033,0.7068,0.011204,0,0.0943
NVDA,2025-06-23,143.97824096679688,0.002225,0.7515,0.2729,3.8207,0.7065,0.002225,0,0.103
NVDA,2025-06-24,147.70326232910156,0.025872,0.9159,0.2764,3.8181,0.926,0.025872,0,0.09
NVDA,2025-06-25,154.10475158691406,0.04334,1.2903,0.2928,4.0126,1.1738,0.04334,0,0.0013
NVDA,2025-06-26,154.81381225585938,0.004601,0.9747,0.2897,3.92,1.0986,0.004601,0,0.0745
NVDA,2025-06-27,157.54017639160156,0.017611,1.3295,0.277,3.9033,1.0905,0.017611,0,0.035
NVDA,2025-06-30,157.77984619140625,0.001521,1.0184,0.2441,3.8171,1.022,0.001521,0,0.0636
NVDA,2025-07-01,153.09608459472656,-0.029685,1.1111,0.2756,4.0081,0.7946,0.029685,0,0.0684
NVDA,2025-07-02,157.0408477783203,0.025767,0.9054,0.2734,4.0521,0.9073,0.025767,0,0.102
NVDA,2025-07-03,159.1280517578125,0.013291,0.7646,0.2747,4.0287,0.9277,0.013291,0,0.119
NVDA,2025-07-07,158.02951049804688,-0.006904,0.7642,0.2694,3.8836,0.8468,0.006904,0,0.1217
NVDA,2025-07-08,159.7871856689453,0.011122,0.7565,0.2691,3.7474,0.8682,0.011122,0,0.1126
NVDA,2025-07-09,162.66334533691406,0.018,1.0062,0.2723,3.7951,0.9158,0.018,0,0.1066
NVDA,2025-07-10,163.88172912597656,0.00749,0.9158,0.2721,3.7301,0.9027,0.00749,0,0.1198
NVDA,2025-07-11,164.7006378173828,0.004997,1.05,0.2668,3.779,0.883,0.004997,0,0.1118
NVDA,2025-07-14,163.85177612304688,-0.005154,0.7479,0.2687,3.7566,0.8194,0.005154,0,0.1089
NVDA,2025-07-15,170.4729461669922,0.04041,1.2424,0.2743,4.0825,0.9677,0.04041,0,0.0454
NVDA,2025-07-16,171.14205932617188,0.003925,0.8613,0.2725,3.9942,0.9306,0.003925,0,0.1196
NVDA,2025-07-17,172.7698974609375,0.009512,0.8671,0.2684,3.9464,0.927,0.009512,0,0.1277
NVDA,2025-07-18,172.18067932128906,-0.00341,0.7927,0.2722,3.8778,0.8709,0.00341,0,0.116
NVDA,2025-07-21,171.1520538330078,-0.005974,0.6888,0.2677,3.7706,0.8184,0.005974,0,0.0988
NVDA,2025-07-22,166.80783081054688,-0.025382,1.0687,0.2936,3.9871,0.6693,0.025382,0,0.096
NVDA,2025-07-23,170.5528564453125,0.022451,0.8607,0.291,4.004,0.7827,0.022451,0,0.1119
NVDA,2025-07-24,173.50892639160156,0.017332,0.7498,0.2615,3.9356,0.8557,0.017332,0,0.1086
NVDA,2025-07-25,173.26922607421875,-0.001381,0.7271,0.2628,3.78,0.8152,0.001381,0,0.0925
NVDA,2025-07-28,176.51490783691406,0.018732,0.864,0.2635,3.7597,0.8885,0.018732,0,0.1048
NVDA,2025-07-29,175.2765350341797,-0.007016,0.9627,0.2671,3.8021,0.81,0.007016,0,0.1172
NVDA,2025-07-30,179.03155517578125,0.021423,1.1026,0.238,3.843,0.9169,0.021423,0,0.0717
NVDA,2025-07-31,177.6334228515625,-0.007809,1.3802,0.2345,4.0942,0.8352,0.007809,0,0.0599
NVDA,2025-08-01,173.4889373779297,-0.023332,1.2497,0.2551,4.2997,0.6532,0.023332,0,0.0793
NVDA,2025-08-04,179.7605743408203,0.03615,0.9031,0.2747,4.4548,0.8897,0.03615,0,0.0827
NVDA,2025-08-05,178.02288818359375,-0.009667,0.9481,0.2801,4.4476,0.7956,0.009667,0,0.1382
NVDA,2025-08-06,179.1813507080078,0.006507,0.8435,0.2762,4.3903,0.8254,0.006507,0,0.145
NVDA,2025-08-07,180.52957153320312,0.007524,0.9383,0.2762,4.4391,0.8624,0.007524,0,0.1448
NVDA,2025-08-08,182.4569854736328,0.010676,0.7793,0.277,4.3289,0.9219,0.010676,0,0.1279
NVDA,2025-08-11,181.81784057617188,-0.003503,0.8731,0.2762,4.2758,0.8738,0.003503,0,0.1309
NVDA,2025-08-12,182.9163818359375,0.006042,0.9437,0.2434,4.3284,0.8867,0.006042,0,0.1252
NVDA,2025-08-13,181.3484649658203,-0.008572,1.1589,0.2472,4.3488,0.7715,0.008572,0,0.1059
NVDA,2025-08-14,181.77789306640625,0.002368,0.8432,0.246,4.2921,0.7665,0.002368,0,0.1203
NVDA,2025-08-15,180.20997619628903,-0.008625,1.0159,0.2484,4.2695,0.6625,0.008625,0,0.1242
NVDA,2025-08-18,181.7678985595703,0.008645,0.8539,0.2473,4.1421,0.7259,0.008645,0,0.1295
NVDA,2025-08-19,175.40638732910156,-0.034998,1.2012,0.2638,4.3463,0.3054,0.034998,0,0.0516
NVDA,2025-08-20,175.1667022705078,-0.001366,1.3681,0.2534,4.5495,0.2457,0.001366,0,0.0603
NVDA,2025-08-21,174.7472381591797,-0.002395,0.8874,0.2466,4.4449,0.2002,0.002395,0,0.0998
NVDA,2025-08-22,177.7532501220703,0.017202,1.0777,0.2535,4.6546,0.4149,0.017202,0,0.1119
NVDA,2025-08-25,179.57083129882812,0.010225,1.0095,0.2475,4.703,0.5593,0.010225,0,0.1345
NVDA,2025-08-26,181.5282287597656,0.0109,1.0399,0.248,4.6225,0.7088,0.0109,0,0.1352
NVDA,2025-08-27,181.35845947265625,-0.000935,1.425,0.2371,4.5341,0.6805,0.000935,0,0.0511
NVDA,2025-08-28,179.9303436279297,-0.007875,1.6745,0.2371,4.7852,0.5441,0.007875,0,0.0433
NVDA,2025-08-29,173.94830322265625,-0.033246,1.4291,0.2525,4.9442,-0.002,0.033246,0,0.0387
NVDA,2025-09-02,170.5528564453125,-0.01952,1.3257,0.2232,5.0875,-0.1232,0.01952,0,0.0244
NVDA,2025-09-03,170.39305114746094,-0.000937,0.9408,0.2216,4.9759,-0.0278,0.000937,0,0.0473
NVDA,2025-09-04,171.43167114257812,0.006095,0.8096,0.2214,4.7952,0.0962,0.006095,0,0.0755
NVDA,2025-09-05,166.7978515625,-0.02703,1.2565,0.235,4.9942,-0.0504,0.02703,0,0.0475
NVDA,2025-09-08,168.0861358642578,0.007724,0.9066,0.2328,4.9185,0.0773,0.007724,0,0.0935
NVDA,2025-09-09,170.53286743164062,0.014556,0.8676,0.242,4.8696,0.2252,0.014556,0,0.1119
NVDA,2025-09-10,177.09414672851562,0.038475,1.2218,0.2823,5.1303,0.5565,0.038475,0,0.0944
NVDA,2025-09-11,176.94430541992188,-0.000846,0.8205,0.281,5.0349,0.5619,0.000846,0,0.1359
NVDA,2025-09-12,177.593505859375,0.003669,0.6789,0.2813,4.8286,0.6108,0.003669,0,0.1301
NVDA,2025-09-15,177.52357482910156,-0.000394,0.8013,0.2798,4.7933,0.6169,0.000394,0,0.1324
NVDA,2025-09-16,174.65724182128906,-0.016146,0.765,0.2828,4.6914,0.477,0.016146,0,0.1188
NVDA,2025-09-17,170.0730743408203,-0.026247,1.1433,0.2706,4.8178,0.2333,0.026247,0,0.0947
NVDA,2025-09-18,176.01551818847656,0.034941,1.0415,0.2998,4.9595,0.5672,0.034941,0,0.114
NVDA,2025-09-19,176.4449462890625,0.00244,1.2551,0.2997,4.8121,0.5864,0.00244,0,0.1088
NVDA,2025-09-22,183.37612915039065,0.039282,1.3912,0.325,5.1704,0.9269,0.039282,0,0.0765
NVDA,2025-09-23,178.2027130126953,-0.028212,0.986,0.34,5.329,0.6625,0.028212,0,0.1364
NVDA,2025-09-24,176.74456787109375,-0.008183,0.7399,0.3385,5.2608,0.6031,0.008183,0,0.1596
NVDA,2025-09-25,177.4636688232422,0.004069,0.9986,0.339,5.3936,0.6614,0.004069,0,0.1606
NVDA,2025-09-26,177.96302795410156,0.002814,0.8023,0.3382,5.3537,0.7011,0.002814,0,0.162
NVDA,2025-09-29,181.6183624267578,0.02054,1.0569,0.3223,5.3857,0.8715,0.02054,0,0.1466
NVDA,2025-09-30,186.3423309326172,0.02601,1.2952,0.3219,5.4198,1.0279,0.02601,0,0.0894
NVDA,2025-10-01,187.0015106201172,0.003537,0.9477,0.3212,5.3351,0.979,0.003537,0,0.1335
NVDA,2025-10-02,188.64939880371097,0.008812,0.7468,0.3215,5.2258,0.9733,0.008812,0,0.1377
NVDA,2025-10-03,187.38099670410156,-0.006724,0.7693,0.3022,5.2078,0.8868,0.006724,0,0.1509
NVDA,2025-10-06,185.3036651611328,-0.011086,0.8831,0.3081,5.1419,0.7764,0.011086,0,0.1596
NVDA,2025-10-07,184.8042907714844,-0.002695,0.7885,0.3071,5.1356,0.7328,0.002695,0,0.1547
NVDA,2025-10-08,188.86911010742188,0.021995,0.7531,0.2877,5.094,0.8802,0.021995,0,0.1306
NVDA,2025-10-09,192.32470703125,0.018296,1.0491,0.292,5.1718,0.9605,0.018296,0,0.1317
NVDA,2025-10-10,182.92669677734375,-0.048865,1.4798,0.3478,5.7704,0.553,0.048865,0,0.0463
NVDA,2025-10-13,188.08013916015625,0.028172,0.8436,0.36,5.854,0.747,0.028172,0,0.1384
NVDA,2025-10-14,179.80067443847656,-0.044021,1.1104,0.392,6.0508,0.383,0.044021,0,0.1003
NVDA,2025-10-15,179.60093688964844,-0.001111,1.1572,0.3781,6.1594,0.3315,0.001111,0,0.1176
NVDA,2025-10-16,181.57839965820312,0.01101,0.9729,0.3604,5.9698,0.4125,0.01101,0,0.1565
NVDA,2025-10-17,182.9866180419922,0.007755,0.9538,0.3611,5.8537,0.4681,0.007755,0,0.1613
NVDA,2025-10-20,182.4073486328125,-0.003166,0.7368,0.3334,5.6831,0.4382,0.003166,0,0.146
NVDA,2025-10-21,180.9292449951172,-0.008103,0.7264,0.3182,5.4905,0.3425,0.008103,0,0.1469
NVDA,2025-10-22,180.05035400390625,-0.004858,0.9434,0.3171,5.5748,0.27,0.004858,0,0.1425
NVDA,2025-10-23,181.9279632568359,0.010428,0.663,0.3187,5.4078,0.3629,0.010428,0,0.1262
NVDA,2025-10-24,186.02273559570312,0.022508,0.7857,0.3274,5.4003,0.6114,0.022508,0,0.1474
NVDA,2025-10-27,191.24609375,0.028079,0.9293,0.334,5.424,0.9152,0.028079,0,0.1373
NVDA,2025-10-28,200.77392578125,0.04982,1.7719,0.3651,5.8684,1.2266,0.04982,1,-0.0383
NVDA,2025-10-29,206.7762756347656,0.029896,1.7655,0.3765,6.2454,1.2159,0.029896,0,0.0027
NVDA,2025-10-30,202.63156127929688,-0.020044,1.0104,0.3868,6.2009,0.985,0.020044,0,0.1144
NVDA,2025-10-31,202.23207092285156,-0.001972,1.0037,0.3854,6.1789,0.9134,0.001972,0,0.1216
NVDA,2025-11-03,206.61648559570312,0.02168,1.0,0.3858,6.3689,0.961,0.02168,0,0.1226
NVDA,2025-11-04,198.43690490722656,-0.039588,1.034,0.4174,6.5524,0.7236,0.039588,0,0.1092
NVDA,2025-11-05,194.9613494873047,-0.017515,0.9274,0.4183,6.6743,0.6248,0.017515,0,0.1429
NVDA,2025-11-06,187.84043884277344,-0.036525,1.1941,0.4348,6.9994,0.4472,0.036525,0,0.1046
NVDA,2025-11-07,187.91030883789065,0.000372,1.42,0.396,7.1708,0.4418,0.000372,0,0.0678
NVDA,2025-11-10,198.7964630126953,0.057933,1.0532,0.4346,7.4996,0.708,0.057933,0,0.0374
NVDA,2025-11-11,192.91395568847656,-0.029591,0.9418,0.4165,7.5168,0.542,0.029591,0,0.1151
NVDA,2025-11-12,193.5531311035156,0.003313,0.8401,0.4161,7.3195,0.5422,0.003313,0,0.1232
NVDA,2025-11-13,186.6219787597656,-0.03581,1.1164,0.4384,7.5065,0.3388,0.03581,0,0.1032
NVDA,2025-11-14,189.92774963378903,0.017714,1.0006,0.4416,7.7143,0.4208,0.017714,0,0.1235
NVDA,2025-11-17,186.36231994628903,-0.018773,0.92,0.4476,7.5806,0.3057,0.018773,0,0.1205
NVDA,2025-11-18,181.1289978027344,-0.028081,1.1056,0.4587,7.535,0.1475,0.028081,0,0.1047
NVDA,2025-11-19,186.28240966796875,0.028452,1.2522,0.4687,7.4604,0.2829,0.028452,0,0.0903
NVDA,2025-11-20,180.4098968505859,-0.031525,1.6432,0.4823,8.0797,0.1056,0.031525,0,0.0418
NVDA,2025-11-21,178.6521453857422,-0.009743,1.5781,0.4759,8.3322,0.0877,0.009743,0,0.0273
NVDA,2025-11-24,182.3174743652344,0.020517,1.1406,0.4704,8.2378,0.2186,0.020517,0,0.0723
NVDA,2025-11-25,177.593505859375,-0.025911,1.4178,0.4353,8.5768,0.1317,0.025911,0,0.0414
NVDA,2025-11-26,180.03036499023438,0.013722,0.8362,0.4213,8.3273,0.2203,0.013722,0,0.079
NVDA,2025-11-28,176.7745361328125,-0.018085,0.5591,0.4205,8.0007,0.1603,0.018085,0,0.0546
NVDA,2025-12-01,179.69081115722656,0.016497,0.8653,0.4281,7.9015,0.266,0.016497,0,0.1112
NVDA,2025-12-02,181.22886657714844,0.008559,0.8396,0.4195,7.7466,0.3244,0.008559,0,0.122
NVDA,2025-12-03,179.3612518310547,-0.010305,0.7633,0.4011,7.4315,0.275,0.010305,0,0.1167
NVDA,2025-12-04,183.15660095214844,0.02116,0.7743,0.4082,7.2531,0.4426,0.02116,0,0.1221
NVDA,2025-12-05,182.1877899169922,-0.00529,0.6785,0.3885,7.0026,0.4134,0.00529,0,0.1115
NVDA,2025-12-08,185.323974609375,0.017214,0.9771,0.394,6.9019,0.5514,0.017214,0,0.1459
NVDA,2025-12-09,184.7446746826172,-0.003126,0.701,0.3283,6.5801,0.5698,0.003126,0,0.1203
NVDA,2025-12-10,183.55612182617188,-0.006433,0.7911,0.3138,6.3555,0.5362,0.006433,0,0.1439
NVDA,2025-12-11,180.70957946777344,-0.015508,0.8793,0.3164,6.4124,0.3834,0.015508,0,0.1405
NVDA,2025-12-12,174.80679321289062,-0.032664,0.987,0.3123,6.5393,0.0264,0.032664,0,0.0881
NVDA,2025-12-15,176.07522583007812,0.007256,0.8003,0.3052,6.3148,0.1256,0.007256,0,0.1163
NVDA,2025-12-16,177.5034942626953,0.008112,0.7261,0.3024,6.1199,0.2551,0.008112,0,0.13
NVDA,2025-12-17,170.73175048828125,-0.03815,1.0862,0.3156,6.2114,-0.1092,0.03815,0,0.05
NVDA,2025-12-18,173.9278564453125,0.01872,0.8738,0.3045,6.1394,0.1341,0.01872,0,0.1171
NVDA,2025-12-19,180.76953125,0.039336,1.6198,0.3207,6.2224,0.587,0.039336,0,0.063
NVDA,2025-12-22,183.4662322998047,0.014918,0.6803,0.3224,6.0041,0.7435,0.014918,0,0.1346
NVDA,2025-12-23,188.97952270507812,0.030051,0.9421,0.3315,6.0339,1.0128,0.030051,0,0.0999
NVDA,2025-12-24,188.38023376464844,-0.003171,0.3791,0.3156,5.7899,0.9155,0.003171,0,0.0621
NVDA,2025-12-26,190.2978973388672,0.01018,0.8188,0.3142,5.7109,0.9452,0.01018,0,0.1408
NVDA,2025-12-29,187.99070739746097,-0.012124,0.7035,0.3096,5.6326,0.8,0.012124,0,0.1344
NVDA,2025-12-30,187.31153869628903,-0.003613,0.5882,0.3064,5.3772,0.7441,0.003613,0,0.1222
NVDA,2025-12-31,186.27279663085935,-0.005546,0.7371,0.3067,5.2835,0.6819,0.005546,0,0.1591
NVDA,2026-01-02,188.6199493408203,0.012601,0.9145,0.3057,5.3648,0.7615,0.012601,0,0.1604
NVDA,2026-01-05,187.89083862304688,-0.003866,1.1266,0.2985,5.5152,0.7141,0.003866,0,0.1308
NVDA,2026-01-06,187.0119171142578,-0.004678,1.0748,0.2983,5.503,0.6634,0.004678,0,0.1425
NVDA,2026-01-07,188.8796234130859,0.009987,0.9477,0.2943,5.4531,0.7313,0.009987,0,0.1583
NVDA,2026-01-08,184.8145751953125,-0.021522,1.0554,0.3049,5.4802,0.5597,0.021522,0,0.1433
NVDA,2026-01-09,184.63479614257812,-0.000973,0.8115,0.3039,5.2792,0.5498,0.000973,0,0.1441
NVDA,2026-01-12,184.71470642089844,0.000433,0.8644,0.298,5.1946,0.5449,0.000433,0,0.139
NVDA,2026-01-13,185.58364868164065,0.004704,1.0173,0.2698,5.1596,0.5628,0.004704,0,0.1454
NVDA,2026-01-14,182.9169006347656,-0.01437,1.0155,0.2762,5.1485,0.4223,0.01437,0,0.1412
NVDA,2026-01-15,186.82212829589844,0.02135,1.2884,0.284,5.2487,0.5919,0.02135,0,0.106
NVDA,2026-01-16,186.0031280517578,-0.004384,1.1875,0.2417,5.1849,0.5164,0.004384,0,0.1085
NVDA,2026-01-20,177.85308837890625,-0.043817,1.3902,0.2897,5.4295,-0.1699,0.043817,0,0.0007
NVDA,2026-01-21,183.09669494628903,0.029483,1.2976,0.2742,5.5632,0.2391,0.029483,0,0.076
NVDA,2026-01-22,184.6148223876953,0.008291,0.9011,0.2707,5.3691,0.3649,0.008291,0,0.1431
NVDA,2026-01-23,187.44137573242188,0.015311,0.9309,0.2538,5.3252,0.6258,0.015311,0,0.1437
NVDA,2026-01-26,186.2428436279297,-0.006394,0.7984,0.2546,5.1681,0.5271,0.006394,0,0.142
NVDA,2026-01-27,188.29034423828125,0.010994,0.9182,0.2551,5.1058,0.7384,0.010994,0,0.1488
NVDA,2026-01-28,191.28668212890625,0.015913,0.9406,0.2574,5.0143,0.9708,0.015913,0,0.1233
NVDA,2026-01-29,192.2754821777344,0.005169,1.0626,0.2572,5.1855,0.9815,0.005169,0,0.1142
NVDA,2026-01-30,190.8971710205078,-0.007168,1.0904,0.2578,5.1732,0.8346,0.007168,0,0.1308
NVDA,2026-02-02,185.3838806152344,-0.028881,1.0018,0.2753,5.2496,0.4272,0.028881,0,0.1218
NVDA,2026-02-03,180.12030029296875,-0.028393,1.2252,0.2922,5.5909,0.0859,0.028393,0,0.0935
NVDA,2026-02-04,173.97781372070312,-0.034102,1.2321,0.3138,5.793,-0.1423,0.034102,0,0.0488
NVDA,2026-02-05,171.67062377929688,-0.013261,1.2089,0.3114,5.7922,-0.1062,0.013261,0,0.0755
NVDA,2026-02-06,185.18414306640625,0.078718,1.3326,0.4226,6.4572,0.5348,0.078718,1,-0.0099
NVDA,2026-02-09,189.80848693847656,0.024972,1.1104,0.4314,6.6887,0.7361,0.024972,0,0.1279
NVDA,2026-02-10,188.3103179931641,-0.007893,0.7736,0.4327,6.522,0.6567,0.007893,0,0.1484
NVDA,2026-02-11,189.81849670410156,0.008009,0.8193,0.4332,6.3929,0.7118,0.008009,0,0.1519
NVDA,2026-02-12,186.7122802734375,-0.016364,1.0699,0.4342,6.4427,0.564,0.016364,0,0.1453
NVDA,2026-02-13,182.58729553222656,-0.022093,0.9235,0.4351,6.4042,0.3883,0.022093,0,0.1511
NVDA,2026-02-17,184.7446746826172,0.011816,0.9325,0.4371,6.5153,0.4878,0.011816,0,0.1528
NVDA,2026-02-18,187.75099182128903,0.016273,0.9629,0.4083,6.4352,0.605,0.016273,0,0.1525
NVDA,2026-02-19,187.6710968017578,-0.000426,0.756,0.3962,6.1732,0.5907,0.000426,0,0.1336
NVDA,2026-02-20,189.5887756347656,0.010218,1.0537,0.3967,6.0454,0.6671,0.010218,0,0.1571
NVDA,2026-02-23,191.316650390625,0.009114,1.0047,0.3945,5.9253,0.733,0.009114,0,0.1583
NVDA,2026-02-24,192.61508178710935,0.006787,1.0106,0.3938,5.9566,0.7685,0.006787,0,0.1536
NVDA,2026-02-25,195.32176208496097,0.014052,1.403,0.3949,5.8721,0.8519,0.014052,0,0.1108
NVDA,2026-02-26,184.66476440429688,-0.054561,1.9065,0.439,6.2545,0.4219,0.054561,1,-0.004
NVDA,2026-02-27,176.97415161132812,-0.041646,1.588,0.4607,6.4149,0.1427,0.041646,0,0.0688
NVDA,2026-03-02,182.25770568847656,0.029855,1.0575,0.4755,6.5859,0.3737,0.029855,0,0.1241
NVDA,2026-03-03,179.83065795898438,-0.013317,0.8979,0.4669,6.5122,0.2894,0.013317,0,0.1395
NVDA,2026-03-04,182.8170166015625,0.016607,0.9021,0.4593,6.3788,0.4032,0.016607,0,0.1477
NVDA,2026-03-05,183.11663818359375,0.001639,1.011,0.4401,6.364,0.3862,0.001639,0,0.1402
NVDA,2026-03-06,177.6033935546875,-0.030108,0.9656,0.4522,6.3746,0.0723,0.030108,0,0.1138
NVDA,2026-03-09,182.427490234375,0.027162,0.918,0.3649,6.4436,0.3292,0.027162,0,0.1243
NVDA,2026-03-10,184.54490661621097,0.011607,0.932,0.3555,6.2994,0.449,0.011607,0,0.1545
NVDA,2026-03-11,185.8134307861328,0.006874,0.7543,0.3556,6.0756,0.5211,0.006874,0,0.154
NVDA,2026-03-12,182.9268035888672,-0.015535,0.8063,0.3581,5.947,0.3867,0.015535,0,0.1556
NVDA,2026-03-13,180.0401611328125,-0.01578,0.8396,0.3577,5.961,0.2571,0.01578,0,0.1474
NVDA,2026-03-16,183.0067138671875,0.016477,1.1172,0.3546,6.1509,0.4095,0.016477,0,0.1413
NVDA,2026-03-17,181.71820068359375,-0.007041,0.9334,0.3528,5.977,0.3519,0.007041,0,0.155
NVDA,2026-03-18,180.1899871826172,-0.00841,0.803,0.348,5.7676,0.2944,0.00841,0,0.1507
NVDA,2026-03-19,178.3521270751953,-0.0102,0.8664,0.3492,5.6846,0.2297,0.0102,0,0.1477
NVDA,2026-03-20,172.4989471435547,-0.032818,1.2037,0.3619,5.7665,0.0179,0.032818,0,0.092
NVDA,2026-03-23,175.43553161621094,0.017024,0.9094,0.3669,5.7592,0.1827,0.017024,0,0.1344
NVDA,2026-03-24,174.99603271484375,-0.002505,0.7395,0.3647,5.5076,0.1799,0.002505,0,0.1301
NVDA,2026-03-25,178.47198486328125,0.019863,0.8327,0.3692,5.5437,0.3668,0.019863,0,0.1456
NVDA,2026-03-26,171.04066467285156,-0.041639,0.9979,0.3481,5.6857,-0.0411,0.041639,0,0.0608
NVDA,2026-03-27,167.32498168945312,-0.021724,1.0854,0.3257,5.5814,-0.1142,0.021724,0,0.0798
NVDA,2026-03-30,164.97772216796875,-0.014028,1.0336,0.3042,5.5523,-0.0836,0.014028,0,0.0998
NVDA,2026-03-31,174.1969757080078,0.055882,1.2428,0.3705,5.8299,0.3327,0.055882,0,0.0452
NVDA,2026-04-01,175.54541015625,0.007741,0.9263,0.3661,5.6254,0.4051,0.007741,0,0.1605
NVDA,2026-04-02,177.18348693847656,0.009331,0.8009,0.3681,5.6602,0.4896,0.009331,0,0.1629
NVDA,2026-04-06,177.43319702148438,0.001409,0.6158,0.3521,5.4007,0.5012,0.001409,0,0.1212
NVDA,2026-04-07,177.89266967773438,0.00259,0.7686,0.3376,5.341,0.5328,0.00259,0,0.1546
NVDA,2026-04-08,181.8680419921875,0.022347,0.8646,0.345,5.4703,0.7284,0.022347,0,0.1534
NVDA,2026-04-09,183.69590759277344,0.010051,0.6872,0.3461,5.3264,0.8303,0.010051,0,0.1539
NVDA,2026-04-10,188.4104156494141,0.025665,0.9458,0.353,5.3805,1.0019,0.025665,0,0.1253
NVDA,2026-04-13,189.0896148681641,0.003605,0.7942,0.3469,5.2758,0.964,0.003605,0,0.1423
NVDA,2026-04-14,196.28123474121097,0.038033,0.9748,0.3662,5.4127,1.1098,0.038033,0,0.0819
NVDA,2026-04-15,198.63848876953125,0.01201,1.119,0.365,5.3585,1.0637,0.01201,0,0.1083
NVDA,2026-04-16,198.1190948486328,-0.002615,0.8147,0.3628,5.264,0.9691,0.002615,0,0.1356
NVDA,2026-04-17,201.44520568847656,0.016788,0.9778,0.3604,5.127,0.9714,0.016788,0,0.1455
NVDA,2026-04-20,201.82476806640625,0.001884,0.7562,0.3302,5.0697,0.9178,0.001884,0,0.1373
NVDA,2026-04-21,199.64732360839844,-0.010789,0.7004,0.3349,4.9751,0.8305,0.010789,0,0.1399
NVDA,2026-04-22,202.26426696777344,0.013108,0.7067,0.3338,4.8695,0.843,0.013108,0,0.1416
NVDA,2026-04-23,199.4075927734375,-0.014123,0.7588,0.3388,4.9933,0.7585,0.014123,0,0.1448
NVDA,2026-04-24,208.0275421142578,0.043228,1.4176,0.3144,5.4435,0.8816,0.043228,0,0.0696
NVDA,2026-04-27,216.3578338623047,0.040044,1.2428,0.308,5.7289,0.9771,0.040044,0,0.0802
NVDA,2026-04-28,212.92184448242188,-0.015881,1.1991,0.3103,5.9197,0.8845,0.015881,0,0.1134
NVDA,2026-04-29,209.00640869140625,-0.018389,0.8519,0.2851,5.8957,0.7824,0.018389,0,0.1313
NVDA,2026-04-30,199.33767700195312,-0.04626,1.5212,0.3468,6.3022,0.5719,0.04626,0,0.049
NVDA,2026-05-01,198.2189788818359,-0.005612,0.8731,0.3493,6.2715,0.528,0.005612,0,0.1526
NVDA,2026-05-04,198.2489318847656,0.000151,0.8457,0.3496,6.3223,0.5054,0.000151,0,0.1297
NVDA,2026-05-05,196.271240234375,-0.009976,0.77,0.3539,6.171,0.4234,0.009976,0,0.1511
NVDA,2026-05-06,207.5880584716797,0.057659,1.2615,0.3963,6.57,0.7305,0.057659,0,0.0383
NVDA,2026-05-07,211.2537841796875,0.017659,1.108,0.398,6.6501,0.8294,0.017659,0,0.1315
NVDA,2026-05-08,214.9494781494141,0.017494,0.9052,0.394,6.6245,0.917,0.017494,0,0.1275
NVDA,2026-05-11,219.18453979492188,0.019703,1.0568,0.3964,6.7514,1.0051,0.019703,0,0.1077
NVDA,2026-05-12,220.52297973632812,0.006106,1.0476,0.3799,6.8991,0.9729,0.006106,0,0.1051
NVDA,2026-05-13,225.56710815429688,0.022873,1.0014,0.384,6.91,1.0251,0.022873,0,0.1025
NVDA,2026-05-14,235.465576171875,0.043883,1.1851,0.4041,7.1806,1.1257,0.043883,0,0.0154
NVDA,2026-05-15,225.0577087402344,-0.044201,1.1784,0.4444,7.4881,0.8391,0.044201,0,0.0538
NVDA,2026-05-18,222.0612030029297,-0.013314,0.9442,0.4495,7.783,0.7456,0.013314,0,0.1097
NVDA,2026-05-19,220.35317993164065,-0.007692,0.9002,0.4482,7.6958,0.6869,0.007692,0,0.115
NVDA,2026-05-20,223.20985412597656,0.012964,1.1484,0.4482,7.5478,0.7277,0.012964,0,0.105
NVDA,2026-05-21,219.25445556640625,-0.017721,1.2334,0.4504,7.6843,0.6202,0.017721,0,0.0955
NVDA,2026-05-22,215.0793304443359,-0.019042,1.0407,0.4345,7.5785,0.5139,0.019042,0,0.1229
NVDA,2026-05-26,214.60987854003903,-0.002183,1.1509,0.4107,7.4781,0.5048,0.002183,0,0.1021
NVDA,2026-05-27,212.35250854492188,-0.010518,1.0345,0.4084,7.3777,0.4519,0.010518,0,0.1329
NVDA,2026-05-28,214.0005798339844,0.007761,0.8832,0.4031,7.1575,0.485,0.007761,0,0.137
NVDA,2026-05-29,210.8942108154297,-0.014516,1.7409,0.3675,7.1264,0.3907,0.014516,0,0.0549
NVDA,2026-06-01,224.09881591796875,0.062612,1.2487,0.4218,7.597,0.7065,0.062612,0,0.0138
NVDA,2026-06-02,222.56060791015625,-0.006864,1.1122,0.424,7.8341,0.6475,0.006864,0,0.1022
NVDA,2026-06-03,214.5,-0.036218,0.9131,0.4468,7.8674,0.3424,0.036218,0,0.0928
NVDA,2026-06-04,218.66000366210935,0.019394,0.9644,0.4055,8.0648,0.4783,0.019394,0,0.1063
NVDA,2026-06-05,205.1000061035156,-0.062014,1.2352,0.4618,8.5123,-0.0241,0.062014,1,-0.0289
NVDA,2026-06-08,208.63999938964844,0.01726,0.7777,0.4617,8.2878,0.1412,0.01726,0,0.0678
NVDA,2026-06-09,208.19000244140625,-0.002157,1.0113,0.4551,8.5573,0.1631,0.002157,0,0.0537
NVDA,2026-06-10,200.4199981689453,-0.037322,0.9033,0.4705,8.5367,-0.0029,0.037322,0,0.0261
NVDA,2026-06-11,204.8699951171875,0.022203,0.8839,0.47,8.3641,0.1701,0.022203,0,0.0712
NVDA,2026-06-12,205.19000244140625,0.001562,0.6362,0.435,8.026,0.186,0.001562,0,0.0544
NVDA,2026-06-15,212.4499969482422,0.035382,0.8593,0.4353,7.9898,0.4506,0.035382,0,0.0883
NVDA,2026-06-16,207.41000366210935,-0.023723,0.7246,0.4402,7.7877,0.2913,0.023723,0,0.0939
NVDA,2026-06-17,204.6499938964844,-0.013307,0.7427,0.4415,7.6693,0.2198,0.013307,0,0.1077
NVDA,2026-06-18,210.69000244140625,0.029514,1.3733,0.4533,7.6029,0.4609,0.029514,0,0.0847
TSLA,2024-07-19,239.1999969482422,-0.040244,0.6928,0.6331,13.644,0.5809,0.040244,0,0.1115
TSLA,2024-07-22,251.5099945068359,0.051463,0.79,0.6457,13.6765,0.6688,0.051463,0,0.113
TSLA,2024-07-23,246.3800048828125,-0.020397,0.8569,0.6559,13.3668,0.6017,0.020397,0,0.1539
TSLA,2024-07-24,215.9900054931641,-0.123346,1.236,0.8192,14.9399,0.2505,0.123346,1,-0.0473
TSLA,2024-07-25,220.25,0.019723,0.7393,0.8071,14.5222,0.2662,0.019723,0,0.1279
TSLA,2024-07-26,219.8000030517578,-0.002043,0.6895,0.8077,13.8892,0.2204,0.002043,0,0.1054
TSLA,2024-07-29,232.1000061035156,0.05596,0.9302,0.8261,13.9372,0.3411,0.05596,0,0.0825
TSLA,2024-07-30,222.6199951171875,-0.040845,0.7332,0.8212,13.8124,0.1514,0.040845,0,0.0963
TSLA,2024-07-31,232.07000732421875,0.042449,0.5181,0.7514,13.6707,0.3153,0.042449,0,0.0851
TSLA,2024-08-01,216.86000061035156,-0.065541,0.6649,0.7469,13.9967,0.1047,0.065541,0,0.044
TSLA,2024-08-02,207.6699981689453,-0.042378,0.6763,0.7513,13.765,0.0361,0.042378,0,0.0799
TSLA,2024-08-05,198.8800048828125,-0.042327,0.838,0.7587,14.703,0.0012,0.042327,0,0.0897
TSLA,2024-08-06,200.63999938964844,0.00885,0.6395,0.7414,14.3531,0.0782,0.00885,0,0.0985
TSLA,2024-08-07,191.7599945068359,-0.044258,0.6324,0.7473,14.1711,0.0276,0.044258,0,0.0694
TSLA,2024-08-08,198.83999633789065,0.036921,0.6212,0.7206,13.7673,0.1583,0.036921,0,0.0885
TSLA,2024-08-09,200.0,0.005834,0.5875,0.7086,13.1535,0.2046,0.005834,0,0.1105
TSLA,2024-08-12,197.4900054931641,-0.01255,0.6694,0.7011,12.5561,0.2049,0.01255,0,0.1076
TSLA,2024-08-13,207.8300018310547,0.052357,0.8184,0.7313,12.4706,0.3465,0.052357,0,0.0897
TSLA,2024-08-14,201.3800048828125,-0.031035,0.7728,0.7311,12.2603,0.2856,0.031035,0,0.1009
TSLA,2024-08-15,214.13999938964844,0.063363,0.9999,0.7748,12.429,0.4764,0.063363,0,0.0668
TSLA,2024-08-16,216.1199951171875,0.009246,0.9871,0.766,12.1717,0.5229,0.009246,0,0.1185
TSLA,2024-08-19,222.72000122070312,0.030539,0.8619,0.7494,11.9264,0.6695,0.030539,0,0.1178
TSLA,2024-08-20,221.1000061035156,-0.007274,0.8527,0.7473,11.683,0.6929,0.007274,0,0.1246
TSLA,2024-08-21,223.27000427246097,0.009815,0.8565,0.6011,11.246,0.7262,0.009815,0,0.1442
TSLA,2024-08-22,210.66000366210935,-0.056479,0.9836,0.632,11.4856,0.4763,0.056479,0,0.0761
TSLA,2024-08-23,220.32000732421875,0.045856,1.0167,0.6539,11.4364,0.6766,0.045856,0,0.1089
TSLA,2024-08-26,213.2100067138672,-0.032271,0.7733,0.63,11.2797,0.5527,0.032271,0,0.1209
TSLA,2024-08-27,209.2100067138672,-0.018761,0.8398,0.6174,11.0915,0.4767,0.018761,0,0.1375
TSLA,2024-08-28,205.75,-0.016538,0.8591,0.5957,10.9564,0.4165,0.016538,0,0.1391
TSLA,2024-08-29,206.27999877929688,0.002576,0.8471,0.5518,10.8234,0.4436,0.002576,0,0.1353
TSLA,2024-08-30,214.11000061035156,0.037958,0.8731,0.5474,10.6382,0.6454,0.037958,0,0.1265
TSLA,2024-09-03,210.6000061035156,-0.016393,1.0744,0.5268,10.6106,0.5367,0.016393,0,0.1326
TSLA,2024-09-04,219.41000366210935,0.041833,1.1241,0.5441,10.6863,0.7536,0.041833,0,0.1167
TSLA,2024-09-05,230.1699981689453,0.049041,1.6095,0.5326,11.0431,0.9997,0.049041,0,0.0253
TSLA,2024-09-06,210.72999572753903,-0.084459,1.4661,0.6178,11.9185,0.4412,0.084459,1,-0.0107
TSLA,2024-09-09,216.27000427246097,0.02629,0.8764,0.623,11.7168,0.5858,0.02629,0,0.1379
TSLA,2024-09-10,226.1699981689453,0.045776,1.0154,0.6359,11.6018,0.8741,0.045776,0,0.102
TSLA,2024-09-11,228.1300048828125,0.008666,1.0703,0.6136,11.6067,0.8876,0.008666,0,0.1303
TSLA,2024-09-12,229.80999755859375,0.007364,0.9201,0.5984,11.3183,0.907,0.007364,0,0.1295
TSLA,2024-09-13,230.2899932861328,0.002089,0.7767,0.5606,10.9592,0.8729,0.002089,0,0.1157
TSLA,2024-09-16,226.77999877929688,-0.015242,0.7252,0.5644,10.656,0.742,0.015242,0,0.1275
TSLA,2024-09-17,227.8699951171875,0.004806,0.8971,0.5551,10.4658,0.7605,0.004806,0,0.1365
TSLA,2024-09-18,227.1999969482422,-0.00294,1.0454,0.5543,10.3457,0.7269,0.00294,0,0.1192
TSLA,2024-09-19,243.9199981689453,0.073592,1.3469,0.6098,10.828,1.0739,0.073592,0,0.0
TSLA,2024-09-20,238.25,-0.023245,1.2927,0.5757,10.6294,0.8846,0.023245,0,0.0978
TSLA,2024-09-23,250.0,0.049318,1.1211,0.5789,10.7101,1.0379,0.049318,0,0.0701
TSLA,2024-09-24,254.27000427246097,0.01708,1.1202,0.5608,10.5252,1.0178,0.01708,0,0.1007
TSLA,2024-09-25,257.0199890136719,0.010815,0.8221,0.5508,10.1114,0.9845,0.010815,0,0.1035
TSLA,2024-09-26,254.22000122070312,-0.010894,0.8471,0.5474,10.1192,0.8935,0.010894,0,0.1252
TSLA,2024-09-27,260.4599914550781,0.024546,0.8908,0.5484,9.865,0.9408,0.024546,0,0.1051
TSLA,2024-09-30,261.6300048828125,0.004492,1.0018,0.5404,9.8094,0.9058,0.004492,0,0.1155
TSLA,2024-10-01,258.0199890136719,-0.013798,1.0778,0.5388,10.2142,0.8203,0.013798,0,0.1234
TSLA,2024-10-02,249.02000427246097,-0.034881,1.1495,0.5488,10.6667,0.6605,0.034881,0,0.122
TSLA,2024-10-03,240.66000366210935,-0.033572,1.0113,0.543,10.7609,0.5182,0.033572,0,0.1275
TSLA,2024-10-04,250.0800018310547,0.039142,1.1022,0.4487,10.7278,0.6528,0.039142,0,0.1199
TSLA,2024-10-07,240.8300018310547,-0.036988,0.8668,0.4719,10.6312,0.4626,0.036988,0,0.1108
TSLA,2024-10-08,244.5,0.015239,0.727,0.4495,10.2742,0.5176,0.015239,0,0.1187
TSLA,2024-10-09,241.0500030517578,-0.01411,0.8655,0.4538,10.1055,0.4299,0.01411,0,0.1369
TSLA,2024-10-10,238.77000427246097,-0.009459,1.077,0.4557,10.1302,0.3661,0.009459,0,0.1273
TSLA,2024-10-11,217.8000030517578,-0.087825,1.7543,0.5568,11.1515,-0.0352,0.087825,1,-0.0634
TSLA,2024-10-14,219.16000366210935,0.006244,1.0409,0.5553,10.938,0.0259,0.006244,0,0.0984
TSLA,2024-10-15,219.57000732421875,0.001871,0.7615,0.555,10.6661,0.0637,0.001871,0,0.0852
TSLA,2024-10-16,221.3300018310547,0.008016,0.6105,0.5559,10.181,0.1135,0.008016,0,0.0853
TSLA,2024-10-17,220.88999938964844,-0.001988,0.6454,0.4817,9.7515,0.1473,0.001988,0,0.0793
TSLA,2024-10-18,220.6999969482422,-0.00086,0.6512,0.4767,9.272,0.1747,0.00086,0,0.0778
TSLA,2024-10-21,218.8500061035156,-0.008382,0.6378,0.4342,8.9642,0.1822,0.008382,0,0.0802
TSLA,2024-10-22,217.97000122070312,-0.004021,0.6014,0.4255,8.5797,0.2018,0.004021,0,0.0703
TSLA,2024-10-23,213.6499938964844,-0.019819,1.1127,0.4221,8.4388,0.1725,0.019819,0,0.0788
TSLA,2024-10-24,260.4800109863281,0.21919,2.5688,0.9125,11.3021,0.8618,0.21919,1,-0.1881
TSLA,2024-10-25,269.19000244140625,0.033438,1.9208,0.9159,11.5072,0.9624,0.033438,1,-0.0178
TSLA,2024-10-28,262.510009765625,-0.024815,1.2593,0.9212,11.4924,0.8668,0.024815,0,0.0602
TSLA,2024-10-29,259.5199890136719,-0.01139,0.9457,0.9207,11.3478,0.8222,0.01139,0,0.0869
TSLA,2024-10-30,257.54998779296875,-0.007591,0.6494,0.9114,11.0748,0.7824,0.007591,0,0.0744
TSLA,2024-10-31,249.8500061035156,-0.029897,0.8076,0.9095,11.0337,0.6696,0.029897,0,0.0853
TSLA,2024-11-01,248.97999572753903,-0.003482,0.7106,0.8997,10.7718,0.659,0.003482,0,0.0803
TSLA,2024-11-04,242.83999633789065,-0.024661,0.8492,0.8939,10.7237,0.575,0.024661,0,0.084
TSLA,2024-11-05,251.44000244140625,0.035414,0.8484,0.9007,10.8464,0.6838,0.035414,0,0.0929
TSLA,2024-11-06,288.5299987792969,0.14751,1.9076,1.0334,12.7981,1.0516,0.14751,1,-0.121
TSLA,2024-11-07,296.9100036621094,0.029044,1.3282,1.0324,12.9004,1.0315,0.029044,0,0.0322
TSLA,2024-11-08,321.2200012207031,0.081877,2.2397,0.9878,14.2512,1.1072,0.081877,1,-0.0903
TSLA,2024-11-11,350.0,0.089596,2.156,1.0149,15.907,1.1455,0.089596,1,-0.0954
TSLA,2024-11-12,328.489990234375,-0.061457,1.5225,1.0584,16.6776,0.9337,0.061457,1,-0.0147
TSLA,2024-11-13,330.239990234375,0.005327,1.1823,1.0589,17.0651,0.8919,0.005327,0,0.0729
TSLA,2024-11-14,311.17999267578125,-0.057716,1.1019,1.0937,17.2656,0.7504,0.057716,0,0.0507
TSLA,2024-11-15,320.7200012207031,0.030658,1.0145,1.0917,17.1366,0.7796,0.030658,0,0.0959
TSLA,2024-11-18,338.739990234375,0.056186,1.08,1.0927,17.9007,0.8521,0.056186,0,0.064
TSLA,2024-11-19,346.0,0.021432,0.7465,1.0877,17.667,0.8605,0.021432,0,0.0899
TSLA,2024-11-20,342.0299987792969,-0.011474,0.5608,1.0835,17.2835,0.8134,0.011474,0,0.0683
TSLA,2024-11-21,339.6400146484375,-0.006988,0.5228,0.8116,16.9567,0.769,0.006988,0,0.1136
TSLA,2024-11-22,352.55999755859375,0.03804,0.8304,0.8132,17.4478,0.8153,0.03804,0,0.1288
TSLA,2024-11-25,338.5899963378906,-0.039624,0.8982,0.8244,17.8966,0.7063,0.039624,0,0.1303
TSLA,2024-11-26,338.2300109863281,-0.001063,0.5885,0.8209,17.4253,0.6836,0.001063,0,0.1101
TSLA,2024-11-27,332.8900146484375,-0.015788,0.546,0.8244,17.3206,0.6307,0.015788,0,0.1164
TSLA,2024-11-29,345.1600036621094,0.036859,0.3554,0.811,16.9805,0.6946,0.036859,0,0.0907
TSLA,2024-12-02,357.0899963378906,0.034564,0.7385,0.8092,16.8276,0.7654,0.034564,0,0.1325
TSLA,2024-12-03,351.4200134277344,-0.015878,0.5546,0.8035,16.2605,0.7177,0.015878,0,0.1187
TSLA,2024-12-04,357.92999267578125,0.018525,0.4879,0.8014,15.7775,0.8116,0.018525,0,0.1018
TSLA,2024-12-05,369.489990234375,0.032297,0.8144,0.6455,15.9006,0.9529,0.032297,0,0.1329
TSLA,2024-12-06,389.2200012207031,0.053398,0.8298,0.659,16.1935,1.1488,0.053398,0,0.0574
TSLA,2024-12-09,389.7900085449219,0.001464,1.039,0.6099,16.9505,1.0455,0.001464,0,0.1056
TSLA,2024-12-10,400.989990234375,0.028733,1.1202,0.5392,17.164,1.0575,0.028733,0,0.1244
TSLA,2024-12-11,424.7699890136719,0.059303,1.2339,0.504,17.6445,1.1276,0.059303,0,0.0629
TSLA,2024-12-12,418.1000061035156,-0.015703,1.0619,0.5139,17.4056,0.9815,0.015703,0,0.1393
TSLA,2024-12-13,436.2300109863281,0.043363,1.0981,0.4527,17.6331,1.0339,0.043363,0,0.1132
TSLA,2024-12-16,463.0199890136719,0.061413,1.4079,0.4772,18.3051,1.0929,0.061413,0,0.0387
TSLA,2024-12-17,479.8599853515625,0.03637,1.6143,0.4616,18.889,1.0667,0.03637,0,0.0463
TSLA,2024-12-18,440.1300048828125,-0.082795,1.7712,0.5834,21.9351,0.8088,0.082795,1,-0.0221
TSLA,2024-12-19,436.1700134277344,-0.008997,1.364,0.5821,22.9641,0.7596,0.008997,0,0.0761
TSLA,2024-12-20,421.05999755859375,-0.034642,1.4588,0.6025,23.4267,0.6592,0.034642,0,0.0649
TSLA,2024-12-23,430.6000061035156,0.022657,0.8094,0.596,23.1176,0.6912,0.022657,0,0.1161
TSLA,2024-12-24,462.2799987792969,0.073572,0.6768,0.6045,23.7649,0.8308,0.073572,1,-0.0218
TSLA,2024-12-26,454.1300048828125,-0.01763,0.861,0.6137,23.0896,0.761,0.01763,0,0.1055
TSLA,2024-12-27,431.6600036621094,-0.049479,0.9191,0.6472,23.4139,0.6149,0.049479,0,0.0795
TSLA,2024-12-30,417.4100036621094,-0.033012,0.7111,0.6617,22.8779,0.5056,0.033012,0,0.1013
TSLA,2024-12-31,403.8399963378906,-0.03251,0.8417,0.6719,23.0573,0.3921,0.03251,0,0.1116
TSLA,2025-01-02,379.2799987792969,-0.060816,1.1691,0.7101,23.6104,0.1851,0.060816,0,0.0638
TSLA,2025-01-03,410.44000244140625,0.082156,0.9933,0.7605,24.2525,0.3932,0.082156,1,-0.005
TSLA,2025-01-06,411.0499877929687,0.001486,0.8882,0.7553,24.2866,0.3687,0.001486,0,0.0821
TSLA,2025-01-07,394.3599853515625,-0.040603,0.7886,0.7514,24.2897,0.2055,0.040603,0,0.0776
TSLA,2025-01-08,394.94000244140625,0.001471,0.7703,0.7514,23.6333,0.2047,0.001471,0,0.0757
TSLA,2025-01-10,394.739990234375,-0.000506,0.6693,0.7446,23.5159,0.2096,0.000506,0,0.0755
TSLA,2025-01-13,403.30999755859375,0.021711,0.7408,0.7165,23.5305,0.3049,0.021711,0,0.0997
TSLA,2025-01-14,396.3599853515625,-0.017232,0.9286,0.7169,23.8569,0.2563,0.017232,0,0.0981
TSLA,2025-01-15,428.2200012207031,0.080382,0.8974,0.7586,24.5414,0.5512,0.080382,1,-0.0122
TSLA,2025-01-16,413.8200073242187,-0.033628,0.7731,0.7314,24.152,0.4378,0.033628,0,0.094
TSLA,2025-01-17,426.5,0.030641,1.0971,0.7274,24.2783,0.6047,0.030641,0,0.0876
TSLA,2025-01-21,424.0700073242187,-0.005698,1.046,0.6668,24.4649,0.5882,0.005698,0,0.0739
TSLA,2025-01-22,415.1099853515625,-0.021129,0.7563,0.6701,23.6752,0.4933,0.021129,0,0.101
TSLA,2025-01-23,412.3800048828125,-0.006577,0.6624,0.6591,22.8255,0.465,0.006577,0,0.103
TSLA,2025-01-24,406.5799865722656,-0.014065,0.7453,0.6551,22.1309,0.4073,0.014065,0,0.1196
TSLA,2025-01-27,397.1499938964844,-0.023193,0.7684,0.5941,21.8136,0.2981,0.023193,0,0.1242
TSLA,2025-01-28,398.0899963378906,0.002367,0.6586,0.5935,21.2619,0.3188,0.002367,0,0.1158
TSLA,2025-01-29,389.1000061035156,-0.022583,0.9251,0.5747,20.7511,0.1791,0.022583,0,0.1412
TSLA,2025-01-30,400.2799987792969,0.028733,1.3045,0.576,21.2753,0.4082,0.028733,0,0.1237
TSLA,2025-01-31,404.6000061035156,0.010792,1.1028,0.5654,21.1635,0.4918,0.010792,0,0.1359
TSLA,2025-02-03,383.6799926757813,-0.051705,1.2545,0.5531,21.8118,0.064,0.051705,0,0.0877
TSLA,2025-02-04,392.2099914550781,0.022232,0.7839,0.4716,21.1538,0.2601,0.022232,0,0.1366
TSLA,2025-02-05,378.1700134277344,-0.035797,0.8016,0.4864,20.8343,0.0557,0.035797,0,0.1176
TSLA,2025-02-06,374.3200073242187,-0.010181,1.0898,0.4674,20.4168,0.0469,0.010181,0,0.1251
TSLA,2025-02-07,361.6199951171875,-0.033928,0.9851,0.4804,20.402,-0.0478,0.033928,0,0.1038
TSLA,2025-02-10,350.7300109863281,-0.030114,1.0748,0.489,19.8155,-0.0688,0.030114,0,0.1085
TSLA,2025-02-11,328.5,-0.063382,1.5875,0.5187,20.2308,-0.1358,0.063382,0,0.0094
TSLA,2025-02-12,336.510009765625,0.024384,1.3919,0.5316,20.0643,0.0263,0.024384,0,0.0984
TSLA,2025-02-13,355.94000244140625,0.05774,1.1751,0.486,20.2154,0.2228,0.05774,0,0.0943
TSLA,2025-02-14,355.8399963378906,-0.000281,0.8971,0.4777,19.8072,0.2485,0.000281,0,0.139
TSLA,2025-02-18,354.1099853515625,-0.004862,0.6983,0.4567,19.041,0.2563,0.004862,0,0.1391
TSLA,2025-02-19,360.55999755859375,0.018215,0.9199,0.4667,18.6573,0.3339,0.018215,0,0.1638
TSLA,2025-02-20,354.3999938964844,-0.017085,0.6368,0.4653,18.3461,0.2953,0.017085,0,0.1425
TSLA,2025-02-21,337.79998779296875,-0.04684,1.0096,0.4858,18.5042,0.161,0.04684,0,0.1326
TSLA,2025-02-24,330.5299987792969,-0.021522,1.0231,0.4875,18.4468,0.1269,0.021522,0,0.1502
TSLA,2025-02-25,302.79998779296875,-0.083896,1.7178,0.5528,19.5063,-0.0442,0.083896,1,-0.0213
TSLA,2025-02-26,290.79998779296875,-0.03963,1.2407,0.5575,19.6101,-0.0451,0.03963,0,0.1085
TSLA,2025-02-27,281.95001220703125,-0.030433,1.235,0.5596,19.3773,-0.0172,0.030433,0,0.1189
TSLA,2025-02-28,292.9800109863281,0.03912,1.3895,0.5715,19.4417,0.109,0.03912,0,0.1066
TSLA,2025-03-03,284.6499938964844,-0.028432,1.3614,0.5651,19.9559,0.0892,0.028432,0,0.1157
TSLA,2025-03-04,272.0400085449219,-0.0443,1.4644,0.5596,20.1598,0.0588,0.0443,0,0.0812
TSLA,2025-03-05,279.1000061035156,0.025952,1.0641,0.5632,19.5655,0.1419,0.025952,0,0.1366
TSLA,2025-03-06,263.45001220703125,-0.056073,1.0886,0.5769,19.5308,0.0822,0.056073,0,0.1077
TSLA,2025-03-07,262.6700134277344,-0.002961,1.1169,0.5787,19.2443,0.1194,0.002961,0,0.1197
TSLA,2025-03-10,222.1499938964844,-0.154262,1.9373,0.7561,20.9176,-0.0471,0.154262,1,-0.1328
TSLA,2025-03-11,230.5800018310547,0.037947,1.7069,0.7855,20.8549,0.0695,0.037947,0,0.0061
TSLA,2025-03-12,248.08999633789065,0.075939,1.3721,0.8364,20.8838,0.2039,0.075939,0,0.016
TSLA,2025-03-13,240.67999267578125,-0.029868,1.1027,0.8267,20.5129,0.1967,0.029868,0,0.1125
TSLA,2025-03-14,249.97999572753903,0.038641,0.9578,0.8069,19.8262,0.2707,0.038641,0,0.1215
TSLA,2025-03-17,238.0099945068359,-0.047884,1.0473,0.8121,19.6372,0.2287,0.047884,0,0.1115
TSLA,2025-03-18,225.30999755859375,-0.053359,1.015,0.8194,19.3581,0.183,0.053359,0,0.1015
TSLA,2025-03-19,235.86000061035156,0.046824,0.9992,0.8435,19.1254,0.2618,0.046824,0,0.1079
TSLA,2025-03-20,236.2599945068359,0.001696,0.8631,0.8469,18.3272,0.2767,0.001696,0,0.1192
TSLA,2025-03-21,248.7100067138672,0.052696,1.128,0.8762,18.0874,0.3879,0.052696,0,0.1034
TSLA,2025-03-24,278.3900146484375,0.119336,1.3823,0.9942,18.9333,0.6932,0.119336,1,-0.048
TSLA,2025-03-25,288.1400146484375,0.035023,1.2212,0.9607,18.7895,0.8136,0.035023,0,0.1095
TSLA,2025-03-26,272.05999755859375,-0.055806,1.2212,0.971,18.9924,0.6602,0.055806,0,0.0799
TSLA,2025-03-27,273.1300048828125,0.003933,1.2618,0.9651,19.0665,0.6802,0.003933,0,0.0911
TSLA,2025-03-28,263.54998779296875,-0.035075,0.9579,0.9613,18.8139,0.5958,0.035075,0,0.1118
TSLA,2025-03-31,259.1600036621094,-0.016657,1.0295,0.9582,18.9122,0.5614,0.016657,0,0.1143
TSLA,2025-04-01,268.4599914550781,0.035885,1.1169,0.9545,18.8677,0.6844,0.035885,0,0.123
TSLA,2025-04-02,282.760009765625,0.053267,1.5521,0.9688,19.9286,0.8618,0.053267,0,0.0301
TSLA,2025-04-03,267.2799987792969,-0.054746,0.9798,0.9677,20.023,0.6612,0.054746,0,0.0782
TSLA,2025-04-04,239.42999267578125,-0.104198,1.268,1.0394,20.8271,0.3246,0.104198,1,-0.0578
TSLA,2025-04-07,233.2899932861328,-0.025644,1.2861,0.8782,22.0358,0.2299,0.025644,0,0.0732
TSLA,2025-04-08,221.86000061035156,-0.048995,1.2044,0.8876,22.7933,0.0998,0.048995,0,0.0521
TSLA,2025-04-09,272.20001220703125,0.2269,1.4995,1.1751,24.9388,0.7167,0.2269,1,-0.1913
TSLA,2025-04-10,252.3999938964844,-0.072741,1.214,1.2025,25.5053,0.4634,0.072741,1,-0.0581
TSLA,2025-04-11,252.30999755859375,-0.000357,0.8533,1.196,24.8535,0.4608,0.000357,0,0.0133
TSLA,2025-04-14,252.3500061035156,0.000159,0.6652,1.181,24.2118,0.4513,0.000159,0,0.01
TSLA,2025-04-15,254.11000061035156,0.006974,0.5344,1.1604,23.2831,0.4519,0.006974,0,0.0204
TSLA,2025-04-16,241.5500030517578,-0.049427,0.7544,1.1684,23.0643,0.2703,0.049427,0,0.0114
TSLA,2025-04-17,241.3699951171875,-0.000745,0.5629,1.1685,21.8926,0.2602,0.000745,0,0.0072
TSLA,2025-04-21,227.5,-0.057464,0.6677,1.1724,21.656,0.1042,0.057464,1,-0.0113
TSLA,2025-04-22,237.97000122070312,0.046022,0.8392,1.0983,21.2012,0.2684,0.046022,0,0.041
TSLA,2025-04-23,250.7400054931641,0.053662,1.0442,1.1094,21.2212,0.4636,0.053662,0,0.0422
TSLA,2025-04-24,259.510009765625,0.034976,0.6697,1.1007,20.4439,0.6075,0.034976,0,0.0622
TSLA,2025-04-25,284.95001220703125,0.098031,1.1858,1.1548,20.9365,0.9632,0.098031,1,-0.0671
TSLA,2025-04-28,285.8800048828125,0.003264,1.0632,1.1453,21.0439,0.9261,0.003264,0,0.0406
TSLA,2025-04-29,292.0299987792969,0.021513,0.7699,1.1432,20.53,0.9433,0.021513,0,0.0575
TSLA,2025-04-30,282.1600036621094,-0.033798,0.9174,1.1476,20.5815,0.8039,0.033798,0,0.0593
TSLA,2025-05-01,280.5199890136719,-0.005812,0.7387,1.1336,19.9014,0.7877,0.005812,0,0.0692
TSLA,2025-05-02,287.2099914550781,0.023849,0.8552,1.1157,19.5491,0.8396,0.023849,0,0.086
TSLA,2025-05-05,280.260009765625,-0.024198,0.7306,1.045,19.0678,0.7355,0.024198,0,0.0896
TSLA,2025-05-06,275.3500061035156,-0.017519,0.6179,1.0418,18.3422,0.6606,0.017519,0,0.088
TSLA,2025-05-07,276.2200012207031,0.00316,0.6008,1.0186,17.5263,0.6529,0.00316,0,0.0863
TSLA,2025-05-08,284.82000732421875,0.031135,0.8626,0.6394,17.2445,0.7494,0.031135,0,0.1591
TSLA,2025-05-09,298.260009765625,0.047188,1.197,0.5907,17.5998,0.8692,0.047188,0,0.1293
TSLA,2025-05-12,318.3800048828125,0.067458,1.0276,0.6245,18.0534,1.0074,0.067458,0,0.0675
TSLA,2025-05-13,334.07000732421875,0.049281,1.2271,0.636,18.2489,1.049,0.049281,0,0.0951
TSLA,2025-05-14,347.67999267578125,0.04074,1.1964,0.6417,18.0833,1.0493,0.04074,0,0.1107
TSLA,2025-05-15,342.82000732421875,-0.013978,0.8602,0.6046,17.7173,0.9449,0.013978,0,0.1435
TSLA,2025-05-16,349.9800109863281,0.020886,0.8382,0.6004,17.1154,0.9386,0.020886,0,0.158
TSLA,2025-05-19,342.0899963378906,-0.022544,0.7798,0.5519,17.0793,0.8539,0.022544,0,0.1503
TSLA,2025-05-20,343.82000732421875,0.005057,1.1503,0.5466,16.8136,0.8399,0.005057,0,0.1472
TSLA,2025-05-21,334.6199951171875,-0.026758,0.913,0.5537,16.6948,0.7453,0.026758,0,0.1609
TSLA,2025-05-22,341.0400085449219,0.019186,0.8652,0.549,16.6366,0.7737,0.019186,0,0.1742
TSLA,2025-05-23,339.3399963378906,-0.004985,0.7832,0.4542,16.1604,0.7345,0.004985,0,0.1626
TSLA,2025-05-27,362.8900146484375,0.069399,1.128,0.5011,16.7525,0.8836,0.069399,0,0.0743
TSLA,2025-05-28,356.8999938964844,-0.016506,0.8653,0.51,16.2052,0.8009,0.016506,0,0.1723
TSLA,2025-05-29,358.42999267578125,0.004287,0.8503,0.4833,15.8841,0.7834,0.004287,0,0.1697
TSLA,2025-05-30,346.4599914550781,-0.033396,1.1783,0.5065,16.0631,0.6688,0.033396,0,0.1533
TSLA,2025-06-02,342.69000244140625,-0.010881,0.7937,0.5099,15.965,0.6196,0.010881,0,0.1784
TSLA,2025-06-03,344.2699890136719,0.004611,0.9607,0.4948,15.7325,0.6142,0.004611,0,0.1738
TSLA,2025-06-04,332.04998779296875,-0.035495,0.9465,0.5123,15.9138,0.4701,0.035495,0,0.1564
TSLA,2025-06-05,284.70001220703125,-0.142599,2.4935,0.7457,18.9799,-0.0685,0.142599,1,-0.1533
TSLA,2025-06-06,295.1400146484375,0.03667,1.3884,0.7488,19.1099,0.0184,0.03667,0,0.0764
TSLA,2025-06-09,308.5799865722656,0.045538,1.1833,0.7475,19.7435,0.1576,0.045538,0,0.1015
TSLA,2025-06-10,326.0899963378906,0.056744,1.25,0.7361,19.7083,0.3673,0.056744,0,0.098
TSLA,2025-06-11,326.42999267578125,0.001043,1.0193,0.7149,19.2291,0.3771,0.001043,0,0.1269
TSLA,2025-06-12,319.1099853515625,-0.022424,0.8857,0.702,18.977,0.3053,0.022424,0,0.1509
TSLA,2025-06-13,325.30999755859375,0.019429,1.0725,0.7053,19.0279,0.3928,0.019429,0,0.1477
TSLA,2025-06-16,329.1300048828125,0.011743,0.7014,0.7021,18.1502,0.452,0.011743,0,0.1423
TSLA,2025-06-17,316.3500061035156,-0.03883,0.738,0.7107,17.8816,0.3098,0.03883,0,0.1296
TSLA,2025-06-18,322.04998779296875,0.018018,0.8077,0.7141,17.5951,0.3935,0.018018,0,0.1529
TSLA,2025-06-20,322.1600036621094,0.000342,0.9202,0.7083,17.3797,0.403,0.000342,0,0.1345
TSLA,2025-06-23,348.67999267578125,0.082319,1.5532,0.7652,18.6655,0.725,0.082319,0,0.0124
TSLA,2025-06-24,340.4700012207031,-0.023546,0.9231,0.7703,18.4622,0.6234,0.023546,0,0.1451
TSLA,2025-06-25,327.54998779296875,-0.037948,0.9643,0.7381,18.7578,0.4858,0.037948,0,0.1382
TSLA,2025-06-26,325.7799987792969,-0.005404,0.6501,0.7367,17.9494,0.4818,0.005404,0,0.1377
TSLA,2025-06-27,323.6300048828125,-0.0066,0.7196,0.7361,17.513,0.4736,0.0066,0,0.1486
TSLA,2025-06-30,317.6600036621094,-0.018447,0.6316,0.7301,16.9035,0.3988,0.018447,0,0.1357
TSLA,2025-07-01,300.7099914550781,-0.053359,1.1644,0.7512,17.4425,0.1613,0.053359,0,0.1029
TSLA,2025-07-02,315.6499938964844,0.049682,0.9513,0.7759,17.3481,0.4197,0.049682,0,0.1172
TSLA,2025-07-03,315.3500061035156,-0.00095,0.4697,0.7664,16.5153,0.4277,0.00095,0,0.1
TSLA,2025-07-07,293.94000244140625,-0.067893,1.1333,0.6147,17.2342,0.0135,0.067893,0,0.0677
TSLA,2025-07-08,297.80999755859375,0.013166,0.9163,0.6029,16.7254,0.0753,0.013166,0,0.1303
TSLA,2025-07-09,295.8800048828125,-0.006481,0.6909,0.5799,16.0021,0.0785,0.006481,0,0.1217
TSLA,2025-07-10,309.8699951171875,0.047283,0.9748,0.5681,15.902,0.3435,0.047283,0,0.1295
TSLA,2025-07-11,313.510009765625,0.011747,0.7554,0.5702,15.369,0.4192,0.011747,0,0.1626
TSLA,2025-07-14,316.8999938964844,0.010813,0.7538,0.5661,14.9805,0.4818,0.010813,0,0.1628
TSLA,2025-07-15,310.7799987792969,-0.019312,0.7681,0.5654,14.6747,0.3852,0.019312,0,0.1625
TSLA,2025-07-16,321.6700134277344,0.035041,0.9572,0.5786,14.5351,0.5883,0.035041,0,0.1628
TSLA,2025-07-17,319.4100036621094,-0.007026,0.7325,0.5615,14.0169,0.5444,0.007026,0,0.1586
TSLA,2025-07-18,329.6499938964844,0.032059,0.9344,0.5692,13.8364,0.7198,0.032059,0,0.1559
TSLA,2025-07-21,328.489990234375,-0.003519,0.7636,0.5695,13.6424,0.6909,0.003519,0,0.1502
TSLA,2025-07-22,332.1099853515625,0.01102,0.827,0.4855,13.6579,0.8013,0.01102,0,0.1658
TSLA,2025-07-23,332.55999755859375,0.001355,1.0011,0.4788,13.2202,0.8358,0.001355,0,0.1482
TSLA,2025-07-24,305.29998779296875,-0.08197,1.6644,0.5451,14.5723,0.29,0.08197,0,0.0001
TSLA,2025-07-25,316.05999755859375,0.035244,1.5172,0.5615,14.8407,0.5259,0.035244,0,0.1054
TSLA,2025-07-28,325.5899963378906,0.030152,1.1395,0.5717,14.8378,0.726,0.030152,0,0.1552
TSLA,2025-07-29,321.20001220703125,-0.013483,0.8788,0.5697,14.3494,0.6283,0.013483,0,0.1667
TSLA,2025-07-30,319.0400085449219,-0.006725,0.8711,0.5334,14.2409,0.566,0.006725,0,0.1676
TSLA,2025-07-31,308.2699890136719,-0.033758,0.901,0.5196,14.3144,0.3392,0.033758,0,0.1498
TSLA,2025-08-01,302.6300048828125,-0.018296,0.9265,0.5234,14.1126,0.2387,0.018296,0,0.1633
TSLA,2025-08-04,309.260009765625,0.021908,0.8409,0.4663,13.7825,0.3499,0.021908,0,0.1666
TSLA,2025-08-05,308.7200012207031,-0.001746,0.6348,0.465,13.2944,0.313,0.001746,0,0.1385
TSLA,2025-08-06,319.9100036621094,0.036246,0.8586,0.4789,13.312,0.5657,0.036246,0,0.1558
TSLA,2025-08-07,322.2699890136719,0.007377,0.7442,0.4517,12.8068,0.6157,0.007377,0,0.1519
TSLA,2025-08-08,329.6499938964844,0.0229,1.0115,0.4564,12.9042,0.7916,0.0229,0,0.1616
TSLA,2025-08-11,339.0299987792969,0.028454,1.1507,0.4647,13.196,0.9658,0.028454,0,0.1299
TSLA,2025-08-12,340.8399963378906,0.005339,0.8783,0.4566,13.1335,0.941,0.005339,0,0.1421
TSLA,2025-08-13,339.3800048828125,-0.004284,0.752,0.4435,12.9654,0.8638,0.004284,0,0.139
TSLA,2025-08-14,335.5799865722656,-0.011197,0.8309,0.445,12.7585,0.7573,0.011197,0,0.1574
TSLA,2025-08-15,330.55999755859375,-0.014959,0.8326,0.4353,12.7244,0.651,0.014959,0,0.1562
TSLA,2025-08-18,335.1600036621094,0.013916,0.6449,0.4375,12.2926,0.7353,0.013916,0,0.1262
TSLA,2025-08-19,329.30999755859375,-0.017454,0.8607,0.4408,12.3217,0.6193,0.017454,0,0.1632
TSLA,2025-08-20,323.8999938964844,-0.016428,0.8855,0.4446,12.6395,0.5171,0.016428,0,0.1635
TSLA,2025-08-21,320.1099853515625,-0.011701,0.6762,0.3299,12.1809,0.4173,0.011701,0,0.109
TSLA,2025-08-22,340.010009765625,0.062166,1.1792,0.3759,12.7794,0.8223,0.062166,0,0.0664
TSLA,2025-08-25,346.6000061035156,0.019382,1.1051,0.3678,12.9023,0.9077,0.019382,0,0.1288
TSLA,2025-08-26,351.6700134277344,0.014628,0.9841,0.3642,12.565,0.9375,0.014628,0,0.1188
TSLA,2025-08-27,349.6000061035156,-0.005886,0.8512,0.3639,12.1125,0.8546,0.005886,0,0.1238
TSLA,2025-08-28,345.9800109863281,-0.010355,0.8923,0.3396,12.1966,0.7668,0.010355,0,0.1331
TSLA,2025-08-29,333.8699951171875,-0.035002,1.0719,0.36,12.5433,0.5263,0.035002,0,0.1257
TSLA,2025-09-02,329.3599853515625,-0.013508,0.7818,0.3602,12.2381,0.405,0.013508,0,0.1448
TSLA,2025-09-03,334.0899963378906,0.014361,1.1641,0.3616,12.4225,0.48,0.014361,0,0.129
TSLA,2025-09-04,338.5299987792969,0.01329,0.8059,0.3434,12.0644,0.5785,0.01329,0,0.1312
TSLA,2025-09-05,350.8399963378906,0.036363,1.4072,0.3631,12.4413,0.888,0.036363,0,0.0911
TSLA,2025-09-08,346.3999938964844,-0.012655,0.9811,0.3611,12.524,0.7367,0.012655,0,0.139
TSLA,2025-09-09,346.9700012207031,0.001646,0.7265,0.3481,12.1259,0.7357,0.001646,0,0.1086
TSLA,2025-09-10,347.7900085449219,0.002363,0.9791,0.3478,11.9926,0.7426,0.002363,0,0.121
TSLA,2025-09-11,368.80999755859375,0.060439,1.3751,0.4053,12.6639,1.1232,0.060439,0,0.0212
TSLA,2025-09-12,395.94000244140625,0.073561,2.099,0.4686,13.7507,1.2817,0.073561,1,-0.0702
TSLA,2025-09-15,410.0400085449219,0.035611,1.9367,0.4691,14.8942,1.2069,0.035611,1,-0.0028
TSLA,2025-09-16,421.6199951171875,0.028241,1.1993,0.4729,14.7739,1.1365,0.028241,0,0.1012
TSLA,2025-09-17,425.8599853515625,0.010056,1.1998,0.4601,15.0501,1.05,0.010056,0,0.1222
TSLA,2025-09-18,416.8500061035156,-0.021157,1.0151,0.4645,15.0936,0.9186,0.021157,0,0.1452
TSLA,2025-09-19,426.0700073242187,0.022118,1.0236,0.4559,14.917,0.9283,0.022118,0,0.1588
TSLA,2025-09-22,434.2099914550781,0.019105,1.0655,0.4209,15.2022,0.9223,0.019105,0,0.1525
TSLA,2025-09-23,425.8500061035156,-0.019253,0.917,0.4348,15.3484,0.8272,0.019253,0,0.1606
TSLA,2025-09-24,442.7900085449219,0.039779,1.0146,0.4468,15.5636,0.8834,0.039779,0,0.148
TSLA,2025-09-25,423.3900146484375,-0.043813,1.0363,0.4855,16.1454,0.7406,0.043813,0,0.1315
TSLA,2025-09-26,440.3999938964844,0.040176,1.0693,0.4904,16.3815,0.8077,0.040176,0,0.1582
TSLA,2025-09-29,443.2099914550781,0.006381,0.8371,0.4581,16.0314,0.7941,0.006381,0,0.1705
TSLA,2025-09-30,444.7200012207031,0.003407,0.7765,0.4481,15.7349,0.7779,0.003407,0,0.1647
TSLA,2025-10-01,459.4599914550781,0.033144,1.0197,0.4524,16.1495,0.8371,0.033144,0,0.1602
TSLA,2025-10-02,436.0,-0.05106,1.3695,0.5121,17.5088,0.6719,0.05106,0,0.1095
TSLA,2025-10-03,429.8299865722656,-0.014151,1.3154,0.5132,18.4146,0.6117,0.014151,0,0.1441
TSLA,2025-10-06,453.25,0.054487,0.8385,0.5278,18.7936,0.7637,0.054487,0,0.1128
TSLA,2025-10-07,433.0899963378906,-0.044479,0.9819,0.5662,18.9369,0.5847,0.044479,0,0.1378
TSLA,2025-10-08,438.69000244140625,0.01293,0.6836,0.5651,18.7343,0.6256,0.01293,0,0.151
TSLA,2025-10-09,435.5400085449219,-0.00718,0.677,0.539,18.2897,0.5632,0.00718,0,0.1537
TSLA,2025-10-10,413.489990234375,-0.050627,1.1254,0.5214,19.2461,0.1237,0.050627,0,0.1257
TSLA,2025-10-13,435.8999938964844,0.054197,0.8339,0.5408,19.5428,0.5407,0.054197,0,0.1146
TSLA,2025-10-14,429.239990234375,-0.015279,0.7746,0.5366,19.4355,0.3861,0.015279,0,0.1564
TSLA,2025-10-15,435.1499938964844,0.013769,0.777,0.5375,19.0601,0.5066,0.013769,0,0.1633
TSLA,2025-10-16,428.75,-0.014708,0.8443,0.5344,18.9872,0.3391,0.014708,0,0.1618
TSLA,2025-10-17,439.30999755859375,0.02463,0.9791,0.5357,18.9067,0.5783,0.02463,0,0.1712
TSLA,2025-10-20,447.4299926757813,0.018484,0.7114,0.5354,18.3055,0.7538,0.018484,0,0.1569
TSLA,2025-10-21,442.6000061035156,-0.010795,0.6175,0.5318,17.5158,0.6217,0.010795,0,0.1492
TSLA,2025-10-22,438.9700012207031,-0.008202,0.9585,0.5141,17.4461,0.5381,0.008202,0,0.1733
TSLA,2025-10-23,448.9800109863281,0.022803,1.4211,0.4927,18.7357,0.7589,0.022803,0,0.1258
TSLA,2025-10-24,433.7200012207031,-0.033988,1.0666,0.4895,18.9339,0.3836,0.033988,0,0.1534
TSLA,2025-10-27,452.4200134277344,0.043115,1.1745,0.513,19.47,0.8263,0.043115,0,0.1315
TSLA,2025-10-28,460.5499877929687,0.01797,0.8868,0.5163,19.1793,0.9575,0.01797,0,0.142
TSLA,2025-10-29,461.510009765625,0.002085,0.7646,0.5033,18.7415,0.9683,0.002085,0,0.1154
TSLA,2025-10-30,440.1000061035156,-0.046391,0.8455,0.4971,18.9671,0.5038,0.046391,0,0.1309
TSLA,2025-10-31,456.55999755859375,0.037401,0.9994,0.5099,18.8909,0.8211,0.037401,0,0.1565
TSLA,2025-11-03,468.3699951171875,0.025867,1.0174,0.4813,18.9894,1.0018,0.025867,0,0.1372
TSLA,2025-11-04,444.260009765625,-0.051476,1.0647,0.4908,19.4023,0.5325,0.051476,0,0.1265
TSLA,2025-11-05,462.0700073242187,0.040089,1.0292,0.5082,19.8464,0.836,0.040089,0,0.1406
TSLA,2025-11-06,445.9100036621094,-0.034973,1.2873,0.5249,20.7402,0.5305,0.034973,0,0.1314
TSLA,2025-11-07,429.5199890136719,-0.036756,1.2212,0.5086,20.9752,0.1753,0.036756,0,0.1341
TSLA,2025-11-10,445.2300109863281,0.036576,0.9047,0.4883,20.9163,0.4936,0.036576,0,0.1358
TSLA,2025-11-11,439.6199951171875,-0.0126,0.7209,0.4872,20.3415,0.3569,0.0126,0,0.1413
TSLA,2025-11-12,430.6000061035156,-0.020518,0.7023,0.491,20.015,0.1693,0.020518,0,0.1292
TSLA,2025-11-13,401.989990234375,-0.066442,1.3928,0.5431,21.0325,-0.2223,0.066442,0,0.0077
TSLA,2025-11-14,404.3500061035156,0.005871,1.2238,0.5346,21.6309,-0.0574,0.005871,0,0.0744
TSLA,2025-11-17,408.9200134277344,0.011302,1.1597,0.5312,21.8873,0.0748,0.011302,0,0.1067
TSLA,2025-11-18,401.25,-0.018757,0.902,0.5333,21.4103,0.0476,0.018757,0,0.1144
TSLA,2025-11-19,403.989990234375,0.006829,0.8109,0.5346,20.8296,0.1271,0.006829,0,0.1254
TSLA,2025-11-20,395.2300109863281,-0.021684,1.2875,0.5287,21.7846,0.0895,0.021684,0,0.1088
TSLA,2025-11-21,391.0899963378906,-0.010475,1.1354,0.5186,21.5886,0.1001,0.010475,0,0.1185
TSLA,2025-11-24,417.7799987792969,0.068245,1.0997,0.5556,22.2344,0.3754,0.068245,0,0.0526
TSLA,2025-11-25,419.3999938964844,0.003878,0.8208,0.5507,21.6841,0.4083,0.003878,0,0.1285
TSLA,2025-11-26,426.5799865722656,0.01712,0.7262,0.5555,20.8531,0.4993,0.01712,0,0.141
TSLA,2025-11-28,430.1700134277344,0.008416,0.4236,0.5328,19.8443,0.5437,0.008416,0,0.1086
TSLA,2025-12-01,430.1400146484375,-7e-05,0.6817,0.5136,19.0247,0.5606,7e-05,0,0.1337
TSLA,2025-12-02,429.239990234375,-0.002092,0.8301,0.5026,18.7143,0.582,0.002092,0,0.1588
TSLA,2025-12-03,446.739990234375,0.04077,1.0475,0.4933,18.7119,0.8031,0.04077,0,0.152
TSLA,2025-12-04,454.5299987792969,0.017437,0.8681,0.4755,18.0353,0.9231,0.017437,0,0.158
TSLA,2025-12-05,455.0,0.001034,0.7038,0.4577,17.2621,0.9084,0.001034,0,0.1296
TSLA,2025-12-08,439.5799865722656,-0.03389,0.8815,0.4546,17.4398,0.7017,0.03389,0,0.1559
TSLA,2025-12-09,445.1700134277344,0.012717,0.8021,0.4378,17.3862,0.7722,0.012717,0,0.167
TSLA,2025-12-10,451.4500122070313,0.014107,0.8122,0.4376,17.0922,0.8326,0.014107,0,0.1654
TSLA,2025-12-11,446.8900146484375,-0.010101,0.7199,0.4321,16.6656,0.7597,0.010101,0,0.1558
TSLA,2025-12-12,458.9599914550781,0.027009,1.2488,0.3557,16.9995,0.8593,0.027009,0,0.1292
TSLA,2025-12-15,475.30999755859375,0.035624,1.4866,0.37,17.4146,0.9701,0.035624,0,0.0846
TSLA,2025-12-16,489.8800048828125,0.030654,1.3917,0.3783,18.0042,1.0212,0.030654,0,0.0925
TSLA,2025-12-17,467.260009765625,-0.046175,1.3547,0.416,18.7954,0.7772,0.046175,0,0.096
TSLA,2025-12-18,483.3699951171875,0.034478,1.1931,0.4264,19.1385,0.8878,0.034478,0,0.1319
TSLA,2025-12-19,481.2000122070313,-0.004489,1.3035,0.414,18.8979,0.8414,0.004489,0,0.1129
TSLA,2025-12-22,488.7300109863281,0.015648,1.1061,0.407,18.8074,0.9003,0.015648,0,0.1393
TSLA,2025-12-23,485.55999755859375,-0.006486,0.7596,0.3515,18.1161,0.8334,0.006486,0,0.1279
TSLA,2025-12-24,485.3999938964844,-0.00033,0.5496,0.3525,17.8293,0.8047,0.00033,0,0.0911
TSLA,2025-12-26,475.19000244140625,-0.021034,0.785,0.3646,17.6465,0.6693,0.021034,0,0.1488
TSLA,2025-12-29,459.6400146484375,-0.032724,0.8675,0.3889,17.5424,0.4642,0.032724,0,0.1472
TSLA,2025-12-30,454.4299926757813,-0.011335,0.7747,0.3923,16.953,0.3736,0.011335,0,0.1674
TSLA,2025-12-31,449.7200012207031,-0.010365,0.6504,0.3949,16.2599,0.2766,0.010365,0,0.1474
TSLA,2026-01-02,438.0700073242187,-0.025905,1.135,0.3801,16.7442,0.1226,0.025905,0,0.141
TSLA,2026-01-05,451.6700134277344,0.031045,0.9039,0.3916,16.9396,0.3216,0.031045,0,0.1536
TSLA,2026-01-06,432.9599914550781,-0.041424,1.1602,0.4182,17.3646,0.0982,0.041424,0,0.1239
TSLA,2026-01-07,431.4100036621094,-0.00358,0.7838,0.4012,16.63,0.0963,0.00358,0,0.1355
TSLA,2026-01-08,435.7999877929687,0.010176,0.7499,0.4001,16.3364,0.1686,0.010176,0,0.151
TSLA,2026-01-09,445.010009765625,0.021134,0.8829,0.4044,16.5024,0.291,0.021134,0,0.1694
TSLA,2026-01-12,448.9599914550781,0.008876,0.8054,0.4039,16.488,0.3382,0.008876,0,0.1685
TSLA,2026-01-13,447.2000122070313,-0.00392,0.7215,0.3918,15.8717,0.3258,0.00392,0,0.1618
TSLA,2026-01-14,439.2000122070313,-0.017889,0.7998,0.3709,15.6651,0.2531,0.017889,0,0.1652
TSLA,2026-01-15,438.5700073242187,-0.001434,0.7202,0.3483,15.0969,0.2676,0.001434,0,0.1407
TSLA,2026-01-16,437.5,-0.00244,0.9074,0.3131,14.875,0.2763,0.00244,0,0.1441
TSLA,2026-01-20,419.25,-0.041714,0.9756,0.3085,15.2453,0.0977,0.041714,0,0.0995
TSLA,2026-01-21,431.44000244140625,0.029076,1.0812,0.334,15.51,0.2688,0.029076,0,0.1388
TSLA,2026-01-22,449.3599853515625,0.041535,1.1495,0.3665,15.6921,0.5219,0.041535,0,0.1324
TSLA,2026-01-23,449.05999755859375,-0.000668,0.9132,0.3666,15.1705,0.5505,0.000668,0,0.1575
TSLA,2026-01-26,435.2000122070313,-0.030864,0.7894,0.3787,15.1426,0.3303,0.030864,0,0.1423
TSLA,2026-01-27,430.8999938964844,-0.009881,0.6133,0.3746,14.5489,0.2396,0.009881,0,0.1402
TSLA,2026-01-28,431.4599914550781,0.0013,0.9,0.3599,14.0925,0.2713,0.0013,0,0.1548
TSLA,2026-01-29,416.55999755859375,-0.034534,1.316,0.3761,14.9152,-0.0408,0.034534,0,0.0955
TSLA,2026-01-30,430.4100036621094,0.033249,1.2961,0.3977,15.5155,0.3289,0.033249,0,0.14
TSLA,2026-02-02,421.80999755859375,-0.019981,0.9412,0.3935,15.5437,0.1477,0.019981,0,0.1559
TSLA,2026-02-03,421.9599914550781,0.000356,0.9196,0.3743,15.4956,0.1811,0.000356,0,0.1437
TSLA,2026-02-04,406.010009765625,-0.0378,1.2204,0.3696,16.1545,-0.0756,0.0378,0,0.0949
TSLA,2026-02-05,397.2099914550781,-0.021674,1.1786,0.3756,16.3206,-0.099,0.021674,0,0.1001
TSLA,2026-02-06,411.1099853515625,0.034994,1.0099,0.3975,16.3934,0.1792,0.034994,0,0.1452
TSLA,2026-02-09,417.3200073242187,0.015106,0.887,0.3933,16.2196,0.3036,0.015106,0,0.17
TSLA,2026-02-10,425.2099914550781,0.018906,1.0469,0.3989,15.7932,0.4536,0.018906,0,0.1673
TSLA,2026-02-11,428.2699890136719,0.007196,0.929,0.4003,15.8308,0.5257,0.007196,0,0.1703
TSLA,2026-02-12,417.0700073242187,-0.026152,0.9993,0.4057,16.2879,0.3355,0.026152,0,0.1586
TSLA,2026-02-13,417.44000244140625,0.000887,0.8286,0.4058,16.0659,0.36,0.000887,0,0.1621
TSLA,2026-02-17,410.6300048828125,-0.016314,0.9618,0.409,16.1276,0.255,0.016314,0,0.1733
TSLA,2026-02-18,411.3200073242187,0.00168,0.7505,0.3824,15.4985,0.2801,0.00168,0,0.1554
TSLA,2026-02-19,411.7099914550781,0.000948,0.8457,0.3661,15.1872,0.3071,0.000948,0,0.16
TSLA,2026-02-20,411.8200073242187,0.000267,0.9709,0.3282,14.7595,0.3247,0.000267,0,0.1429
TSLA,2026-02-23,399.8299865722656,-0.029115,1.1556,0.3395,14.9753,0.0776,0.029115,0,0.1222
TSLA,2026-02-24,409.3800048828125,0.023885,0.9642,0.341,14.847,0.3226,0.023885,0,0.1584
TSLA,2026-02-25,417.3999938964844,0.019591,0.8896,0.3489,14.5694,0.546,0.019591,0,0.163
TSLA,2026-02-26,408.5799865722656,-0.021131,0.8709,0.3557,14.5102,0.3261,0.021131,0,0.161
TSLA,2026-02-27,402.510009765625,-0.014856,0.9434,0.3386,14.2216,0.1843,0.014856,0,0.1519
TSLA,2026-03-02,403.3200073242187,0.002012,0.9348,0.3133,14.3693,0.2261,0.002012,0,0.1404
TSLA,2026-03-03,392.4299926757813,-0.027001,1.0591,0.3193,14.6237,-0.0058,0.027001,0,0.1095
TSLA,2026-03-04,405.94000244140625,0.034427,1.1443,0.3464,14.7148,0.3794,0.034427,0,0.1405
TSLA,2026-03-05,405.5499877929687,-0.000961,0.8867,0.319,14.3209,0.3692,0.000961,0,0.1445
TSLA,2026-03-06,396.7300109863281,-0.021748,1.1021,0.3191,14.108,0.1235,0.021748,0,0.1243
TSLA,2026-03-09,398.6799926757813,0.004915,1.1488,0.2923,14.5424,0.2072,0.004915,0,0.1126
TSLA,2026-03-10,399.239990234375,0.001405,1.0116,0.286,14.1037,0.2489,0.001405,0,0.1212
TSLA,2026-03-11,407.8200073242187,0.021491,1.0697,0.2886,14.3206,0.5011,0.021491,0,0.1328
TSLA,2026-03-12,395.010009765625,-0.031411,1.0394,0.3045,14.2384,0.1296,0.031411,0,0.1077
TSLA,2026-03-13,391.2000122070313,-0.009645,1.0002,0.294,13.9535,0.0598,0.009645,0,0.101
TSLA,2026-03-16,395.55999755859375,0.011145,0.9872,0.298,13.8518,0.2239,0.011145,0,0.1271
TSLA,2026-03-17,399.2699890136719,0.009379,0.8059,0.2962,13.371,0.3662,0.009379,0,0.1246
TSLA,2026-03-18,392.7799987792969,-0.016255,0.8703,0.3007,13.1845,0.179,0.016255,0,0.1236
TSLA,2026-03-19,380.2999877929687,-0.031774,1.1324,0.3181,13.2463,-0.099,0.031774,0,0.0705
TSLA,2026-03-20,367.9599914550781,-0.032448,1.3046,0.3335,13.4316,-0.2054,0.032448,0,0.0483
TSLA,2026-03-23,380.8500061035156,0.035031,1.2328,0.3503,13.7129,0.1375,0.035031,0,0.1132
TSLA,2026-03-24,383.0299987792969,0.005724,0.9904,0.3381,13.5312,0.2155,0.005724,0,0.1475
TSLA,2026-03-25,385.9500122070313,0.007623,0.9101,0.33,13.5076,0.2961,0.007623,0,0.1475
TSLA,2026-03-26,372.1099853515625,-0.03586,0.9147,0.3441,13.5485,0.0396,0.03586,0,0.1116
TSLA,2026-03-27,361.8299865722656,-0.027626,1.0182,0.3522,13.4836,-0.0591,0.027626,0,0.0986
TSLA,2026-03-30,355.2799987792969,-0.018102,1.1031,0.354,13.6026,-0.0584,0.018102,0,0.1021
TSLA,2026-03-31,371.75,0.046358,1.2134,0.3904,13.9203,0.2441,0.046358,0,0.1093
TSLA,2026-04-01,381.260009765625,0.025582,0.9501,0.3805,13.7395,0.4172,0.025582,0,0.1582
TSLA,2026-04-02,360.5899963378906,-0.054215,1.3112,0.4217,14.346,0.1107,0.054215,0,0.0896
TSLA,2026-04-06,352.82000732421875,-0.021548,1.2139,0.4216,14.827,0.053,0.021548,0,0.1339
TSLA,2026-04-07,346.6499938964844,-0.017488,1.1574,0.4217,14.8808,0.034,0.017488,0,0.1379
TSLA,2026-04-08,343.25,-0.009808,1.2062,0.4208,15.5914,0.0525,0.009808,0,0.1343
TSLA,2026-04-09,345.6199951171875,0.006905,0.9514,0.4107,15.3085,0.1194,0.006905,0,0.1515
TSLA,2026-04-10,348.95001220703125,0.009635,0.7915,0.4053,14.7593,0.1973,0.009635,0,0.1596
TSLA,2026-04-13,352.4200134277344,0.009944,0.8298,0.4089,14.2608,0.2693,0.009944,0,0.1648
TSLA,2026-04-14,364.2000122070313,0.033426,0.9269,0.4277,14.3286,0.4531,0.033426,0,0.1563
TSLA,2026-04-15,391.9500122070313,0.076194,1.6724,0.5123,15.6015,0.8883,0.076194,0,0.0108
TSLA,2026-04-16,388.8999938964844,-0.007782,0.9247,0.5097,15.3629,0.8506,0.007782,0,0.1635
TSLA,2026-04-17,400.6199951171875,0.030136,1.2974,0.5059,15.7212,0.975,0.030136,0,0.135
TSLA,2026-04-20,392.5,-0.020269,0.9341,0.4963,15.9176,0.8236,0.020269,0,0.1663
TSLA,2026-04-21,386.4200134277344,-0.01549,0.7435,0.4863,15.4042,0.733,0.01549,0,0.1645
TSLA,2026-04-22,387.510009765625,0.002821,0.916,0.4861,14.8546,0.7421,0.002821,0,0.1634
TSLA,2026-04-23,373.7200012207031,-0.035586,1.3421,0.5022,15.1593,0.566,0.035586,0,0.1303
TSLA,2026-04-24,376.2999877929687,0.006904,0.8935,0.4857,14.9357,0.5982,0.006904,0,0.1771
TSLA,2026-04-27,378.6700134277344,0.006298,0.945,0.4739,15.066,0.6189,0.006298,0,0.172
TSLA,2026-04-28,376.0199890136719,-0.006998,0.7291,0.4691,14.6863,0.5696,0.006998,0,0.1688
TSLA,2026-04-29,372.7999877929687,-0.008563,0.6649,0.4419,14.0916,0.5242,0.008563,0,0.1527
TSLA,2026-04-30,381.6300048828125,0.023686,0.7525,0.4405,14.2693,0.6464,0.023686,0,0.1583
TSLA,2026-05-01,390.8200073242187,0.024081,0.9753,0.3973,14.6087,0.7483,0.024081,0,0.1663
TSLA,2026-05-04,392.510009765625,0.004324,0.744,0.3853,14.2681,0.7457,0.004324,0,0.1476
TSLA,2026-05-05,389.3699951171875,-0.008,0.7441,0.3792,14.186,0.6831,0.008,0,0.1557
TSLA,2026-05-06,398.7300109863281,0.024039,0.8494,0.3794,14.4342,0.7999,0.024039,0,0.1598
TSLA,2026-05-07,411.7900085449219,0.032754,1.0198,0.3896,14.6246,0.9676,0.032754,0,0.1328
TSLA,2026-05-08,428.3500061035156,0.040215,1.0207,0.405,14.9664,1.1295,0.040215,0,0.0923
TSLA,2026-05-11,445.0,0.03887,1.2063,0.4172,16.2088,1.1999,0.03887,0,0.0879
TSLA,2026-05-12,433.4500122070313,-0.025955,0.9318,0.4299,16.8753,0.9776,0.025955,0,0.1214
TSLA,2026-05-13,445.2699890136719,0.02727,1.0886,0.3576,17.3264,1.0166,0.02727,0,0.1181
TSLA,2026-05-14,443.2999877929687,-0.004424,0.7448,0.356,16.8616,0.928,0.004424,0,0.1252
TSLA,2026-05-15,422.239990234375,-0.047507,0.8788,0.3933,17.1787,0.7041,0.047507,0,0.1205
TSLA,2026-05-18,409.989990234375,-0.029012,0.8842,0.4012,17.1595,0.5761,0.029012,0,0.1592
TSLA,2026-05-19,404.1099853515625,-0.014342,0.7862,0.4006,17.1024,0.5102,0.014342,0,0.1711
TSLA,2026-05-20,417.260009765625,0.032541,0.777,0.4145,16.8343,0.6257,0.032541,0,0.1519
TSLA,2026-05-21,417.8500061035156,0.001414,0.7651,0.3875,16.6355,0.6138,0.001414,0,0.1564
TSLA,2026-05-22,426.010009765625,0.019529,0.84,0.3905,16.4229,0.6776,0.019529,0,0.1667
TSLA,2026-05-26,433.5899963378906,0.017793,0.8481,0.3926,15.9063,0.7344,0.017793,0,0.1661
TSLA,2026-05-27,440.3599853515625,0.015614,0.8343,0.39,15.628,0.783,0.015614,0,0.1677
TSLA,2026-05-28,442.1000061035156,0.003951,0.6134,0.3854,15.0588,0.7843,0.003951,0,0.1371
TSLA,2026-05-29,435.7900085449219,-0.014273,0.8592,0.3895,14.9804,0.6899,0.014273,0,0.1647
TSLA,2026-06-01,415.8800048828125,-0.045687,0.8715,0.4259,15.3646,0.4039,0.045687,0,0.1298
TSLA,2026-06-02,423.739990234375,0.0189,0.7371,0.4294,15.0364,0.4927,0.0189,0,0.1619
TSLA,2026-06-03,423.7000122070313,-9.4e-05,0.8753,0.4273,15.2195,0.4599,9.4e-05,0,0.1555
TSLA,2026-06-04,418.4500122070313,-0.012391,0.7074,0.4249,14.7889,0.3305,0.012391,0,0.1593
TSLA,2026-06-05,391.0,-0.065599,1.2713,0.4734,16.3104,-0.101,0.065599,0,0.04
TSLA,2026-06-08,408.9500122070313,0.045908,1.0239,0.4806,16.7125,0.2337,0.045908,0,0.13
TSLA,2026-06-09,396.6799926757813,-0.030004,1.2428,0.4651,17.9659,0.0824,0.030004,0,0.1374
TSLA,2026-06-10,381.5899963378906,-0.038041,1.0421,0.4741,17.8926,-0.041,0.038041,0,0.1141
TSLA,2026-06-11,399.1499938964844,0.046018,0.9739,0.4957,17.9631,0.2323,0.046018,0,0.1309
TSLA,2026-06-12,406.4299926757813,0.018239,1.3397,0.5025,18.1029,0.3569,0.018239,0,0.1427
TSLA,2026-06-15,411.1499938964844,0.011613,0.9695,0.4776,17.4934,0.4378,0.011613,0,0.1687
TSLA,2026-06-16,404.6600036621094,-0.015785,0.8667,0.4695,17.0925,0.3432,0.015785,0,0.177
TSLA,2026-06-17,396.3800048828125,-0.020462,0.9403,0.4724,16.7416,0.2284,0.020462,0,0.1704
TSLA,2026-06-18,400.489990234375,0.010369,1.2435,0.4581,16.8186,0.3056,0.010369,0,0.1593
GOOGL,2024-07-19,176.30059814453125,-0.000169,0.8743,0.2365,3.7193,0.0805,0.000169,0,0.0956
GOOGL,2024-07-22,180.27992248535156,0.022571,1.2102,0.2406,3.8332,0.3236,0.022571,0,0.1063
GOOGL,2024-07-23,180.3989715576172,0.00066,1.7463,0.2404,3.6779,0.3163,0.00066,0,0.0625
GOOGL,2024-07-24,171.30909729003906,-0.050388,2.2396,0.2822,4.2121,-0.1203,0.050388,1,-0.0663
GOOGL,2024-07-25,166.0000457763672,-0.030991,1.9175,0.2989,4.379,-0.1722,0.030991,0,0.0161
GOOGL,2024-07-26,165.72215270996094,-0.001674,1.6862,0.2952,4.3472,-0.053,0.001674,0,0.0579
GOOGL,2024-07-29,168.23280334472656,0.01515,0.843,0.2996,4.2693,0.0951,0.01515,0,0.1198
GOOGL,2024-07-30,168.98696899414062,0.004483,0.7828,0.2996,4.1467,0.1605,0.004483,0,0.1394
GOOGL,2024-07-31,170.2274169921875,0.00734,1.0443,0.2967,4.1516,0.2292,0.00734,0,0.1435
GOOGL,2024-08-01,169.45339965820312,-0.004547,0.9676,0.2956,4.23,0.2334,0.004547,0,0.1478
GOOGL,2024-08-02,165.38478088378906,-0.02401,1.1308,0.2815,4.374,0.1465,0.02401,0,0.1103
GOOGL,2024-08-05,158.0314483642578,-0.044462,1.9581,0.3121,4.9465,0.0042,0.044462,1,-0.0036
GOOGL,2024-08-06,157.07882690429688,-0.006028,1.6849,0.3108,4.8825,0.0425,0.006028,0,0.0897
GOOGL,2024-08-07,157.72384643554688,0.004106,0.8509,0.3054,4.8647,0.0987,0.004106,0,0.1375
GOOGL,2024-08-08,160.7902069091797,0.019441,0.8659,0.3113,4.8531,0.2119,0.019441,0,0.1285
GOOGL,2024-08-09,162.41766357421875,0.010122,0.959,0.3167,4.8409,0.2792,0.010122,0,0.1497
GOOGL,2024-08-12,161.04820251464844,-0.008432,0.5334,0.3126,4.7031,0.2595,0.008432,0,0.1318
GOOGL,2024-08-13,162.90390014648438,0.011523,0.6223,0.3178,4.5297,0.335,0.011523,0,0.1367
GOOGL,2024-08-14,159.1428985595703,-0.023087,1.3178,0.322,4.6712,0.2349,0.023087,0,0.1064
GOOGL,2024-08-15,160.0657958984375,0.005799,1.0132,0.3209,4.4711,0.2884,0.005799,0,0.1453
GOOGL,2024-08-16,161.7130889892578,0.010291,0.7715,0.325,4.4283,0.3651,0.010291,0,0.1453
GOOGL,2024-08-19,165.39468383789062,0.022766,0.7163,0.3252,4.374,0.5345,0.022766,0,0.1168
GOOGL,2024-08-20,165.90077209472656,0.00306,0.6034,0.3258,4.1937,0.6149,0.00306,0,0.1396
GOOGL,2024-08-21,164.58094787597656,-0.007956,0.7881,0.2767,4.0672,0.5642,0.007956,0,0.1607
GOOGL,2024-08-22,162.54666137695312,-0.01236,0.805,0.258,4.0806,0.4489,0.01236,0,0.1578
GOOGL,2024-08-23,164.3527374267578,0.011111,0.5252,0.2614,3.9536,0.5661,0.011111,0,0.1357
GOOGL,2024-08-26,164.8885955810547,0.00326,0.5402,0.2555,3.8882,0.6146,0.00326,0,0.1415
GOOGL,2024-08-27,163.41990661621094,-0.008907,0.4562,0.2562,3.7468,0.5396,0.008907,0,0.1257
GOOGL,2024-08-28,161.6039276123047,-0.011112,0.6448,0.256,3.7682,0.4348,0.011112,0,0.1402
GOOGL,2024-08-29,160.54209899902344,-0.006571,0.7816,0.2564,3.908,0.3664,0.006571,0,0.1527
GOOGL,2024-08-30,162.1298828125,0.00989,0.8902,0.2468,3.7652,0.5308,0.00989,0,0.1578
GOOGL,2024-09-03,156.15589904785156,-0.036847,1.6147,0.2299,3.9901,-0.0082,0.036847,0,0.0253
GOOGL,2024-09-04,155.2528839111328,-0.005783,0.855,0.2298,3.9192,-0.0451,0.005783,0,0.0949
GOOGL,2024-09-05,156.036865234375,0.00505,0.8375,0.2301,3.8846,0.0506,0.00505,0,0.1187
GOOGL,2024-09-06,149.76519775390625,-0.040193,1.6533,0.2575,4.1272,-0.1944,0.040193,1,-0.0135
GOOGL,2024-09-09,147.76792907714844,-0.013336,1.6732,0.2546,4.2734,-0.1262,0.013336,0,0.0565
GOOGL,2024-09-10,147.71826171875,-0.000336,1.2846,0.2546,4.1746,-0.0196,0.000336,0,0.0822
GOOGL,2024-09-11,150.20242309570312,0.016817,1.1949,0.2596,4.1587,0.1366,0.016817,0,0.1145
GOOGL,2024-09-12,153.71005249023438,0.023353,1.2225,0.2663,4.121,0.2972,0.023353,0,0.1114
GOOGL,2024-09-13,156.46250915527344,0.017907,1.2262,0.2741,4.0881,0.4168,0.017907,0,0.1356
GOOGL,2024-09-16,157.05868530273438,0.00381,0.7709,0.2716,3.9113,0.4502,0.00381,0,0.1494
GOOGL,2024-09-17,158.31072998046875,0.007972,0.872,0.2589,3.8076,0.5166,0.007972,0,0.1604
GOOGL,2024-09-18,158.79763793945312,0.003076,0.9856,0.2589,3.6692,0.5553,0.003076,0,0.1535
GOOGL,2024-09-19,161.11285400390625,0.01458,1.0983,0.2644,3.6898,0.6725,0.01458,0,0.1425
GOOGL,2024-09-20,162.55369567871094,0.008943,1.6275,0.263,3.5436,0.7392,0.008943,0,0.1049
GOOGL,2024-09-23,160.82470703125,-0.010636,0.942,0.2623,3.5617,0.6732,0.010636,0,0.1494
GOOGL,2024-09-24,161.26190185546875,0.002718,0.8941,0.2622,3.4864,0.7119,0.002718,0,0.1428
GOOGL,2024-09-25,160.4669647216797,-0.004929,0.7135,0.261,3.3436,0.6854,0.004929,0,0.1371
GOOGL,2024-09-26,161.69911193847656,0.007679,0.7627,0.2597,3.2882,0.7486,0.007679,0,0.1473
GOOGL,2024-09-27,162.91139221191406,0.007497,0.7899,0.2596,3.2712,0.7977,0.007497,0,0.1493
GOOGL,2024-09-30,164.7993621826172,0.011589,0.7667,0.2605,3.2425,0.8728,0.011589,0,0.1342
GOOGL,2024-10-01,165.93214416503906,0.006874,1.0859,0.2193,3.3364,0.8781,0.006874,0,0.1373
GOOGL,2024-10-02,164.80931091308594,-0.006767,0.6826,0.2199,3.2959,0.7947,0.006767,0,0.1336
GOOGL,2024-10-03,164.80931091308594,0.0,0.5834,0.22,3.2534,0.7676,0.0,0,0.1007
GOOGL,2024-10-04,166.00167846679688,0.007235,0.7652,0.1504,3.216,0.7917,0.007235,0,0.096
GOOGL,2024-10-07,161.94752502441406,-0.024422,0.9339,0.1721,3.3937,0.5936,0.024422,0,0.0574
GOOGL,2024-10-08,163.33868408203125,0.00859,0.9756,0.1716,3.2829,0.6507,0.00859,0,0.1212
GOOGL,2024-10-09,160.8346405029297,-0.01533,1.314,0.1802,3.4108,0.4583,0.01533,0,0.0902
GOOGL,2024-10-10,161.05323791503906,0.001359,0.6161,0.1642,3.3565,0.4366,0.001359,0,0.0916
GOOGL,2024-10-11,162.2058868408203,0.007157,0.6898,0.1549,3.3054,0.5173,0.007157,0,0.0907
GOOGL,2024-10-14,163.91497802734375,0.010537,0.8537,0.1579,3.2815,0.6763,0.010537,0,0.1049
GOOGL,2024-10-15,164.41184997558594,0.003031,0.9099,0.1564,3.2635,0.7161,0.003031,0,0.103
GOOGL,2024-10-16,164.11373901367188,-0.001813,0.7495,0.1569,3.1764,0.6619,0.001813,0,0.0913
GOOGL,2024-10-17,161.89785766601562,-0.013502,0.9918,0.158,3.2058,0.3452,0.013502,0,0.0795
GOOGL,2024-10-18,162.38473510742188,0.003007,0.9603,0.1551,3.103,0.4156,0.003007,0,0.0879
GOOGL,2024-10-21,163.03062438964844,0.003978,1.0261,0.1504,3.0146,0.491,0.003978,0,0.0854
GOOGL,2024-10-22,164.09385681152344,0.006522,0.8253,0.1516,2.9973,0.6306,0.006522,0,0.0932
GOOGL,2024-10-23,161.74880981445312,-0.014291,0.9119,0.1599,3.0594,0.2515,0.014291,0,0.0687
GOOGL,2024-10-24,161.68919372558594,-0.000369,1.1122,0.1576,3.0055,0.2421,0.000369,0,0.0634
GOOGL,2024-10-25,164.22303771972656,0.015671,0.9871,0.1652,2.9945,0.6372,0.015671,0,0.0802
GOOGL,2024-10-28,165.66384887695312,0.008774,1.5545,0.1629,3.1214,0.8483,0.008774,0,0.052
GOOGL,2024-10-29,168.60507202148438,0.017754,1.9737,0.173,3.1583,1.1588,0.017754,1,-0.0228
GOOGL,2024-10-30,173.35479736328125,0.028171,2.8798,0.1956,3.8092,1.3055,0.028171,1,-0.0781
GOOGL,2024-10-31,170.0260467529297,-0.019202,1.7621,0.2103,3.9503,0.9514,0.019202,0,0.0582
GOOGL,2024-11-01,170.20489501953125,0.001052,1.2209,0.2093,3.9123,0.9165,0.001052,0,0.1183
GOOGL,2024-11-04,168.1678924560547,-0.011968,0.8268,0.193,3.8656,0.7439,0.011968,0,0.1421
GOOGL,2024-11-05,168.66473388671875,0.002954,0.7083,0.1914,3.7093,0.7539,0.002954,0,0.1381
GOOGL,2024-11-06,175.39181518554688,0.039884,1.302,0.2239,3.9556,1.0833,0.039884,0,0.0013
GOOGL,2024-11-07,179.60494995117188,0.024021,0.9589,0.234,3.9974,1.1447,0.024021,0,0.0687
GOOGL,2024-11-08,177.22019958496094,-0.013278,0.8219,0.2433,3.912,0.952,0.013278,0,0.1324
GOOGL,2024-11-11,179.20751953125,0.011214,0.6537,0.2435,3.7886,0.963,0.011214,0,0.1334
GOOGL,2024-11-12,180.46945190429688,0.007042,0.933,0.2436,3.738,0.9432,0.007042,0,0.1508
GOOGL,2024-11-13,177.746826171875,-0.015086,0.8499,0.2527,3.6896,0.8036,0.015086,0,0.1409
GOOGL,2024-11-14,174.4677276611328,-0.018448,1.1171,0.2578,3.7497,0.6611,0.018448,0,0.1229
GOOGL,2024-11-15,171.39730834960938,-0.017599,1.1448,0.2689,3.7914,0.5262,0.017599,0,0.1277
GOOGL,2024-11-18,174.1894989013672,0.016291,0.7102,0.2731,3.7299,0.6208,0.016291,0,0.1346
GOOGL,2024-11-19,176.9916229248047,0.016087,0.8167,0.2766,3.8404,0.7158,0.016087,0,0.1439
GOOGL,2024-11-20,174.86517333984375,-0.012014,0.6612,0.2747,3.8741,0.6055,0.012014,0,0.1473
GOOGL,2024-11-21,166.5680694580078,-0.047449,1.9522,0.33,4.4692,0.1806,0.047449,1,-0.0182
GOOGL,2024-11-22,163.71624755859375,-0.017121,1.2241,0.3321,4.4147,0.0414,0.017121,0,0.1078
GOOGL,2024-11-25,166.5879669189453,0.017541,1.049,0.3366,4.374,0.1794,0.017541,0,0.114
GOOGL,2024-11-26,168.0486297607422,0.008768,0.6716,0.332,4.2205,0.2566,0.008768,0,0.1338
GOOGL,2024-11-27,168.15794372558594,0.00065,0.6876,0.315,4.0226,0.2802,0.00065,0,0.1153
GOOGL,2024-11-29,167.87973022460938,-0.001654,0.5381,0.3079,3.8964,0.2752,0.001654,0,0.1051
GOOGL,2024-12-02,170.40362548828125,0.015034,0.9116,0.3127,3.8672,0.398,0.015034,0,0.1383
GOOGL,2024-12-03,170.25457763671875,-0.000875,0.8514,0.3095,3.7208,0.384,0.000875,0,0.1222
GOOGL,2024-12-04,173.265380859375,0.017684,1.1796,0.3152,3.7283,0.5224,0.017684,0,0.1243
GOOGL,2024-12-05,171.54632568359375,-0.009922,0.8156,0.2827,3.7268,0.445,0.009922,0,0.151
GOOGL,2024-12-06,173.603271484375,0.011991,0.8258,0.2716,3.6891,0.5685,0.011991,0,0.1532
GOOGL,2024-12-09,174.45875549316406,0.004928,0.9706,0.2689,3.611,0.6249,0.004928,0,0.1532
GOOGL,2024-12-10,184.2078399658203,0.055882,1.9557,0.3339,4.1341,1.0822,0.055882,1,-0.0711
GOOGL,2024-12-11,194.3846893310547,0.055247,2.2507,0.3844,4.6034,1.2751,0.055247,1,-0.0943
GOOGL,2024-12-12,190.96255493164065,-0.017605,1.1324,0.3861,4.5368,1.0445,0.017605,0,0.0849
GOOGL,2024-12-13,188.83367919921875,-0.011148,0.8256,0.3814,4.4323,0.9177,0.011148,0,0.1397
GOOGL,2024-12-16,195.6381378173828,0.036034,1.446,0.3881,4.7681,1.011,0.036034,0,0.0452
GOOGL,2024-12-17,194.4045867919922,-0.006305,1.3492,0.3892,4.8851,0.9173,0.006305,0,0.122
GOOGL,2024-12-18,187.4210662841797,-0.035923,1.0423,0.4139,5.1942,0.7341,0.035923,0,0.0549
GOOGL,2024-12-19,187.5304718017578,0.000584,0.9647,0.4102,5.1536,0.7176,0.000584,0,0.1241
GOOGL,2024-12-20,190.41542053222656,0.015384,1.8871,0.3641,5.3305,0.7558,0.015384,0,0.0945
GOOGL,2024-12-23,193.61868286132812,0.016822,0.7784,0.3541,5.3015,0.7989,0.016822,0,0.1601
GOOGL,2024-12-24,195.0909881591797,0.007604,0.3267,0.3525,5.0884,0.8017,0.007604,0,0.1239
GOOGL,2024-12-26,194.5836639404297,-0.0026,0.3833,0.3546,4.8933,0.7637,0.0026,0,0.1162
GOOGL,2024-12-27,191.7583923339844,-0.01452,0.6015,0.3625,4.8955,0.6777,0.01452,0,0.1361
GOOGL,2024-12-30,190.24630737304688,-0.007885,0.4542,0.3651,4.8045,0.6218,0.007885,0,0.1265
GOOGL,2024-12-31,188.31637573242188,-0.010144,0.5618,0.3683,4.7064,0.5509,0.010144,0,0.1374
GOOGL,2025-01-02,188.44569396972656,0.000687,0.6572,0.368,4.69,0.5319,0.000687,0,0.1305
GOOGL,2025-01-03,190.79342651367188,0.012458,0.6128,0.3661,4.6236,0.5862,0.012458,0,0.1408
GOOGL,2025-01-06,195.8470458984375,0.026487,0.9612,0.3691,4.7503,0.7552,0.026487,0,0.1229
GOOGL,2025-01-07,194.4742126464844,-0.00701,0.8542,0.3718,4.8657,0.6946,0.00701,0,0.1654
GOOGL,2025-01-08,192.9422149658203,-0.007878,0.8026,0.375,4.796,0.6097,0.007878,0,0.1629
GOOGL,2025-01-10,191.0421600341797,-0.009848,0.9016,0.3269,4.8947,0.4295,0.009848,0,0.1594
GOOGL,2025-01-13,190.0174865722656,-0.005364,0.8003,0.26,4.8776,0.356,0.005364,0,0.1615
GOOGL,2025-01-14,188.67449951171875,-0.007068,0.6508,0.2537,4.79,0.2522,0.007068,0,0.1467
GOOGL,2025-01-15,194.5339202880859,0.031056,0.8305,0.2736,4.924,0.7399,0.031056,0,0.0994
GOOGL,2025-01-16,191.9076385498047,-0.0135,0.7165,0.2461,4.7669,0.528,0.0135,0,0.1572
GOOGL,2025-01-17,194.98158264160156,0.016018,1.152,0.2522,4.7334,0.8048,0.016018,0,0.1539
GOOGL,2025-01-21,197.02093505859375,0.010459,1.2558,0.2149,4.8423,0.9366,0.010459,0,0.144
GOOGL,2025-01-22,197.33924865722656,0.001616,1.1119,0.2148,4.706,0.9192,0.001616,0,0.1424
GOOGL,2025-01-23,196.95127868652344,-0.001966,1.2399,0.21,4.7323,0.8426,0.001966,0,0.1398
GOOGL,2025-01-24,199.1696929931641,0.011264,1.103,0.2056,4.6017,0.9588,0.011264,0,0.1439
GOOGL,2025-01-27,190.81332397460935,-0.041956,1.7976,0.2553,4.9467,0.3328,0.041956,0,0.0161
GOOGL,2025-01-28,194.2852020263672,0.018195,1.0142,0.2641,4.9344,0.6005,0.018195,0,0.1544
GOOGL,2025-01-29,194.39463806152344,0.000563,0.7659,0.2584,4.8207,0.5987,0.000563,0,0.1541
GOOGL,2025-01-30,199.8262634277344,0.027941,1.0027,0.2733,4.902,0.9449,0.027941,0,0.1195
GOOGL,2025-01-31,202.9598693847656,0.015682,1.2792,0.2727,4.8794,1.0598,0.015682,0,0.1122
GOOGL,2025-02-03,200.18438720703125,-0.013675,1.0964,0.2796,4.8094,0.8463,0.013675,0,0.1498
GOOGL,2025-02-04,205.30764770507812,0.025593,1.6455,0.2891,4.8795,1.0584,0.025593,0,0.0681
GOOGL,2025-02-05,190.33583068847656,-0.072924,2.4526,0.3852,5.8348,0.2203,0.072924,1,-0.1136
GOOGL,2025-02-06,190.60443115234375,0.001411,1.0161,0.3846,5.6582,0.2528,0.001411,0,0.1236
GOOGL,2025-02-07,184.37696838378903,-0.032672,1.6407,0.4005,5.8481,0.001,0.032672,0,0.0288
GOOGL,2025-02-10,185.50108337402344,0.006097,0.7733,0.4003,5.6336,0.0953,0.006097,0,0.1094
GOOGL,2025-02-11,184.3570556640625,-0.006167,0.7116,0.4004,5.4202,0.0843,0.006167,0,0.1118
GOOGL,2025-02-12,182.65594482421875,-0.009227,0.7334,0.4009,5.2811,0.0575,0.009227,0,0.1046
GOOGL,2025-02-13,185.1728057861328,0.013779,0.7116,0.3869,5.127,0.1893,0.013779,0,0.1223
GOOGL,2025-02-14,184.2675323486328,-0.004889,0.6769,0.3847,4.9085,0.1841,0.004889,0,0.1314
GOOGL,2025-02-18,182.8151397705078,-0.007882,0.9868,0.3794,4.8578,0.17,0.007882,0,0.1356
GOOGL,2025-02-19,184.3073272705078,0.008162,0.6561,0.3784,4.6437,0.2477,0.008162,0,0.1294
GOOGL,2025-02-20,183.6009979248047,-0.003832,0.6928,0.378,4.496,0.2502,0.003832,0,0.1314
GOOGL,2025-02-21,178.72647094726562,-0.02655,1.1765,0.3868,4.6197,0.1351,0.02655,0,0.082
GOOGL,2025-02-24,178.318603515625,-0.002282,0.9879,0.3824,4.5903,0.1608,0.002282,0,0.119
GOOGL,2025-02-25,174.5084991455078,-0.021367,1.3866,0.3627,4.5864,0.0986,0.021367,0,0.086
GOOGL,2025-02-26,171.83250427246094,-0.015334,1.1507,0.3547,4.5786,0.0836,0.015334,0,0.117
GOOGL,2025-02-27,167.62445068359375,-0.024489,1.2544,0.3598,4.722,0.0457,0.024489,0,0.0866
GOOGL,2025-02-28,169.3952178955078,0.010564,1.4555,0.3421,4.6575,0.1306,0.010564,0,0.107
GOOGL,2025-03-03,166.14219665527344,-0.019204,1.2168,0.3324,4.8535,0.0867,0.019204,0,0.1135
GOOGL,2025-03-04,170.03189086914062,0.023412,1.32,0.3521,5.0391,0.2066,0.023412,0,0.1009
GOOGL,2025-03-05,172.12098693847656,0.012286,0.9175,0.3382,5.0145,0.262,0.012286,0,0.1428
GOOGL,2025-03-06,171.4544677734375,-0.003872,0.8946,0.2378,4.9626,0.2626,0.003872,0,0.1539
GOOGL,2025-03-07,172.9566192626953,0.008761,0.8683,0.2418,4.9421,0.3327,0.008761,0,0.1579
GOOGL,2025-03-10,165.19815063476562,-0.044858,1.3951,0.2634,5.2983,0.1017,0.044858,0,0.0183
GOOGL,2025-03-11,163.3755645751953,-0.011033,1.2341,0.2605,5.3026,0.091,0.011033,0,0.1285
GOOGL,2025-03-12,166.4331512451172,0.018715,0.8747,0.2751,5.2162,0.2231,0.018715,0,0.1313
GOOGL,2025-03-13,162.10076904296875,-0.026031,0.9646,0.2849,5.1994,0.1227,0.026031,0,0.0957
GOOGL,2025-03-14,164.8197021484375,0.016773,0.9565,0.2878,5.1154,0.2361,0.016773,0,0.1386
GOOGL,2025-03-17,163.62457275390625,-0.007251,0.9176,0.2878,4.9371,0.219,0.007251,0,0.1505
GOOGL,2025-03-18,160.0192108154297,-0.022034,1.2162,0.2936,5.123,0.1259,0.022034,0,0.1106
GOOGL,2025-03-19,163.2261962890625,0.020041,0.9701,0.3042,5.127,0.2568,0.020041,0,0.1333
GOOGL,2025-03-20,162.14060974121094,-0.006651,0.7879,0.3042,5.0403,0.2202,0.006651,0,0.1506
GOOGL,2025-03-21,163.32579040527344,0.00731,1.0234,0.2975,4.9186,0.291,0.00731,0,0.1508
GOOGL,2025-03-24,167.00083923339844,0.022501,0.8616,0.3124,4.8753,0.508,0.022501,0,0.1382
GOOGL,2025-03-25,169.8691864013672,0.017176,0.6917,0.3125,4.737,0.7094,0.017176,0,0.1516
GOOGL,2025-03-26,164.3914337158203,-0.032247,0.8347,0.328,4.8055,0.3732,0.032247,0,0.0799
GOOGL,2025-03-27,161.58287048339844,-0.017085,0.724,0.3223,4.7056,0.2133,0.017085,0,0.1193
GOOGL,2025-03-28,153.70489501953125,-0.048755,1.4366,0.3592,4.982,-0.1227,0.048755,1,-0.0218
GOOGL,2025-03-31,154.01365661621094,0.002009,1.5795,0.3556,4.9733,-0.0048,0.002009,0,0.0712
GOOGL,2025-04-01,156.43380737304688,0.015714,0.9066,0.3489,4.9367,0.1524,0.015714,0,0.1283
GOOGL,2025-04-02,156.4039306640625,-0.000191,0.7467,0.3439,4.848,0.1806,0.000191,0,0.1147
GOOGL,2025-04-03,150.1095428466797,-0.040244,1.3603,0.3665,4.9748,-0.0312,0.040244,0,0.0259
GOOGL,2025-04-04,145.01028442382812,-0.03397,1.7194,0.3744,5.0243,-0.1302,0.03397,0,0.0171
GOOGL,2025-04-07,146.15562438964844,0.007898,2.0278,0.3527,5.5418,0.0088,0.007898,0,0.044
GOOGL,2025-04-08,144.11390686035156,-0.013969,1.3558,0.3534,5.8012,0.0225,0.013969,0,0.0965
GOOGL,2025-04-09,158.0671844482422,0.096821,1.734,0.503,6.4994,0.492,0.096821,1,-0.157
GOOGL,2025-04-10,152.2010498046875,-0.037112,1.1595,0.5114,6.6598,0.3129,0.037112,1,-0.0124
GOOGL,2025-04-11,156.5035400390625,0.028268,0.8106,0.5188,6.5291,0.4695,0.028268,0,0.0224
GOOGL,2025-04-14,158.4257354736328,0.012282,0.7317,0.5208,6.3886,0.545,0.012282,0,0.0642
GOOGL,2025-04-15,155.6768798828125,-0.017351,0.6765,0.5186,6.2481,0.4566,0.017351,0,0.0547
GOOGL,2025-04-16,152.70895385742188,-0.019065,0.6973,0.5163,6.1433,0.3693,0.019065,0,0.0543
GOOGL,2025-04-17,150.54774475097656,-0.014152,0.8126,0.5177,6.1441,0.3125,0.014152,0,0.0502
GOOGL,2025-04-21,147.07188415527344,-0.023088,0.6489,0.5207,6.0652,0.2187,0.023088,0,0.0155
GOOGL,2025-04-22,150.8564910888672,0.025733,0.6752,0.5231,5.9535,0.3718,0.025733,0,0.0304
GOOGL,2025-04-23,154.7207794189453,0.025616,0.7726,0.5286,5.9594,0.5599,0.025616,0,0.0418
GOOGL,2025-04-24,158.63485717773438,0.025298,1.1155,0.5275,5.8353,0.7813,0.025298,0,0.0404
GOOGL,2025-04-25,161.3040008544922,0.016826,1.3117,0.5277,5.9037,0.921,0.016826,0,0.0388
GOOGL,2025-04-28,159.95947265625,-0.008335,0.7121,0.4963,5.8057,0.8201,0.008335,0,0.079
GOOGL,2025-04-29,159.51129150390625,-0.002802,0.6639,0.4967,5.6201,0.775,0.002802,0,0.0799
GOOGL,2025-04-30,158.15679931640625,-0.008492,0.8616,0.4954,5.5573,0.7042,0.008492,0,0.09
GOOGL,2025-05-01,160.64669799804688,0.015743,0.7392,0.4981,5.3844,0.8005,0.015743,0,0.0801
GOOGL,2025-05-02,163.36563110351562,0.016925,0.6461,0.4749,5.2609,0.8737,0.016925,0,0.0747
GOOGL,2025-05-05,163.54489135742188,0.001097,0.5653,0.4529,5.075,0.8505,0.001097,0,0.0715
GOOGL,2025-05-06,162.56886291503906,-0.005968,0.6083,0.4549,4.9694,0.7841,0.005968,0,0.1029
GOOGL,2025-05-07,150.766845703125,-0.072597,3.2908,0.53,5.8351,0.1859,0.072597,1,-0.1703
GOOGL,2025-05-08,153.65509033203125,0.019157,1.5093,0.4039,5.742,0.35,0.019157,0,0.0843
GOOGL,2025-05-09,152.13131713867188,-0.009917,0.8692,0.3827,5.5346,0.2712,0.009917,0,0.1448
GOOGL,2025-05-12,157.8181915283203,0.037381,1.1664,0.3928,5.591,0.563,0.037381,0,0.0619
GOOGL,2025-05-13,158.88385009765625,0.006752,1.1024,0.3911,5.5054,0.6168,0.006752,0,0.1442
GOOGL,2025-05-14,164.70018005371094,0.036607,1.2342,0.4052,5.6436,0.87,0.036607,0,0.0568
GOOGL,2025-05-15,163.29591369628906,-0.008526,0.8338,0.3993,5.5136,0.7724,0.008526,0,0.1561
GOOGL,2025-05-16,165.51686096191406,0.013601,1.0647,0.395,5.5032,0.8424,0.013601,0,0.1516
GOOGL,2025-05-19,165.8654327392578,0.002106,0.752,0.381,5.2823,0.8449,0.002106,0,0.1515
GOOGL,2025-05-20,163.31582641601562,-0.015372,1.1246,0.3812,5.3034,0.693,0.015372,0,0.1395
GOOGL,2025-05-21,167.8772735595703,0.02793,1.6855,0.383,5.6061,0.9,0.02793,0,0.0814
GOOGL,2025-05-22,170.1779022216797,0.013704,1.6634,0.3767,5.7897,0.95,0.013704,0,0.1078
GOOGL,2025-05-23,167.78762817382812,-0.014046,0.8009,0.3785,5.5881,0.8017,0.014046,0,0.1512
GOOGL,2025-05-27,172.19969177246094,0.026296,0.8562,0.3856,5.5233,0.9408,0.026296,0,0.1121
GOOGL,2025-05-28,171.66188049316406,-0.003123,0.7768,0.3856,5.3679,0.8687,0.003123,0,0.1528
GOOGL,2025-05-29,171.16390991210938,-0.002901,0.6589,0.3837,5.2541,0.8121,0.002901,0,0.1486
GOOGL,2025-05-30,171.04441833496094,-0.000698,1.154,0.3816,5.2181,0.778,0.000698,0,0.1276
GOOGL,2025-06-02,168.34535217285156,-0.01578,0.8347,0.3839,5.1548,0.6619,0.01578,0,0.1408
GOOGL,2025-06-03,165.5069122314453,-0.016861,0.9502,0.3896,5.0534,0.5495,0.016861,0,0.131
GOOGL,2025-06-04,167.3693389892578,0.011253,0.5636,0.3904,4.8376,0.6111,0.011253,0,0.1341
GOOGL,2025-06-05,167.5286865234375,0.000952,0.8427,0.2748,4.7296,0.5974,0.000952,0,0.157
GOOGL,2025-06-06,172.9765167236328,0.032519,0.8491,0.2875,4.8393,0.8179,0.032519,0,0.0844
GOOGL,2025-06-09,175.58908081054688,0.015104,0.6904,0.2827,4.7073,0.9499,0.015104,0,0.1453
GOOGL,2025-06-10,178.09194946289062,0.014254,1.4435,0.2612,4.8126,1.0316,0.014254,0,0.1124
GOOGL,2025-06-11,176.84548950195312,-0.006999,0.749,0.2653,4.7267,0.9344,0.006999,0,0.154
GOOGL,2025-06-12,175.2001953125,-0.009304,0.5125,0.243,4.5743,0.8057,0.009304,0,0.1401
GOOGL,2025-06-13,174.17311096191406,-0.005862,0.6815,0.2415,4.5852,0.7254,0.005862,0,0.163
GOOGL,2025-06-16,176.26715087890625,0.012023,0.6879,0.2407,4.4208,0.8164,0.012023,0,0.1613
GOOGL,2025-06-17,175.449462890625,-0.004639,0.6315,0.2423,4.303,0.743,0.004639,0,0.1558
GOOGL,2025-06-18,172.8269805908203,-0.014947,0.7428,0.2419,4.235,0.5628,0.014947,0,0.1474
GOOGL,2025-06-20,166.16598510742188,-0.038541,1.952,0.2648,4.5649,0.1274,0.038541,0,0.0138
GOOGL,2025-06-23,164.7200927734375,-0.008701,1.5216,0.2609,4.6192,0.0839,0.008701,0,0.1118
GOOGL,2025-06-24,166.29559326171875,0.009565,1.0618,0.2593,4.5051,0.1909,0.009565,0,0.1407
GOOGL,2025-06-25,170.19447326660156,0.023445,0.9327,0.2556,4.5814,0.4298,0.023445,0,0.1267
GOOGL,2025-06-26,173.04632568359375,0.016756,0.8392,0.2625,4.5213,0.5954,0.016756,0,0.1557
GOOGL,2025-06-27,178.02212524414062,0.028754,2.5851,0.2804,4.6934,0.85,0.028754,0,0.0006
GOOGL,2025-06-30,175.7286834716797,-0.012883,1.4959,0.2854,4.8318,0.7045,0.012883,0,0.1317
GOOGL,2025-07-01,175.3397979736328,-0.002213,0.8501,0.2784,4.6789,0.6648,0.002213,0,0.1558
GOOGL,2025-07-02,178.13182067871094,0.015923,0.703,0.273,4.6147,0.793,0.015923,0,0.1539
GOOGL,2025-07-03,179.019287109375,0.004982,0.5268,0.2716,4.4717,0.8114,0.004982,0,0.1479
GOOGL,2025-07-07,176.28707885742188,-0.015262,0.8322,0.2796,4.4265,0.6363,0.015262,0,0.155
GOOGL,2025-07-08,173.86399841308594,-0.013745,0.9792,0.2618,4.4764,0.488,0.013745,0,0.1595
GOOGL,2025-07-09,176.11758422851562,0.012962,1.0243,0.2603,4.6317,0.6217,0.012962,0,0.162
GOOGL,2025-07-10,177.11471557617188,0.005662,0.7244,0.256,4.5894,0.6864,0.005662,0,0.1647
GOOGL,2025-07-11,179.67742919921875,0.014469,0.8463,0.2597,4.6141,0.8217,0.014469,0,0.1645
GOOGL,2025-07-14,181.04351806640625,0.007603,0.7918,0.2578,4.5687,0.8621,0.007603,0,0.1713
GOOGL,2025-07-15,181.48228454589844,0.002424,0.8083,0.2562,4.4318,0.8462,0.002424,0,0.161
GOOGL,2025-07-16,182.4495086669922,0.00533,0.7945,0.2539,4.2812,0.859,0.00533,0,0.171
GOOGL,2025-07-17,183.0577850341797,0.003334,0.7614,0.2527,4.2304,0.8496,0.003334,0,0.1649
GOOGL,2025-07-18,184.5335693359375,0.008062,0.8045,0.2451,4.1305,0.8691,0.008062,0,0.1661
GOOGL,2025-07-21,189.55923461914065,0.027234,1.1229,0.2035,4.208,1.016,0.027234,0,0.0939
GOOGL,2025-07-22,190.7957000732422,0.006523,1.1126,0.1952,4.2059,1.0167,0.006523,0,0.1314
GOOGL,2025-07-23,189.68885803222656,-0.005801,1.4296,0.2005,4.144,0.9391,0.005801,0,0.1183
GOOGL,2025-07-24,191.62335205078125,0.010198,1.7407,0.1911,4.3979,0.9672,0.010198,0,0.0848
GOOGL,2025-07-25,192.6304626464844,0.005256,0.9164,0.1869,4.3024,0.9478,0.005256,0,0.1383
GOOGL,2025-07-28,192.0321807861328,-0.003106,0.9555,0.1674,4.2238,0.8731,0.003106,0,0.1194
GOOGL,2025-07-29,195.19314575195312,0.016461,1.0663,0.1607,4.1956,0.9327,0.016461,0,0.1071
GOOGL,2025-07-30,195.970947265625,0.003985,0.8396,0.1584,4.1031,0.9076,0.003985,0,0.1237
GOOGL,2025-07-31,191.35411071777344,-0.023559,1.2912,0.1842,4.1975,0.7202,0.023559,0,0.0865
GOOGL,2025-08-01,188.59201049804688,-0.014434,0.8619,0.1949,4.1883,0.6065,0.014434,0,0.143
GOOGL,2025-08-04,194.48516845703125,0.031248,0.7832,0.2077,4.3265,0.7913,0.031248,0,0.0747
GOOGL,2025-08-05,194.11622619628903,-0.001897,0.7933,0.1975,4.3002,0.7596,0.001897,0,0.1483
GOOGL,2025-08-06,195.53219604492188,0.007294,0.5563,0.1957,4.2039,0.7948,0.007294,0,0.1387
GOOGL,2025-08-07,195.96096801757812,0.002193,0.6816,0.196,4.1322,0.7945,0.002193,0,0.1437
GOOGL,2025-08-08,200.84703063964844,0.024934,1.0077,0.2059,4.2708,0.9645,0.024934,0,0.1111
GOOGL,2025-08-11,200.42822265625,-0.002085,0.6705,0.2075,4.1374,0.9059,0.002085,0,0.1343
GOOGL,2025-08-12,202.76156616210935,0.011642,0.7921,0.2085,4.1204,0.9625,0.011642,0,0.1392
GOOGL,2025-08-13,201.385498046875,-0.006787,0.7432,0.2131,4.3261,0.8711,0.006787,0,0.152
GOOGL,2025-08-14,202.3627166748047,0.004852,0.6675,0.213,4.2457,0.8906,0.004852,0,0.1555
GOOGL,2025-08-15,203.31997680664065,0.00473,0.923,0.2127,4.31,0.9083,0.00473,0,0.1588
GOOGL,2025-08-18,202.92111206054688,-0.001962,0.5079,0.1968,4.2001,0.8481,0.001962,0,0.1171
GOOGL,2025-08-19,200.99661254882812,-0.009484,0.6836,0.2017,4.1522,0.7262,0.009484,0,0.1435
GOOGL,2025-08-20,198.7530212402344,-0.011162,0.8523,0.2055,4.2096,0.5922,0.011162,0,0.1561
GOOGL,2025-08-21,199.1817626953125,0.002157,0.6334,0.2035,4.134,0.5984,0.002157,0,0.1423
GOOGL,2025-08-22,205.5037384033203,0.03174,1.3652,0.2292,4.4648,0.9018,0.03174,0,0.0688
GOOGL,2025-08-25,207.8969268798828,0.011645,0.9667,0.2296,4.5191,0.9624,0.011645,0,0.152
GOOGL,2025-08-26,206.55076599121097,-0.006475,0.939,0.2276,4.395,0.8495,0.006475,0,0.1623
GOOGL,2025-08-27,206.88978576660156,0.001641,0.7715,0.2277,4.3133,0.8271,0.001641,0,0.1566
GOOGL,2025-08-28,211.0379638671875,0.02005,1.1193,0.2128,4.3841,0.965,0.02005,0,0.128
GOOGL,2025-08-29,212.30435180664065,0.006001,1.3635,0.2,4.3879,0.9929,0.006001,0,0.1169
GOOGL,2025-09-02,210.748779296875,-0.007327,1.5875,0.1815,4.5524,0.8772,0.007327,0,0.0953
GOOGL,2025-09-03,230.00384521484375,0.091365,3.0826,0.3574,5.6489,1.3321,0.091365,1,-0.1761
GOOGL,2025-09-04,231.6392059326172,0.00711,1.4755,0.3574,5.6913,1.1696,0.00711,0,0.0627
GOOGL,2025-09-05,234.3314971923828,0.011623,1.2926,0.3567,5.5597,1.0939,0.011623,0,0.0987
GOOGL,2025-09-08,233.5829620361328,-0.003194,0.9095,0.3542,5.4805,0.986,0.003194,0,0.138
GOOGL,2025-09-09,239.1620635986328,0.023885,1.048,0.3566,5.6052,1.0035,0.023885,0,0.1203
GOOGL,2025-09-10,238.70294189453125,-0.00192,0.9613,0.3585,5.4764,0.9281,0.00192,0,0.1447
GOOGL,2025-09-11,239.90060424804688,0.005017,0.8345,0.3543,5.513,0.8941,0.005017,0,0.1625
GOOGL,2025-09-12,240.3297576904297,0.001789,0.7286,0.355,5.4101,0.8563,0.001789,0,0.1521
GOOGL,2025-09-15,251.11865234375,0.044892,1.5397,0.3767,5.8513,0.9523,0.044892,0,0.0089
GOOGL,2025-09-16,250.66954040527344,-0.001788,0.8814,0.3767,5.6879,0.8929,0.001788,0,0.146
GOOGL,2025-09-17,249.0427093505859,-0.00649,0.8703,0.3746,5.6608,0.8332,0.00649,0,0.1663
GOOGL,2025-09-18,251.537841796875,0.010019,0.7948,0.3654,5.5744,0.8342,0.010019,0,0.1641
GOOGL,2025-09-19,254.22259521484375,0.010673,1.3523,0.3636,5.475,0.84,0.010673,0,0.1382
GOOGL,2025-09-22,252.0368499755859,-0.008598,0.796,0.3635,5.4746,0.7819,0.008598,0,0.1663
GOOGL,2025-09-23,251.16856384277344,-0.003445,0.6591,0.3668,5.3601,0.7459,0.003445,0,0.1553
GOOGL,2025-09-24,246.65737915039065,-0.017961,0.6982,0.3757,5.3986,0.6598,0.017961,0,0.1308
GOOGL,2025-09-25,245.3100128173828,-0.005463,0.7605,0.3784,5.4692,0.6194,0.005463,0,0.1642
GOOGL,2025-09-26,246.0585479736328,0.003051,0.4614,0.3765,5.3373,0.614,0.003051,0,0.1298
GOOGL,2025-09-29,243.5734100341797,-0.0101,0.818,0.382,5.5535,0.5379,0.0101,0,0.1574
GOOGL,2025-09-30,242.6252899169922,-0.003893,0.8882,0.3804,5.499,0.4676,0.003893,0,0.1559
GOOGL,2025-10-01,244.4217529296875,0.007404,0.8914,0.2154,5.6544,0.5044,0.007404,0,0.1601
GOOGL,2025-10-02,245.210205078125,0.003226,0.7451,0.2148,5.5721,0.5095,0.003226,0,0.1569
GOOGL,2025-10-03,244.8708953857422,-0.001384,0.9061,0.2128,5.5048,0.4706,0.001384,0,0.1438
GOOGL,2025-10-06,249.94094848632812,0.020705,0.8701,0.2214,5.5921,0.6912,0.020705,0,0.1444
GOOGL,2025-10-07,245.2800750732422,-0.018648,0.7141,0.2209,5.5434,0.4235,0.018648,0,0.125
GOOGL,2025-10-08,244.14230346679688,-0.004639,0.6706,0.2216,5.3036,0.33,0.004639,0,0.1436
GOOGL,2025-10-09,241.0583343505859,-0.012632,0.8817,0.2264,5.3247,0.1277,0.012632,0,0.1309
GOOGL,2025-10-10,236.10804748535156,-0.020536,1.0383,0.2381,5.5325,-0.1016,0.020536,0,0.0753
GOOGL,2025-10-13,243.6732177734375,0.032041,0.8253,0.2078,5.7026,0.3444,0.032041,0,0.058
GOOGL,2025-10-14,244.97067260742188,0.005325,0.7448,0.2092,5.7665,0.4337,0.005325,0,0.1451
GOOGL,2025-10-15,250.5397796630859,0.022734,0.9208,0.2243,5.8294,0.7537,0.022734,0,0.1429
GOOGL,2025-10-16,250.9689483642578,0.001713,0.9598,0.2215,5.9021,0.7826,0.001713,0,0.1575
GOOGL,2025-10-17,252.8053436279297,0.007317,1.0644,0.2197,5.9375,0.9068,0.007317,0,0.1552
GOOGL,2025-10-20,256.04901123046875,0.012831,0.8164,0.222,5.8007,1.0405,0.012831,0,0.1272
GOOGL,2025-10-21,249.9709014892578,-0.023738,1.6652,0.2383,6.2703,0.7106,0.023738,0,0.0765
GOOGL,2025-10-22,251.1985015869141,0.004911,1.2183,0.2293,6.3264,0.7587,0.004911,0,0.1503
GOOGL,2025-10-23,252.58580017089844,0.005523,0.7058,0.2285,6.1134,0.8019,0.005523,0,0.1613
GOOGL,2025-10-24,259.4124450683594,0.027027,0.9982,0.2457,6.2898,1.0379,0.027027,0,0.0948
GOOGL,2025-10-27,268.744140625,0.035972,1.2217,0.2672,6.5691,1.1928,0.035972,0,0.0147
GOOGL,2025-10-28,266.94769287109375,-0.006685,1.0401,0.2687,6.4014,1.0228,0.006685,0,0.1232
GOOGL,2025-10-29,274.0338439941406,0.026545,1.4931,0.2794,6.5052,1.0869,0.026545,0,0.063
GOOGL,2025-10-30,280.93035888671875,0.025167,2.3651,0.2874,7.2539,1.1005,0.025167,1,-0.0084
GOOGL,2025-10-31,280.640869140625,-0.00103,1.2229,0.2872,7.3752,0.9979,0.00103,0,0.0973
GOOGL,2025-11-03,283.16595458984375,0.008998,0.9264,0.2828,7.2569,0.9648,0.008998,0,0.1309
GOOGL,2025-11-04,276.9980163574219,-0.021782,0.9255,0.2867,7.2704,0.8193,0.021782,0,0.1168
GOOGL,2025-11-05,283.7547607421875,0.024393,0.9402,0.2905,7.3984,0.8835,0.024393,0,0.1234
GOOGL,2025-11-06,284.1939392089844,0.001548,1.1114,0.2816,7.3839,0.8511,0.001548,0,0.1314
GOOGL,2025-11-07,278.2854919433594,-0.02079,1.0288,0.2819,7.538,0.736,0.02079,0,0.1272
GOOGL,2025-11-10,289.5334777832031,0.040419,0.876,0.2926,7.8529,0.8851,0.040419,0,0.0363
GOOGL,2025-11-11,290.74114990234375,0.004171,0.5901,0.2928,7.6199,0.8671,0.004171,0,0.1293
GOOGL,2025-11-12,286.15008544921875,-0.015791,0.7408,0.3003,7.6688,0.7628,0.015791,0,0.1332
GOOGL,2025-11-13,278.0260009765625,-0.028391,0.878,0.3251,7.7961,0.6051,0.028391,0,0.087
GOOGL,2025-11-14,275.8702392578125,-0.007754,0.9393,0.3282,7.8003,0.5479,0.007754,0,0.1425
GOOGL,2025-11-17,284.46337890625,0.031149,1.496,0.3406,8.4935,0.6915,0.031149,0,0.065
GOOGL,2025-11-18,283.724853515625,-0.002596,1.3926,0.3244,8.6425,0.66,0.002596,0,0.1027
GOOGL,2025-11-19,292.2381896972656,0.030006,1.8453,0.3348,9.4175,0.8369,0.030006,0,0.0336
GOOGL,2025-11-20,288.884765625,-0.011475,1.5877,0.3417,10.0102,0.7548,0.011475,0,0.0788
GOOGL,2025-11-21,299.0748291015625,0.035274,1.7934,0.3493,10.3267,1.0335,0.035274,1,-0.0055
GOOGL,2025-11-24,317.9578552246094,0.063138,1.9428,0.3897,11.002,1.2823,0.063138,1,-0.1384
GOOGL,2025-11-25,322.8083801269531,0.015255,1.8946,0.386,11.0132,1.1887,0.015255,1,-0.0331
GOOGL,2025-11-26,319.3252258300781,-0.01079,1.0891,0.3873,10.7762,1.0192,0.01079,0,0.0602
GOOGL,2025-11-28,319.5547790527344,0.000719,0.5817,0.3826,10.7236,0.9484,0.000719,0,0.0493
GOOGL,2025-12-01,314.2751159667969,-0.016522,0.9188,0.3906,10.406,0.8247,0.016522,0,0.0878
GOOGL,2025-12-02,315.1932678222656,0.002921,0.7945,0.3906,9.9814,0.8043,0.002921,0,0.1094
GOOGL,2025-12-03,319.00579833984375,0.012096,0.9152,0.3773,9.8017,0.8252,0.012096,0,0.1259
GOOGL,2025-12-04,316.999755859375,-0.006288,0.6832,0.3746,9.6477,0.7667,0.006288,0,0.1242
GOOGL,2025-12-05,320.642578125,0.011492,0.6368,0.3748,9.3535,0.7883,0.011492,0,0.1212
GOOGL,2025-12-08,313.31219482421875,-0.022862,0.7489,0.3768,9.3873,0.6633,0.022862,0,0.0795
GOOGL,2025-12-09,316.66778564453125,0.01071,0.6663,0.3552,9.1512,0.6931,0.01071,0,0.125
GOOGL,2025-12-10,319.7937316894531,0.009871,0.7268,0.3557,8.9705,0.7172,0.009871,0,0.1336
GOOGL,2025-12-11,312.0238342285156,-0.024297,0.9037,0.3635,9.2229,0.5851,0.024297,0,0.0824
GOOGL,2025-12-12,308.887939453125,-0.01005,0.7616,0.3468,9.2282,0.5144,0.01005,0,0.1274
GOOGL,2025-12-15,307.8193054199219,-0.00346,0.6194,0.345,9.0356,0.4644,0.00346,0,0.1162
GOOGL,2025-12-16,306.1714782714844,-0.005353,0.6654,0.3334,8.9737,0.3995,0.005353,0,0.1256
GOOGL,2025-12-17,296.3342590332031,-0.03213,0.9613,0.3567,9.1867,0.1248,0.03213,0,0.0391
GOOGL,2025-12-18,302.0668029785156,0.019345,0.7624,0.3477,9.0469,0.2352,0.019345,0,0.0889
GOOGL,2025-12-19,306.7607116699219,0.015539,1.3666,0.3471,8.8487,0.3038,0.015539,0,0.0954
GOOGL,2025-12-22,309.3772888183594,0.00853,0.6372,0.3268,8.5612,0.3609,0.00853,0,0.1208
GOOGL,2025-12-23,313.94134521484375,0.014752,0.6619,0.2402,8.3506,0.5325,0.014752,0,0.125
GOOGL,2025-12-24,313.68170166015625,-0.000827,0.2921,0.2328,7.9796,0.542,0.000827,0,0.0754
GOOGL,2025-12-26,313.1024475097656,-0.001847,0.3349,0.2301,7.61,0.5327,0.001847,0,0.0833
GOOGL,2025-12-29,313.1523742675781,0.000159,0.6089,0.2301,7.309,0.5492,0.000159,0,0.1184
GOOGL,2025-12-30,313.4420166015625,0.000925,0.5601,0.2226,7.1072,0.563,0.000925,0,0.1205
GOOGL,2025-12-31,312.5931091308594,-0.002708,0.5449,0.2225,6.8236,0.5335,0.002708,0,0.1257
GOOGL,2026-01-02,314.7403259277344,0.006869,1.0826,0.2194,7.2043,0.6364,0.006869,0,0.1473
GOOGL,2026-01-05,316.1285400390625,0.004411,1.0231,0.219,7.0029,0.6995,0.004411,0,0.1518
GOOGL,2026-01-06,313.9313659667969,-0.00695,1.0533,0.2159,7.1561,0.627,0.00695,0,0.1492
GOOGL,2026-01-07,321.5614318847656,0.024305,1.1823,0.2174,7.4981,0.9253,0.024305,0,0.1159
GOOGL,2026-01-08,325.0169372558594,0.010746,1.0711,0.2174,7.5917,1.0002,0.010746,0,0.1215
GOOGL,2026-01-09,328.14288330078125,0.009618,0.8911,0.2172,7.434,1.0418,0.009618,0,0.1076
GOOGL,2026-01-12,331.4285583496094,0.010013,1.17,0.1966,7.5479,1.0366,0.010013,0,0.1018
GOOGL,2026-01-13,335.53326416015625,0.012385,1.1608,0.1928,7.6244,1.0382,0.012385,0,0.0977
GOOGL,2026-01-14,335.4034118652344,-0.000387,0.989,0.1915,7.5106,0.9571,0.000387,0,0.1004
GOOGL,2026-01-15,332.3473815917969,-0.009112,0.9898,0.1945,7.4699,0.8432,0.009112,0,0.1292
GOOGL,2026-01-16,329.5710144042969,-0.008354,1.4127,0.1485,7.4321,0.7626,0.008354,0,0.0761
GOOGL,2026-01-20,321.5814208984375,-0.024242,1.2343,0.1727,7.584,0.5413,0.024242,0,0.0723
GOOGL,2026-01-21,327.953125,0.019814,1.2905,0.1773,7.9789,0.6953,0.019814,0,0.09
GOOGL,2026-01-22,330.1103210449219,0.006578,0.9577,0.1767,7.8919,0.7339,0.006578,0,0.1173
GOOGL,2026-01-23,327.5036926269531,-0.007896,0.9919,0.1756,7.7733,0.6396,0.007896,0,0.118
GOOGL,2026-01-26,332.8267822265625,0.016254,0.9202,0.182,7.8487,0.7708,0.016254,0,0.1129
GOOGL,2026-01-27,334.1150817871094,0.003871,0.7503,0.1811,7.6198,0.7812,0.003871,0,0.1213
GOOGL,2026-01-28,335.5732116699219,0.004364,0.9387,0.1808,7.475,0.7969,0.004364,0,0.1236
GOOGL,2026-01-29,337.8102722167969,0.006666,1.311,0.1808,8.0646,0.8348,0.006666,0,0.1043
GOOGL,2026-01-30,337.56060791015625,-0.000739,0.9982,0.18,8.0386,0.8056,0.000739,0,0.1018
GOOGL,2026-02-02,343.24322509765625,0.016834,1.0298,0.1856,8.1207,0.9502,0.016834,0,0.1058
GOOGL,2026-02-03,339.26837158203125,-0.01158,1.1628,0.1941,8.3631,0.796,0.01158,0,0.1183
GOOGL,2026-02-04,332.6070556640625,-0.019634,2.1165,0.2079,8.8208,0.5286,0.019634,0,0.0206
GOOGL,2026-02-05,330.8193664550781,-0.005375,2.4488,0.1938,10.0869,0.4222,0.005375,1,-0.0162
GOOGL,2026-02-06,322.4402770996094,-0.025328,1.5138,0.2123,10.1746,0.0411,0.025328,0,0.0342
GOOGL,2026-02-09,323.8984069824219,0.004522,1.0455,0.2099,10.1926,0.1359,0.004522,0,0.0908
GOOGL,2026-02-10,318.16583251953125,-0.017699,1.026,0.2144,10.1572,-0.0157,0.017699,0,0.0662
GOOGL,2026-02-11,310.5557556152344,-0.023919,1.1711,0.2208,10.2449,-0.1245,0.023919,0,0.0309
GOOGL,2026-02-12,308.5982971191406,-0.006303,1.202,0.2206,10.158,-0.0558,0.006303,0,0.0572
GOOGL,2026-02-13,305.32257080078125,-0.010615,0.9568,0.2212,9.8098,-0.0298,0.010615,0,0.0875
GOOGL,2026-02-17,301.6273498535156,-0.012103,0.9767,0.2225,9.7847,-0.0127,0.012103,0,0.0866
GOOGL,2026-02-18,302.9356689453125,0.004338,0.7149,0.2114,9.3804,0.0721,0.004338,0,0.0897
GOOGL,2026-02-19,302.456298828125,-0.001582,0.6563,0.1939,9.0977,0.115,0.001582,0,0.0675
GOOGL,2026-02-20,314.5705261230469,0.040053,1.3071,0.2471,9.4216,0.3475,0.040053,0,0.0048
GOOGL,2026-02-23,311.0850524902344,-0.01108,0.768,0.2483,9.437,0.3027,0.01108,0,0.1176
GOOGL,2026-02-24,310.495849609375,-0.001894,0.6264,0.2383,9.2152,0.3121,0.001894,0,0.1021
GOOGL,2026-02-25,312.49322509765625,0.006433,0.7253,0.2395,8.8566,0.3643,0.006433,0,0.1297
GOOGL,2026-02-26,306.9804382324219,-0.017641,0.8724,0.243,8.9937,0.288,0.017641,0,0.1127
GOOGL,2026-02-27,311.354736328125,0.014249,1.0628,0.249,8.9626,0.3859,0.014249,0,0.1255
GOOGL,2026-03-02,306.12152099609375,-0.016808,0.8246,0.2527,9.0686,0.3056,0.016808,0,0.1136
GOOGL,2026-03-03,303.1853332519531,-0.009592,0.8379,0.2399,9.1207,0.2566,0.009592,0,0.1276
GOOGL,2026-03-04,302.7359619140625,-0.001482,0.7029,0.2395,8.8059,0.2528,0.001482,0,0.1142
GOOGL,2026-03-05,300.4888610839844,-0.007423,0.8877,0.2338,8.5557,0.202,0.007423,0,0.1296
GOOGL,2026-03-06,298.1319274902344,-0.007844,0.6886,0.234,8.3512,0.1301,0.007844,0,0.1116
GOOGL,2026-03-09,306.1770935058594,0.026985,0.819,0.2473,8.6627,0.4335,0.026985,0,0.0827
GOOGL,2026-03-10,306.8567199707031,0.00222,0.6646,0.2466,8.3252,0.4922,0.00222,0,0.1278
GOOGL,2026-03-11,308.5157470703125,0.005407,0.7051,0.2414,8.1232,0.6119,0.005407,0,0.1442
GOOGL,2026-03-12,303.3687744140625,-0.016683,0.751,0.2337,8.1076,0.3397,0.016683,0,0.118
GOOGL,2026-03-13,302.09954833984375,-0.004184,0.7406,0.2332,8.046,0.2882,0.004184,0,0.1311
GOOGL,2026-03-16,305.3775939941406,0.010851,0.7528,0.2338,7.7719,0.4732,0.010851,0,0.1313
GOOGL,2026-03-17,310.7344055175781,0.017542,0.7228,0.237,7.6393,0.7493,0.017542,0,0.1305
GOOGL,2026-03-18,307.5063171386719,-0.010389,0.668,0.2404,7.4891,0.5554,0.010389,0,0.1405
GOOGL,2026-03-19,306.9466552734375,-0.00182,0.8382,0.2405,7.3618,0.5109,0.00182,0,0.138
GOOGL,2026-03-20,300.8203125,-0.019959,1.5053,0.202,7.4684,0.1752,0.019959,0,0.0697
GOOGL,2026-03-23,301.87969970703125,0.003522,0.9986,0.2001,7.2955,0.2647,0.003522,0,0.1183
GOOGL,2026-03-24,290.2666320800781,-0.038469,1.2317,0.2394,7.6117,-0.2056,0.038469,1,-0.016
GOOGL,2026-03-25,290.7563171386719,0.001687,0.9851,0.2375,7.5506,-0.0695,0.001687,0,0.0691
GOOGL,2026-03-26,280.7523193359375,-0.034407,1.3011,0.2574,7.8986,-0.2154,0.034407,0,0.0
GOOGL,2026-03-27,274.1762390136719,-0.023423,1.2125,0.256,7.832,-0.1916,0.023423,0,0.0434
GOOGL,2026-03-30,273.33673095703125,-0.003062,1.1865,0.2531,7.6281,-0.0712,0.003062,0,0.0728
GOOGL,2026-03-31,287.3883361816406,0.051408,1.4607,0.3231,8.124,0.2677,0.051408,1,-0.0295
GOOGL,2026-04-01,297.2124938964844,0.034184,1.2378,0.3483,8.4689,0.4905,0.034184,0,0.0587
GOOGL,2026-04-02,295.59344482421875,-0.005447,0.7285,0.3479,8.48,0.46,0.005447,0,0.1322
GOOGL,2026-04-06,299.8109130859375,0.014268,0.5782,0.3506,8.2626,0.5517,0.014268,0,0.117
GOOGL,2026-04-07,305.27764892578125,0.018234,0.8001,0.3432,8.2371,0.6745,0.018234,0,0.1266
GOOGL,2026-04-08,317.1305847167969,0.038827,1.1365,0.3698,8.8352,0.9028,0.038827,0,0.0333
GOOGL,2026-04-09,318.29986572265625,0.003687,0.8048,0.3696,8.8095,0.8958,0.003687,0,0.134
GOOGL,2026-04-10,317.0506286621094,-0.003925,0.6557,0.3639,8.5735,0.8399,0.003925,0,0.1313
GOOGL,2026-04-13,321.1181945800781,0.012829,0.6513,0.3648,8.4009,0.874,0.012829,0,0.1274
GOOGL,2026-04-14,332.7112731933594,0.036102,0.9501,0.3823,8.656,0.9939,0.036102,0,0.0404
GOOGL,2026-04-15,336.91876220703125,0.012646,0.8497,0.3805,8.5075,0.9848,0.012646,0,0.1137
GOOGL,2026-04-16,335.81939697265625,-0.003263,0.6998,0.3776,8.2824,0.9144,0.003263,0,0.1283
GOOGL,2026-04-17,341.4760437011719,0.016844,0.8708,0.3792,8.1405,0.9268,0.016844,0,0.1276
GOOGL,2026-04-20,337.2185974121094,-0.012468,0.6685,0.3734,7.921,0.8363,0.012468,0,0.129
GOOGL,2026-04-21,332.0916442871094,-0.015204,0.8321,0.3809,7.9256,0.7536,0.015204,0,0.1321
GOOGL,2026-04-22,339.1174621582031,0.021156,0.7527,0.3479,7.897,0.7981,0.021156,0,0.1282
GOOGL,2026-04-23,338.6877136230469,-0.001267,0.7059,0.3487,7.7456,0.7651,0.001267,0,0.13
GOOGL,2026-04-24,344.19439697265625,0.016259,1.0248,0.3116,7.8976,0.7961,0.016259,0,0.1433
GOOGL,2026-04-27,350.130859375,0.017247,1.1241,0.2854,8.0795,0.8382,0.017247,0,0.1327
GOOGL,2026-04-28,349.5711975097656,-0.001598,1.1105,0.2844,7.9521,0.8212,0.001598,0,0.1258
GOOGL,2026-04-29,349.7311096191406,0.000457,1.4362,0.2471,8.2107,0.8047,0.000457,0,0.0961
GOOGL,2026-04-30,384.5702819824219,0.099617,2.7341,0.3962,10.187,1.1389,0.099617,1,-0.1899
GOOGL,2026-05-01,385.4597778320313,0.002313,1.1245,0.3923,10.0097,1.0584,0.002313,0,0.0547
GOOGL,2026-05-04,383.0212097167969,-0.006326,0.9655,0.3986,9.8366,0.9718,0.006326,0,0.1012
GOOGL,2026-05-05,388.1981201171875,0.013516,0.8756,0.3981,9.8171,0.9684,0.013516,0,0.1043
GOOGL,2026-05-06,397.8023986816406,0.024741,1.1527,0.3887,9.9311,0.9899,0.024741,0,0.0656
GOOGL,2026-05-07,397.7524108886719,-0.000126,0.8985,0.39,9.7515,0.9298,0.000126,0,0.0856
GOOGL,2026-05-08,400.5607299804687,0.00706,0.7858,0.3862,9.4575,0.9072,0.00706,0,0.1166
GOOGL,2026-05-11,388.4080200195313,-0.030339,1.1021,0.4143,9.6622,0.7668,0.030339,0,0.0468
GOOGL,2026-05-12,387.1187744140625,-0.003319,0.9352,0.4048,9.3911,0.7303,0.003319,0,0.1152
GOOGL,2026-05-13,402.3796691894531,0.039422,1.0058,0.4198,10.0552,0.8387,0.039422,1,-0.0041
GOOGL,2026-05-14,400.8305969238281,-0.00385,0.7546,0.42,9.8431,0.7931,0.00385,0,0.1041
GOOGL,2026-05-15,396.5431518554687,-0.010696,0.732,0.4248,9.7033,0.7286,0.010696,0,0.1019
GOOGL,2026-05-18,396.70306396484375,0.000403,0.9534,0.419,10.0153,0.7086,0.000403,0,0.0758
GOOGL,2026-05-19,387.4285888671875,-0.023379,1.365,0.4261,10.088,0.5974,0.023379,0,0.0339
GOOGL,2026-05-20,388.6778564453125,0.003225,1.0745,0.4235,10.1498,0.5914,0.003225,0,0.0834
GOOGL,2026-05-21,387.4285888671875,-0.003214,0.8325,0.4241,10.1016,0.5543,0.003214,0,0.0848
GOOGL,2026-05-22,382.7413940429687,-0.012098,0.6917,0.4279,9.8776,0.4619,0.012098,0,0.0816
GOOGL,2026-05-26,388.6478576660156,0.015432,0.9402,0.4273,9.6475,0.5257,0.015432,0,0.0903
GOOGL,2026-05-27,388.5978698730469,-0.000129,0.7886,0.427,9.528,0.4881,0.000129,0,0.0665
GOOGL,2026-05-28,389.8971252441406,0.003343,0.848,0.4266,9.3265,0.4506,0.003343,0,0.0939
GOOGL,2026-05-29,380.1129455566406,-0.025094,1.6243,0.2599,9.4934,0.0906,0.025094,0,0.0449
GOOGL,2026-06-01,376.1453247070313,-0.010438,1.0513,0.262,9.3021,0.0097,0.010438,0,0.0981
GOOGL,2026-06-02,361.6340026855469,-0.038579,1.7702,0.2937,9.9176,-0.2201,0.038579,1,-0.044
GOOGL,2026-06-03,358.77569580078125,-0.007904,1.8446,0.2878,9.8067,-0.1161,0.007904,0,0.0141
GOOGL,2026-06-04,371.96783447265625,0.03677,1.4353,0.3062,10.1799,0.1971,0.03677,0,0.0072
GOOGL,2026-06-05,368.30999755859375,-0.009834,1.1954,0.3068,10.0288,0.162,0.009834,0,0.0968
GOOGL,2026-06-08,363.30999755859375,-0.013576,0.8823,0.306,9.8682,0.1101,0.013576,0,0.1032
GOOGL,2026-06-09,364.260009765625,0.002615,0.9344,0.2914,10.2191,0.1681,0.002615,0,0.0928
GOOGL,2026-06-10,356.3800048828125,-0.021633,1.0135,0.2988,10.4434,0.0842,0.021633,0,0.0647
GOOGL,2026-06-11,357.7699890136719,0.0039,1.1004,0.2535,10.586,0.144,0.0039,0,0.0838
GOOGL,2026-06-12,359.67999267578125,0.005339,0.7608,0.2565,10.6606,0.2034,0.005339,0,0.0877
GOOGL,2026-06-15,369.3500061035156,0.026885,0.8442,0.2796,10.8498,0.395,0.026885,0,0.0413
GOOGL,2026-06-16,373.25,0.010559,0.7597,0.2838,10.7134,0.4904,0.010559,0,0.0914
GOOGL,2026-06-17,363.7900085449219,-0.025345,0.7671,0.2857,10.7503,0.3161,0.025345,0,0.0382
GOOGL,2026-06-18,368.0299987792969,0.011655,1.3628,0.2897,10.7546,0.4231,0.011655,0,0.0633
AMZN,2024-07-19,183.1300048828125,-0.003374,0.9227,0.2807,4.9244,0.0456,0.003374,0,0.1611
AMZN,2024-07-22,182.5500030517578,-0.003167,0.8844,0.2738,4.7162,0.0676,0.003167,0,0.1565
AMZN,2024-07-23,186.41000366210935,0.021145,1.0565,0.2774,4.9016,0.2214,0.021145,0,0.154
AMZN,2024-07-24,180.8300018310547,-0.029934,0.927,0.297,4.996,0.036,0.029934,0,0.0998
AMZN,2024-07-25,179.85000610351562,-0.005419,1.0158,0.2559,5.1742,0.0661,0.005419,0,0.1685
AMZN,2024-07-26,182.5,0.014734,0.7105,0.2476,5.0209,0.1941,0.014734,0,0.1633
AMZN,2024-07-29,183.1999969482422,0.003836,0.8456,0.238,4.8019,0.2427,0.003836,0,0.176
AMZN,2024-07-30,181.7100067138672,-0.008133,1.0063,0.2225,4.939,0.2232,0.008133,0,0.1681
AMZN,2024-07-31,186.97999572753903,0.029002,1.0667,0.2438,5.0434,0.4134,0.029002,0,0.1244
AMZN,2024-08-01,184.07000732421875,-0.015563,1.7177,0.2458,5.3387,0.3331,0.015563,0,0.1301
AMZN,2024-08-02,167.89999389648438,-0.087847,3.0693,0.3809,6.7825,-0.1011,0.087847,1,-0.114
AMZN,2024-08-05,161.02000427246094,-0.040977,1.7143,0.3973,7.5315,-0.1429,0.040977,0,0.0098
AMZN,2024-08-06,161.92999267578125,0.005651,1.2022,0.3997,7.454,-0.0274,0.005651,0,0.089
AMZN,2024-08-07,162.77000427246094,0.005187,0.9559,0.401,7.3527,0.0489,0.005187,0,0.1148
AMZN,2024-08-08,165.8000030517578,0.018615,0.881,0.4097,7.1047,0.1587,0.018615,0,0.1318
AMZN,2024-08-09,166.94000244140625,0.006876,0.7147,0.4127,6.7704,0.2138,0.006876,0,0.1428
AMZN,2024-08-12,166.8000030517578,-0.000839,0.5966,0.4132,6.4398,0.2361,0.000839,0,0.1216
AMZN,2024-08-13,170.22999572753906,0.020564,0.7744,0.4237,6.2727,0.3401,0.020564,0,0.1399
AMZN,2024-08-14,170.10000610351562,-0.000764,0.5803,0.417,6.0569,0.3553,0.000764,0,0.1297
AMZN,2024-08-15,177.58999633789062,0.044033,1.0394,0.4453,6.189,0.5687,0.044033,0,0.0384
AMZN,2024-08-16,177.05999755859375,-0.002984,0.6406,0.4453,5.8807,0.5637,0.002984,0,0.1352
AMZN,2024-08-19,178.22000122070312,0.006551,0.639,0.4461,5.6011,0.6045,0.006551,0,0.1457
AMZN,2024-08-20,178.8800048828125,0.003703,0.551,0.439,5.3015,0.6406,0.003703,0,0.1352
AMZN,2024-08-21,180.11000061035156,0.006876,0.7517,0.4268,5.1684,0.6794,0.006876,0,0.1535
AMZN,2024-08-22,176.1300048828125,-0.022098,0.6857,0.4338,5.2144,0.5653,0.022098,0,0.1119
AMZN,2024-08-23,177.0399932861328,0.005167,0.6239,0.4306,5.1048,0.6042,0.005167,0,0.1431
AMZN,2024-08-26,175.5,-0.008699,0.4844,0.4309,4.9622,0.5706,0.008699,0,0.1265
AMZN,2024-08-27,173.1199951171875,-0.013561,0.6531,0.4324,4.8363,0.5071,0.013561,0,0.128
AMZN,2024-08-28,170.8000030517578,-0.013401,0.6446,0.418,4.8314,0.4509,0.013401,0,0.1327
AMZN,2024-08-29,172.1199951171875,0.007728,0.6162,0.4177,4.7332,0.5257,0.007728,0,0.1388
AMZN,2024-08-30,178.5,0.037067,1.1442,0.3,4.8828,0.7639,0.037067,0,0.082
AMZN,2024-09-03,176.25,-0.012605,1.0596,0.2586,4.7629,0.654,0.012605,0,0.1888
AMZN,2024-09-04,173.3300018310547,-0.016567,0.886,0.2693,4.6862,0.4983,0.016567,0,0.1746
AMZN,2024-09-05,177.88999938964844,0.026308,1.1886,0.2812,4.8218,0.7133,0.026308,0,0.1545
AMZN,2024-09-06,171.38999938964844,-0.036539,1.2327,0.3112,4.9961,0.3129,0.036539,0,0.0911
AMZN,2024-09-09,175.39999389648438,0.023397,0.8728,0.3202,4.9572,0.5398,0.023397,0,0.1621
AMZN,2024-09-10,179.5500030517578,0.02366,1.0791,0.3283,4.9675,0.8159,0.02366,0,0.1533
AMZN,2024-09-11,184.52000427246097,0.02768,1.2614,0.334,5.2784,1.0827,0.02768,0,0.1034
AMZN,2024-09-12,187.0,0.01344,0.9872,0.335,5.1765,1.1182,0.01344,0,0.1308
AMZN,2024-09-13,186.4900054931641,-0.002727,0.8098,0.3022,4.9895,0.9949,0.002727,0,0.1543
AMZN,2024-09-16,184.88999938964844,-0.00858,0.8033,0.3042,4.8553,0.8626,0.00858,0,0.1772
AMZN,2024-09-17,186.8800048828125,0.010763,0.8104,0.3054,4.834,0.9088,0.010763,0,0.1772
AMZN,2024-09-18,186.42999267578125,-0.002408,1.0565,0.3058,4.7551,0.849,0.002408,0,0.1636
AMZN,2024-09-19,189.8699951171875,0.018452,1.2054,0.3109,4.741,0.9394,0.018452,0,0.1471
AMZN,2024-09-20,191.6000061035156,0.009112,2.7713,0.2971,4.7186,0.9389,0.009112,0,0.0445
AMZN,2024-09-23,193.8800048828125,0.0119,1.0104,0.2983,4.6583,0.9491,0.0119,0,0.1664
AMZN,2024-09-24,193.9600067138672,0.000413,1.1543,0.2946,4.7001,0.8957,0.000413,0,0.148
AMZN,2024-09-25,192.52999877929688,-0.007373,0.7038,0.2902,4.4916,0.8148,0.007373,0,0.1646
AMZN,2024-09-26,191.16000366210935,-0.007116,0.9597,0.2856,4.5274,0.7483,0.007116,0,0.18
AMZN,2024-09-27,187.97000122070312,-0.016688,0.939,0.2963,4.4766,0.6236,0.016688,0,0.1634
AMZN,2024-09-30,186.3300018310547,-0.008725,1.0872,0.2734,4.4309,0.5528,0.008725,0,0.1742
AMZN,2024-10-01,185.1300048828125,-0.00644,0.9446,0.2698,4.3196,0.4932,0.00644,0,0.1781
AMZN,2024-10-02,184.7599945068359,-0.001999,0.6266,0.2609,4.1933,0.4533,0.001999,0,0.1548
AMZN,2024-10-03,181.9600067138672,-0.015155,0.8091,0.2539,4.1709,0.3218,0.015155,0,0.1555
AMZN,2024-10-04,186.5099945068359,0.025005,1.0962,0.2247,4.2762,0.4822,0.025005,0,0.1299
AMZN,2024-10-07,180.8000030517578,-0.030615,1.1158,0.2448,4.4184,0.1116,0.030615,0,0.0956
AMZN,2024-10-08,182.72000122070312,0.010619,0.7037,0.2334,4.2659,0.2011,0.010619,0,0.1471
AMZN,2024-10-09,185.1699981689453,0.013408,0.7185,0.2166,4.2325,0.3591,0.013408,0,0.1572
AMZN,2024-10-10,186.6499938964844,0.007993,0.7638,0.213,4.1413,0.4581,0.007993,0,0.1665
AMZN,2024-10-11,188.82000732421875,0.011626,0.7087,0.2167,4.1047,0.5935,0.011626,0,0.1641
AMZN,2024-10-14,187.5399932861328,-0.006779,0.6253,0.2157,3.9877,0.5004,0.006779,0,0.1425
AMZN,2024-10-15,187.69000244140625,0.0008,0.8823,0.2125,3.9764,0.5077,0.0008,0,0.1437
AMZN,2024-10-16,186.88999938964844,-0.004262,0.653,0.2129,3.8471,0.4527,0.004262,0,0.1438
AMZN,2024-10-17,187.52999877929688,0.003424,0.7114,0.2023,3.7822,0.5034,0.003424,0,0.1425
AMZN,2024-10-18,188.9900054931641,0.007785,1.1676,0.2015,3.8307,0.6141,0.007785,0,0.1334
AMZN,2024-10-21,189.07000732421875,0.000423,0.7839,0.1961,3.7755,0.6494,0.000423,0,0.1192
AMZN,2024-10-22,189.6999969482422,0.003332,0.9646,0.1967,3.8302,0.7391,0.003332,0,0.1464
AMZN,2024-10-23,184.7100067138672,-0.026305,1.0297,0.2153,3.9861,0.3306,0.026305,0,0.0897
AMZN,2024-10-24,186.3800048828125,0.009041,0.7149,0.2179,3.9335,0.5118,0.009041,0,0.1508
AMZN,2024-10-25,187.8300018310547,0.00778,0.9804,0.212,3.9433,0.6632,0.00778,0,0.1535
AMZN,2024-10-28,188.38999938964844,0.002981,0.9544,0.2096,3.8315,0.7066,0.002981,0,0.1514
AMZN,2024-10-29,190.8300018310547,0.012952,1.2202,0.2122,3.8178,0.8979,0.012952,0,0.1291
AMZN,2024-10-30,192.72999572753903,0.009956,1.2591,0.2138,3.8866,0.9875,0.009956,0,0.1085
AMZN,2024-10-31,186.3999938964844,-0.032844,2.334,0.2404,4.1449,0.4187,0.032844,0,0.0099
AMZN,2024-11-01,197.92999267578125,0.061856,2.8372,0.3131,4.8566,1.2074,0.061856,1,-0.0938
AMZN,2024-11-04,195.77999877929688,-0.010862,1.1016,0.292,4.7682,1.0018,0.010862,0,0.1434
AMZN,2024-11-05,199.5,0.019001,0.8695,0.296,4.7162,1.119,0.019001,0,0.1251
AMZN,2024-11-06,207.08999633789065,0.038045,1.9304,0.3178,4.9802,1.2468,0.038045,1,-0.0082
AMZN,2024-11-07,210.0500030517578,0.014293,1.3662,0.3192,4.993,1.1583,0.014293,0,0.0975
AMZN,2024-11-08,208.17999267578125,-0.008903,0.9198,0.3228,4.8227,0.9948,0.008903,0,0.1475
AMZN,2024-11-11,206.83999633789065,-0.006437,0.8895,0.3226,4.7682,0.8957,0.006437,0,0.1692
AMZN,2024-11-12,208.91000366210935,0.010008,0.9687,0.3227,4.6797,0.9002,0.010008,0,0.1687
AMZN,2024-11-13,214.1000061035156,0.024843,1.1179,0.3274,4.7869,0.9664,0.024843,0,0.13
AMZN,2024-11-14,211.47999572753903,-0.012237,1.0095,0.3343,4.8036,0.8544,0.012237,0,0.1519
AMZN,2024-11-15,202.61000061035156,-0.041942,1.9382,0.3754,5.3085,0.6181,0.041942,0,0.0274
AMZN,2024-11-18,201.6999969482422,-0.004491,0.8044,0.3763,5.195,0.5808,0.004491,0,0.1791
AMZN,2024-11-19,204.61000061035156,0.014427,0.6881,0.3783,5.2897,0.6385,0.014427,0,0.1769
AMZN,2024-11-20,202.8800048828125,-0.008455,0.722,0.3644,5.2804,0.5745,0.008455,0,0.1817
AMZN,2024-11-21,198.3800048828125,-0.022181,1.2447,0.3764,5.4562,0.4274,0.022181,0,0.1302
AMZN,2024-11-22,197.1199951171875,-0.006351,0.6659,0.3775,5.2457,0.3677,0.006351,0,0.1711
AMZN,2024-11-25,201.4499969482422,0.021966,0.8478,0.3837,5.216,0.4835,0.021966,0,0.1564
AMZN,2024-11-26,207.86000061035156,0.031819,0.863,0.3954,5.3113,0.6851,0.031819,0,0.1121
AMZN,2024-11-27,205.7400054931641,-0.010199,0.587,0.3983,5.1326,0.5893,0.010199,0,0.16
AMZN,2024-11-29,207.88999938964844,0.01045,0.5496,0.3747,5.0238,0.6649,0.01045,0,0.166
AMZN,2024-12-02,210.7100067138672,0.013565,0.9347,0.3129,5.0292,0.7746,0.013565,0,0.1848
AMZN,2024-12-03,213.44000244140625,0.012956,0.7676,0.31,4.9822,0.8794,0.012956,0,0.1801
AMZN,2024-12-04,218.16000366210935,0.022114,1.1368,0.3121,5.0949,1.025,0.022114,0,0.1383
AMZN,2024-12-05,220.5500030517578,0.010955,0.9956,0.2875,5.0774,1.026,0.010955,0,0.1611
AMZN,2024-12-06,227.02999877929688,0.029381,1.0805,0.2999,5.1862,1.1173,0.029381,0,0.1049
AMZN,2024-12-09,226.08999633789065,-0.00414,1.1303,0.2976,5.1307,0.9928,0.00414,0,0.1594
AMZN,2024-12-10,225.0399932861328,-0.004644,0.7571,0.2968,5.1114,0.9034,0.004644,0,0.1805
AMZN,2024-12-11,230.2599945068359,0.023196,0.8624,0.3038,5.1863,0.965,0.023196,0,0.1526
AMZN,2024-12-12,228.97000122070312,-0.005602,0.7028,0.2966,5.063,0.8872,0.005602,0,0.1789
AMZN,2024-12-13,227.4600067138672,-0.006595,0.7294,0.2933,5.0113,0.8188,0.006595,0,0.1834
AMZN,2024-12-16,232.92999267578125,0.024048,1.0153,0.2465,5.0491,0.8864,0.024048,0,0.1617
AMZN,2024-12-17,231.1499938964844,-0.007642,0.9725,0.2488,5.0513,0.8143,0.007642,0,0.1884
AMZN,2024-12-18,220.52000427246097,-0.045987,1.1521,0.3097,5.4969,0.5807,0.045987,0,0.0555
AMZN,2024-12-19,223.2899932861328,0.012561,1.0525,0.3075,5.5022,0.6214,0.012561,0,0.1917
AMZN,2024-12-20,224.9199981689453,0.0073,2.2406,0.2903,5.6434,0.6382,0.0073,0,0.0969
AMZN,2024-12-23,225.05999755859375,0.000622,0.7156,0.2872,5.4532,0.6233,0.000622,0,0.1771
AMZN,2024-12-24,229.0500030517578,0.017729,0.3955,0.2846,5.3551,0.7146,0.017729,0,0.1526
AMZN,2024-12-26,227.0500030517578,-0.008732,0.4404,0.2732,5.1426,0.6367,0.008732,0,0.1658
AMZN,2024-12-27,223.75,-0.014534,0.7471,0.2767,5.2145,0.5031,0.014534,0,0.1858
AMZN,2024-12-30,221.3000030517578,-0.01095,0.7695,0.2808,5.2221,0.366,0.01095,0,0.1908
AMZN,2024-12-31,219.38999938964844,-0.008631,0.6881,0.2811,5.1555,0.2221,0.008631,0,0.1764
AMZN,2025-01-02,220.22000122070312,0.003783,0.9392,0.2783,5.2844,0.2089,0.003783,0,0.1868
AMZN,2025-01-03,224.19000244140625,0.018027,0.7841,0.2747,5.2741,0.4213,0.018027,0,0.1877
AMZN,2025-01-06,227.61000061035156,0.015255,0.9197,0.277,5.2295,0.6237,0.015255,0,0.2003
AMZN,2025-01-07,222.11000061035156,-0.024164,0.8303,0.2713,5.3503,0.2761,0.024164,0,0.1528
AMZN,2025-01-08,222.1300048828125,9e-05,0.7647,0.271,5.2052,0.2942,9e-05,0,0.1692
AMZN,2025-01-10,218.94000244140625,-0.014361,1.115,0.2751,5.2356,0.1323,0.014361,0,0.1817
AMZN,2025-01-13,218.4600067138672,-0.002192,0.836,0.2595,5.0709,0.1436,0.002192,0,0.1752
AMZN,2025-01-14,217.7599945068359,-0.003204,0.7619,0.2592,5.1101,0.1445,0.003204,0,0.1785
AMZN,2025-01-15,223.3500061035156,0.025671,0.961,0.277,5.1601,0.4816,0.025671,0,0.1634
AMZN,2025-01-16,220.66000366210935,-0.012044,0.7756,0.2634,5.1015,0.3363,0.012044,0,0.1879
AMZN,2025-01-17,225.94000244140625,0.023928,1.3141,0.2787,5.155,0.7472,0.023928,0,0.1618
AMZN,2025-01-21,230.7100067138672,0.021112,1.2455,0.2331,5.2039,1.0153,0.021112,0,0.1336
AMZN,2025-01-22,235.0099945068359,0.018638,1.2891,0.2375,5.1701,1.1252,0.018638,0,0.1175
AMZN,2025-01-23,235.4199981689453,0.001745,0.9086,0.2369,5.0872,1.0352,0.001745,0,0.1409
AMZN,2025-01-24,234.8500061035156,-0.002421,0.8943,0.2375,4.9717,0.9404,0.002421,0,0.1714
AMZN,2025-01-27,235.4199981689453,0.002427,1.6116,0.2303,5.313,0.9209,0.002427,0,0.1128
AMZN,2025-01-28,238.1499938964844,0.011596,1.3019,0.2297,5.4899,0.9611,0.011596,0,0.1465
AMZN,2025-01-29,237.07000732421875,-0.004535,0.8185,0.2225,5.4006,0.872,0.004535,0,0.1716
AMZN,2025-01-30,234.63999938964844,-0.01025,0.9986,0.2219,5.4242,0.7594,0.01025,0,0.1821
AMZN,2025-01-31,237.67999267578125,0.012956,1.1067,0.2201,5.4403,0.8268,0.012956,0,0.1847
AMZN,2025-02-03,237.4199981689453,-0.001094,1.1369,0.2209,5.5053,0.7871,0.001094,0,0.1587
AMZN,2025-02-04,242.05999755859375,0.019543,0.903,0.2222,5.4763,0.8887,0.019543,0,0.1688
AMZN,2025-02-05,236.1699981689453,-0.024333,1.1648,0.2393,5.5752,0.6863,0.024333,0,0.1445
AMZN,2025-02-06,238.8300018310547,0.011263,1.7454,0.2203,5.4377,0.7437,0.011263,0,0.131
AMZN,2025-02-07,229.1499938964844,-0.040531,2.0669,0.2706,5.8185,0.4278,0.040531,0,0.0485
AMZN,2025-02-10,233.13999938964844,0.017412,0.9459,0.2691,5.7436,0.5365,0.017412,0,0.189
AMZN,2025-02-11,232.7599945068359,-0.00163,0.6363,0.269,5.5698,0.4981,0.00163,0,0.1728
AMZN,2025-02-12,228.92999267578125,-0.016455,0.8576,0.2772,5.5005,0.296,0.016455,0,0.1806
AMZN,2025-02-13,230.3699951171875,0.00629,0.8326,0.2641,5.3148,0.3313,0.00629,0,0.1899
AMZN,2025-02-14,228.67999267578125,-0.007336,0.7158,0.2613,5.1594,0.1684,0.007336,0,0.1733
AMZN,2025-02-18,226.6499938964844,-0.008877,1.1371,0.2504,5.1895,0.0343,0.008877,0,0.1629
AMZN,2025-02-19,226.6300048828125,-8.8e-05,0.7674,0.238,5.0417,0.075,8.8e-05,0,0.135
AMZN,2025-02-20,222.8800048828125,-0.016547,0.8186,0.2326,5.0258,-0.028,0.016547,0,0.1323
AMZN,2025-02-21,216.5800018310547,-0.028266,1.4522,0.2491,5.279,-0.1402,0.028266,0,0.0806
AMZN,2025-02-24,212.7100067138672,-0.017869,1.089,0.2538,5.2805,-0.1155,0.017869,0,0.1302
AMZN,2025-02-25,212.8000030517578,0.000423,1.4964,0.2531,5.559,-0.009,0.000423,0,0.0975
AMZN,2025-02-26,214.3500061035156,0.007284,0.996,0.2498,5.5448,0.0939,0.007284,0,0.1602
AMZN,2025-02-27,208.7400054931641,-0.026172,1.0137,0.2607,5.9773,0.0225,0.026172,0,0.1302
AMZN,2025-02-28,212.27999877929688,0.016959,1.2631,0.2727,5.9525,0.1552,0.016959,0,0.1502
AMZN,2025-03-03,205.02000427246097,-0.0342,1.0392,0.2831,6.3459,0.0486,0.0342,0,0.1076
AMZN,2025-03-04,203.8000030517578,-0.005951,1.4316,0.2822,6.5619,0.0794,0.005951,0,0.1343
AMZN,2025-03-05,208.36000061035156,0.022375,0.8989,0.2859,6.5732,0.2034,0.022375,0,0.1562
AMZN,2025-03-06,200.6999969482422,-0.036763,1.1461,0.2989,6.8223,0.0833,0.036763,0,0.0987
AMZN,2025-03-07,199.25,-0.007225,1.3763,0.2902,7.0307,0.0925,0.007225,0,0.1341
AMZN,2025-03-10,194.5399932861328,-0.023639,1.4604,0.2713,7.1285,0.057,0.023639,0,0.1105
AMZN,2025-03-11,196.58999633789065,0.010538,1.2379,0.2638,7.1036,0.1381,0.010538,0,0.1426
AMZN,2025-03-12,198.88999938964844,0.011699,0.9789,0.2724,7.0412,0.2114,0.011699,0,0.1664
AMZN,2025-03-13,193.88999938964844,-0.02514,0.9157,0.2778,7.0432,0.143,0.02514,0,0.1357
AMZN,2025-03-14,197.9499969482422,0.02094,0.839,0.2924,6.8802,0.2502,0.02094,0,0.157
AMZN,2025-03-17,195.7400054931641,-0.011164,1.0198,0.2927,6.723,0.2216,0.011164,0,0.1733
AMZN,2025-03-18,192.82000732421875,-0.014918,0.873,0.2938,6.6971,0.1752,0.014918,0,0.1662
AMZN,2025-03-19,195.5399932861328,0.014106,0.8421,0.303,6.5051,0.2566,0.014106,0,0.1788
AMZN,2025-03-20,194.9499969482422,-0.003017,0.8231,0.3012,6.5419,0.2527,0.003017,0,0.1681
AMZN,2025-03-21,196.2100067138672,0.006463,1.2638,0.2931,6.3939,0.3108,0.006463,0,0.1642
AMZN,2025-03-24,203.2599945068359,0.035931,0.8766,0.3219,6.4679,0.5718,0.035931,0,0.1112
AMZN,2025-03-25,205.7100067138672,0.012054,0.6762,0.3258,6.2195,0.6861,0.012054,0,0.1828
AMZN,2025-03-26,201.1300048828125,-0.022264,0.7177,0.332,6.2095,0.5385,0.022264,0,0.1446
AMZN,2025-03-27,201.36000061035156,0.001144,0.6054,0.3207,6.0881,0.5697,0.001144,0,0.1569
AMZN,2025-03-28,192.72000122070312,-0.042908,1.1636,0.3443,6.3304,0.1622,0.042908,0,0.075
AMZN,2025-03-31,190.2599945068359,-0.012765,1.3758,0.3278,6.4725,0.0823,0.012765,0,0.1369
AMZN,2025-04-01,192.1699981689453,0.010039,0.9128,0.3312,6.4909,0.2129,0.010039,0,0.1724
AMZN,2025-04-02,196.0099945068359,0.019982,1.1679,0.3288,6.7901,0.4391,0.019982,0,0.1559
AMZN,2025-04-03,178.41000366210938,-0.089791,1.9805,0.4374,7.6687,-0.2699,0.089791,1,-0.1207
AMZN,2025-04-04,171.0,-0.041534,2.3954,0.4557,8.0074,-0.2448,0.041534,1,-0.0581
AMZN,2025-04-07,175.25999450683594,0.024912,2.0335,0.465,9.009,-0.0083,0.024912,1,-0.0258
AMZN,2025-04-08,170.66000366210938,-0.026247,1.5818,0.4673,9.6033,-0.024,0.026247,1,-0.0099
AMZN,2025-04-09,191.1000061035156,0.11977,1.9762,0.6465,10.5402,0.4826,0.11977,1,-0.1793
AMZN,2025-04-10,181.22000122070312,-0.051701,1.1298,0.6662,10.8767,0.261,0.051701,1,-0.0935
AMZN,2025-04-11,184.8699951171875,0.020141,0.8283,0.6658,10.6612,0.3638,0.020141,1,-0.0071
AMZN,2025-04-14,182.1199951171875,-0.014875,0.7854,0.6665,10.4861,0.3155,0.014875,1,-0.0019
AMZN,2025-04-15,179.58999633789062,-0.013892,0.7122,0.6663,10.0528,0.2755,0.013892,0,0.013
AMZN,2025-04-16,174.3300018310547,-0.029289,0.8381,0.6696,9.919,0.1883,0.029289,1,-0.0237
AMZN,2025-04-17,172.61000061035156,-0.009866,0.7192,0.6698,9.5112,0.1859,0.009866,0,0.011
AMZN,2025-04-21,167.32000732421875,-0.030647,0.7814,0.6741,9.3547,0.1213,0.030647,1,-0.0268
AMZN,2025-04-22,173.17999267578125,0.035023,0.908,0.6733,9.3622,0.2653,0.035023,1,-0.0192
AMZN,2025-04-23,180.6000061035156,0.042846,0.9924,0.6935,9.7078,0.4473,0.042846,1,-0.0536
AMZN,2025-04-24,186.5399932861328,0.03289,0.6785,0.7035,9.483,0.6173,0.03289,1,-0.0263
AMZN,2025-04-25,188.9900054931641,0.013134,0.5606,0.7057,9.1235,0.7201,0.013134,0,0.0136
AMZN,2025-04-28,187.6999969482422,-0.006826,0.5192,0.6896,8.8525,0.6962,0.006826,0,0.0231
AMZN,2025-04-29,187.38999938964844,-0.001652,0.6625,0.6881,8.5302,0.6945,0.001652,0,0.0274
AMZN,2025-04-30,184.4199981689453,-0.015849,0.8677,0.6892,8.5309,0.6209,0.015849,0,0.043
AMZN,2025-05-01,190.1999969482422,0.031341,1.1493,0.695,8.4494,0.8387,0.031341,1,-0.0071
AMZN,2025-05-02,189.97999572753903,-0.001157,1.2222,0.6102,8.3087,0.7992,0.001157,0,0.0132
AMZN,2025-05-05,186.3500061035156,-0.019107,0.5935,0.5931,8.0331,0.6596,0.019107,0,0.0473
AMZN,2025-05-06,185.0099945068359,-0.007191,0.5297,0.5897,7.7507,0.5983,0.007191,0,0.0643
AMZN,2025-05-07,188.7100067138672,0.019999,0.8268,0.5817,7.6243,0.7085,0.019999,0,0.0733
AMZN,2025-05-08,192.0800018310547,0.017858,0.8314,0.4009,7.4811,0.8291,0.017858,0,0.1341
AMZN,2025-05-09,193.05999755859375,0.005102,0.6254,0.3502,7.1989,0.8274,0.005102,0,0.1462
AMZN,2025-05-12,208.63999938964844,0.0807,1.5454,0.4424,8.0132,1.1561,0.0807,1,-0.1064
AMZN,2025-05-13,211.3699951171875,0.013085,1.1451,0.4356,7.8837,1.0804,0.013085,0,0.0565
AMZN,2025-05-14,210.25,-0.005299,0.7885,0.431,7.5406,0.9704,0.005299,0,0.1001
AMZN,2025-05-15,205.1699981689453,-0.024162,1.3016,0.4254,7.5434,0.8269,0.024162,0,0.0756
AMZN,2025-05-16,205.58999633789065,0.002047,0.8775,0.4207,7.1817,0.8057,0.002047,0,0.1274
AMZN,2025-05-19,206.16000366210935,0.002773,0.7049,0.3947,7.0516,0.8013,0.002773,0,0.1413
AMZN,2025-05-20,204.07000732421875,-0.010138,0.6228,0.3905,6.7986,0.7352,0.010138,0,0.1578
AMZN,2025-05-21,201.1199951171875,-0.014456,0.9177,0.3764,6.5995,0.643,0.014456,0,0.1656
AMZN,2025-05-22,203.1000061035156,0.009845,0.846,0.3629,6.5281,0.6751,0.009845,0,0.1838
AMZN,2025-05-23,200.9900054931641,-0.010389,0.7279,0.3651,6.4368,0.6049,0.010389,0,0.1807
AMZN,2025-05-27,206.02000427246097,0.025026,0.7592,0.3708,6.3841,0.7165,0.025026,0,0.1427
AMZN,2025-05-28,204.72000122070312,-0.00631,0.6302,0.3722,6.1603,0.6623,0.00631,0,0.1707
AMZN,2025-05-29,205.6999969482422,0.004787,0.7825,0.3643,6.0474,0.6703,0.004787,0,0.177
AMZN,2025-05-30,205.0099945068359,-0.003354,1.1977,0.3525,5.9219,0.6321,0.003354,0,0.1528
AMZN,2025-06-02,206.6499938964844,0.008,0.7151,0.3523,5.8075,0.6625,0.008,0,0.1802
AMZN,2025-06-03,205.7100067138672,-0.004549,0.8161,0.343,5.6726,0.6139,0.004549,0,0.1836
AMZN,2025-06-04,207.22999572753903,0.007389,0.7362,0.3399,5.4817,0.6551,0.007389,0,0.188
AMZN,2025-06-05,207.91000366210935,0.003281,1.264,0.3359,5.4888,0.6753,0.003281,0,0.1667
AMZN,2025-06-06,213.57000732421875,0.027223,0.9722,0.3422,5.5224,0.967,0.027223,0,0.121
AMZN,2025-06-09,216.97999572753903,0.015967,0.9205,0.3442,5.483,1.1523,0.015967,0,0.1162
AMZN,2025-06-10,217.61000061035156,0.002904,0.7986,0.2018,5.3442,1.0655,0.002904,0,0.1152
AMZN,2025-06-11,213.1999969482422,-0.020266,1.0253,0.2124,5.356,0.8128,0.020266,0,0.1468
AMZN,2025-06-12,213.2400054931641,0.000188,0.731,0.2113,5.1342,0.7978,0.000188,0,0.159
AMZN,2025-06-13,212.1000061035156,-0.005346,0.8135,0.1914,5.0839,0.7176,0.005346,0,0.166
AMZN,2025-06-16,216.1000061035156,0.018859,0.936,0.2009,5.1107,0.872,0.018859,0,0.1603
AMZN,2025-06-17,214.82000732421875,-0.005923,0.9051,0.2031,4.9492,0.7807,0.005923,0,0.1785
AMZN,2025-06-18,212.52000427246097,-0.010707,1.2256,0.2036,4.9972,0.6556,0.010707,0,0.1635
AMZN,2025-06-20,209.69000244140625,-0.013316,1.9914,0.2024,5.1131,0.5023,0.013316,0,0.0993
AMZN,2025-06-23,208.47000122070312,-0.005818,0.9882,0.2021,4.9679,0.4236,0.005818,0,0.1762
AMZN,2025-06-24,212.77000427246097,0.020626,1.0098,0.2081,5.0323,0.6331,0.020626,0,0.1717
AMZN,2025-06-25,211.9900054931641,-0.003666,0.839,0.192,5.0243,0.5719,0.003666,0,0.1665
AMZN,2025-06-26,217.1199951171875,0.024199,1.2962,0.2056,5.0975,0.8468,0.024199,0,0.133
AMZN,2025-06-27,223.3000030517578,0.028464,2.7613,0.2246,5.202,1.0893,0.028464,0,0.0036
AMZN,2025-06-30,219.38999938964844,-0.01751,1.3527,0.2362,5.1661,0.8469,0.01751,0,0.144
AMZN,2025-07-01,220.4600067138672,0.004877,0.8914,0.2357,5.0793,0.8652,0.004877,0,0.1866
AMZN,2025-07-02,219.9199981689453,-0.002449,0.7033,0.2349,4.8979,0.8115,0.002449,0,0.1722
AMZN,2025-07-03,223.41000366210935,0.015869,0.6748,0.2386,4.8402,0.9535,0.015869,0,0.152
AMZN,2025-07-07,223.47000122070312,0.000269,0.8483,0.239,4.6316,0.9125,0.000269,0,0.1501
AMZN,2025-07-08,219.36000061035156,-0.018392,1.0517,0.2343,4.6986,0.6686,0.018392,0,0.1617
AMZN,2025-07-09,222.5399932861328,0.014497,0.8782,0.2331,4.7152,0.8138,0.014497,0,0.182
AMZN,2025-07-10,222.2599945068359,-0.001258,0.6998,0.2332,4.5991,0.7772,0.001258,0,0.1578
AMZN,2025-07-11,225.02000427246097,0.012418,1.1492,0.222,4.5863,0.8689,0.012418,0,0.1639
AMZN,2025-07-14,225.69000244140625,0.002978,0.8048,0.2218,4.4316,0.8562,0.002978,0,0.1567
AMZN,2025-07-15,226.3500061035156,0.002924,0.7819,0.2196,4.2443,0.8462,0.002924,0,0.1546
AMZN,2025-07-16,223.19000244140625,-0.013961,0.8795,0.2198,4.239,0.6848,0.013961,0,0.155
AMZN,2025-07-17,223.8800048828125,0.003092,0.7088,0.218,4.0784,0.6954,0.003092,0,0.1593
AMZN,2025-07-18,226.1300048828125,0.01005,0.848,0.2141,4.0313,0.7695,0.01005,0,0.1603
AMZN,2025-07-21,229.3000030517578,0.014018,0.9401,0.2081,4.0319,0.8859,0.014018,0,0.1476
AMZN,2025-07-22,227.47000122070312,-0.007981,0.8743,0.2096,4.0047,0.7964,0.007981,0,0.1527
AMZN,2025-07-23,228.2899932861328,0.003605,0.6678,0.2007,3.84,0.8267,0.003605,0,0.1416
AMZN,2025-07-24,232.22999572753903,0.017259,0.9994,0.2044,4.1165,1.0536,0.017259,0,0.1034
AMZN,2025-07-25,231.44000244140625,-0.003402,0.6863,0.1925,3.9153,0.9534,0.003402,0,0.113
AMZN,2025-07-28,232.7899932861328,0.005833,0.7071,0.1685,3.8392,0.9625,0.005833,0,0.1021
AMZN,2025-07-29,231.0099945068359,-0.007646,0.9383,0.1565,3.88,0.8225,0.007646,0,0.1035
AMZN,2025-07-30,230.19000244140625,-0.00355,0.9263,0.1577,3.7821,0.7478,0.00355,0,0.1022
AMZN,2025-07-31,234.11000061035156,0.017029,2.6559,0.1651,3.9648,0.9378,0.017029,0,0.0
AMZN,2025-08-01,214.75,-0.082696,2.7834,0.3413,5.2038,-0.1,0.082696,1,-0.1007
AMZN,2025-08-04,211.6499938964844,-0.014435,1.6937,0.3441,5.2621,-0.105,0.014435,0,0.0731
AMZN,2025-08-05,213.75,0.009922,1.1129,0.3414,5.2183,0.0316,0.009922,0,0.1339
AMZN,2025-08-06,222.30999755859375,0.040047,1.1637,0.3679,5.482,0.3705,0.040047,0,0.0686
AMZN,2025-08-07,223.1300048828125,0.003689,0.8526,0.3681,5.4762,0.4008,0.003689,0,0.1756
AMZN,2025-08-08,222.69000244140625,-0.001972,0.7053,0.3654,5.2222,0.3886,0.001972,0,0.1663
AMZN,2025-08-11,221.3000030517578,-0.006242,0.6799,0.3658,5.0384,0.3441,0.006242,0,0.1679
AMZN,2025-08-12,221.47000122070312,0.000768,0.797,0.3656,4.9964,0.3614,0.000768,0,0.1515
AMZN,2025-08-13,224.55999755859375,0.013952,0.785,0.3657,4.8859,0.4782,0.013952,0,0.1703
AMZN,2025-08-14,230.97999572753903,0.028589,1.2824,0.379,5.1477,0.7093,0.028589,0,0.114
AMZN,2025-08-15,231.02999877929688,0.000216,0.8246,0.3778,5.085,0.6984,0.000216,0,0.1495
AMZN,2025-08-18,231.4900054931641,0.001991,0.5335,0.3748,4.9775,0.709,0.001991,0,0.1478
AMZN,2025-08-19,228.0099945068359,-0.015033,0.6367,0.3778,4.9341,0.5794,0.015033,0,0.1516
AMZN,2025-08-20,223.80999755859375,-0.01842,0.7728,0.3834,5.0881,0.4326,0.01842,0,0.1452
AMZN,2025-08-21,221.9499969482422,-0.008311,0.6864,0.3782,4.9611,0.3804,0.008311,0,0.1683
AMZN,2025-08-22,228.83999633789065,0.031043,0.7896,0.3958,5.201,0.6476,0.031043,0,0.109
AMZN,2025-08-25,227.94000244140625,-0.003933,0.4808,0.3954,4.9931,0.6266,0.003933,0,0.1472
AMZN,2025-08-26,228.7100067138672,0.003378,0.5591,0.3948,4.8493,0.6643,0.003378,0,0.1536
AMZN,2025-08-27,229.1199951171875,0.001793,0.461,0.3946,4.65,0.6844,0.001793,0,0.1215
AMZN,2025-08-28,231.6000061035156,0.010824,0.7911,0.3917,4.6529,0.799,0.010824,0,0.1516
AMZN,2025-08-29,229.0,-0.011226,0.6937,0.2479,4.5813,0.6713,0.011226,0,0.1695
AMZN,2025-09-02,225.33999633789065,-0.015983,1.0845,0.2494,4.7662,0.4722,0.015983,0,0.1768
AMZN,2025-09-03,225.9900054931641,0.002885,0.8421,0.2482,4.6264,0.4673,0.002885,0,0.1809
AMZN,2025-09-04,235.67999267578125,0.042878,1.7002,0.2539,4.9946,1.0315,0.042878,0,0.0089
AMZN,2025-09-05,232.3300018310547,-0.014214,1.0571,0.2612,4.9285,0.7914,0.014214,0,0.1809
AMZN,2025-09-08,235.83999633789065,0.015108,0.9759,0.2646,4.9529,0.9426,0.015108,0,0.1777
AMZN,2025-09-09,238.2400054931641,0.010176,0.7823,0.2634,4.8684,1.0069,0.010176,0,0.1583
AMZN,2025-09-10,230.3300018310547,-0.033202,1.7041,0.2944,5.1735,0.5477,0.033202,0,0.0953
AMZN,2025-09-11,229.9499969482422,-0.00165,1.0473,0.2913,4.9604,0.5089,0.00165,0,0.1837
AMZN,2025-09-12,228.1499938964844,-0.007828,1.1114,0.2743,4.9275,0.4046,0.007828,0,0.1864
AMZN,2025-09-15,231.42999267578125,0.014377,0.9687,0.2793,4.9741,0.6093,0.014377,0,0.1974
AMZN,2025-09-16,234.0500030517578,0.011321,1.0926,0.2821,4.9381,0.759,0.011321,0,0.1903
AMZN,2025-09-17,231.6199951171875,-0.010382,1.2023,0.2791,4.9847,0.5994,0.010382,0,0.1877
AMZN,2025-09-18,231.22999572753903,-0.001684,1.0631,0.2699,4.9636,0.5565,0.001684,0,0.1872
AMZN,2025-09-19,231.47999572753903,0.001081,2.5134,0.2673,4.9277,0.5487,0.001081,0,0.0575
AMZN,2025-09-22,227.6300048828125,-0.016632,1.1654,0.2523,4.8593,0.2626,0.016632,0,0.1632
AMZN,2025-09-23,220.7100067138672,-0.0304,1.6969,0.2741,5.0686,-0.1108,0.0304,0,0.0669
AMZN,2025-09-24,220.2100067138672,-0.002265,1.1518,0.2735,5.0716,-0.0346,0.002265,0,0.1435
AMZN,2025-09-25,218.1499938964844,-0.009355,1.1727,0.2745,5.0093,-0.0341,0.009355,0,0.15
AMZN,2025-09-26,219.77999877929688,0.007472,0.927,0.2726,4.8679,0.1006,0.007472,0,0.1601
AMZN,2025-09-29,222.1699981689453,0.010875,0.9656,0.2744,4.7559,0.23,0.010875,0,0.1743
AMZN,2025-09-30,219.57000732421875,-0.011703,1.045,0.2718,4.7269,0.1494,0.011703,0,0.17
AMZN,2025-10-01,220.6300048828125,0.004828,0.9338,0.2723,4.785,0.2132,0.004828,0,0.1777
AMZN,2025-10-02,222.41000366210935,0.008068,0.8942,0.221,4.7189,0.304,0.008068,0,0.1704
AMZN,2025-10-03,219.5099945068359,-0.013039,0.9387,0.2202,4.729,0.2184,0.013039,0,0.1586
AMZN,2025-10-06,220.8999938964844,0.006332,0.9301,0.2129,4.7984,0.2941,0.006332,0,0.1691
AMZN,2025-10-07,221.77999877929688,0.003984,0.6611,0.2088,4.6499,0.347,0.003984,0,0.1634
AMZN,2025-10-08,225.22000122070312,0.015511,1.0046,0.1874,4.7135,0.5186,0.015511,0,0.1533
AMZN,2025-10-09,227.7400054931641,0.011189,0.9892,0.1923,4.8382,0.6463,0.011189,0,0.1698
AMZN,2025-10-10,216.3699951171875,-0.049925,1.4887,0.26,5.3677,0.142,0.049925,0,0.0262
AMZN,2025-10-13,220.07000732421875,0.0171,0.7742,0.2625,5.2921,0.3323,0.0171,0,0.182
AMZN,2025-10-14,216.38999938964844,-0.016722,0.9279,0.262,5.4477,0.1734,0.016722,0,0.1769
AMZN,2025-10-15,215.57000732421875,-0.003789,0.93,0.2608,5.4193,0.1556,0.003789,0,0.1857
AMZN,2025-10-16,214.47000122070312,-0.005103,0.8553,0.2608,5.445,0.1182,0.005103,0,0.1822
AMZN,2025-10-17,213.0399932861328,-0.006668,0.9786,0.2604,5.3254,0.0467,0.006668,0,0.17
AMZN,2025-10-20,216.47999572753903,0.016147,0.8336,0.2653,5.2057,0.2834,0.016147,0,0.1813
AMZN,2025-10-21,222.02999877929688,0.025637,1.1069,0.2613,5.3225,0.6676,0.025637,0,0.1709
AMZN,2025-10-22,217.9499969482422,-0.018376,0.9768,0.2696,5.3358,0.3917,0.018376,0,0.177
AMZN,2025-10-23,221.08999633789065,0.014407,0.7116,0.2723,5.194,0.5993,0.014407,0,0.19
AMZN,2025-10-24,224.2100067138672,0.014112,0.8757,0.2755,5.1309,0.7889,0.014112,0,0.1948
AMZN,2025-10-27,226.97000122070312,0.01231,0.8721,0.2762,5.0637,0.9236,0.01231,0,0.1855
AMZN,2025-10-28,229.25,0.010045,1.075,0.2735,5.0791,0.9778,0.010045,0,0.1721
AMZN,2025-10-29,230.3000030517578,0.00458,1.1768,0.2734,5.0777,0.9591,0.00458,0,0.1695
AMZN,2025-10-30,222.86000061035156,-0.032306,2.1633,0.2985,5.2543,0.5871,0.032306,0,0.0746
AMZN,2025-10-31,244.22000122070312,0.095845,3.1149,0.4473,6.8533,1.2612,0.095845,1,-0.1501
AMZN,2025-11-03,254.0,0.040046,1.7137,0.4636,7.3909,1.245,0.040046,1,-0.0315
AMZN,2025-11-04,249.32000732421875,-0.018425,0.9038,0.4725,7.4594,1.0193,0.018425,0,0.062
AMZN,2025-11-05,250.1999969482422,0.00353,0.7158,0.4713,7.2723,0.9607,0.00353,0,0.0991
AMZN,2025-11-06,243.0399932861328,-0.028617,0.8112,0.4861,7.3393,0.7939,0.028617,0,0.0704
AMZN,2025-11-07,244.41000366210935,0.005637,0.8369,0.4429,7.2729,0.7879,0.005637,0,0.1394
AMZN,2025-11-10,248.3999938964844,0.016325,0.6591,0.4427,7.2777,0.8232,0.016325,0,0.1277
AMZN,2025-11-11,249.1000061035156,0.002818,0.4344,0.4345,6.9379,0.8021,0.002818,0,0.1061
AMZN,2025-11-12,244.1999969482422,-0.019671,0.583,0.4435,6.9152,0.6951,0.019671,0,0.1159
AMZN,2025-11-13,237.5800018310547,-0.027109,0.7745,0.4578,6.9712,0.5592,0.027109,0,0.0963
AMZN,2025-11-14,234.69000244140625,-0.012164,0.7336,0.4602,6.8904,0.4832,0.012164,0,0.1475
AMZN,2025-11-17,232.8699951171875,-0.007755,1.1065,0.4605,6.7911,0.4246,0.007755,0,0.1407
AMZN,2025-11-18,222.5500030517578,-0.044317,1.1088,0.4834,7.0525,0.1987,0.044317,0,0.0343
AMZN,2025-11-19,222.69000244140625,0.000629,1.0537,0.4782,6.9216,0.1868,0.000629,0,0.0944
AMZN,2025-11-20,217.13999938964844,-0.024923,0.8936,0.4844,7.1893,0.0785,0.024923,0,0.084
AMZN,2025-11-21,220.69000244140625,0.016349,1.1852,0.4854,7.1779,0.1665,0.016349,0,0.0988
AMZN,2025-11-24,226.27999877929688,0.02533,0.9271,0.4921,7.1395,0.2878,0.02533,0,0.1039
AMZN,2025-11-25,229.6699981689453,0.014981,0.6766,0.4937,7.1096,0.3598,0.014981,0,0.1351
AMZN,2025-11-26,229.16000366210935,-0.002221,0.6692,0.4935,6.8146,0.3505,0.002221,0,0.1299
AMZN,2025-11-28,233.22000122070312,0.017717,0.3798,0.4816,6.6228,0.4236,0.017717,0,0.1057
AMZN,2025-12-01,233.8800048828125,0.00283,0.9079,0.3334,6.4033,0.4491,0.00283,0,0.1728
AMZN,2025-12-02,234.4199981689453,0.002309,1.0232,0.295,6.3331,0.4818,0.002309,0,0.1743
AMZN,2025-12-03,232.3800048828125,-0.008702,0.8077,0.2907,6.1529,0.4504,0.008702,0,0.1881
AMZN,2025-12-04,229.11000061035156,-0.014072,1.0336,0.2918,6.192,0.386,0.014072,0,0.1838
AMZN,2025-12-05,229.52999877929688,0.001833,0.7604,0.2778,5.9418,0.4134,0.001833,0,0.1776
AMZN,2025-12-08,226.88999938964844,-0.011502,0.8146,0.2776,5.8431,0.3577,0.011502,0,0.1922
AMZN,2025-12-09,227.9199981689453,0.00454,0.6087,0.2694,5.6729,0.4081,0.00454,0,0.1805
AMZN,2025-12-10,231.77999877929688,0.016936,0.8976,0.2788,5.5891,0.5784,0.016936,0,0.1933
AMZN,2025-12-11,230.27999877929688,-0.006472,0.6559,0.2725,5.4342,0.5548,0.006472,0,0.1904
AMZN,2025-12-12,226.19000244140625,-0.017761,0.833,0.2633,5.4146,0.3776,0.017761,0,0.1759
AMZN,2025-12-15,222.5399932861328,-0.016137,1.0946,0.2656,5.4871,0.2183,0.016137,0,0.1761
AMZN,2025-12-16,222.55999755859375,9e-05,0.932,0.265,5.2759,0.2461,9e-05,0,0.1729
AMZN,2025-12-17,221.27000427246097,-0.005796,1.0652,0.214,5.1991,0.1873,0.005796,0,0.1638
AMZN,2025-12-18,226.7599945068359,0.024811,1.2281,0.2318,5.3963,0.4568,0.024811,0,0.1485
AMZN,2025-12-19,227.3500061035156,0.002602,2.0035,0.2105,5.2644,0.4545,0.002602,0,0.0951
AMZN,2025-12-22,228.42999267578125,0.00475,0.7891,0.2043,5.0862,0.4965,0.00475,0,0.1789
AMZN,2025-12-23,232.13999938964844,0.016241,0.7376,0.1926,5.0101,0.7249,0.016241,0,0.1608
AMZN,2025-12-24,232.3800048828125,0.001034,0.2987,0.1858,4.7679,0.7269,0.001034,0,0.1095
AMZN,2025-12-26,232.52000427246097,0.000602,0.431,0.1854,4.5566,0.7202,0.000602,0,0.109
AMZN,2025-12-29,232.07000732421875,-0.001935,0.5339,0.1745,4.3619,0.698,0.001935,0,0.1183
AMZN,2025-12-30,232.52999877929688,0.001982,0.6081,0.1743,4.2339,0.737,0.001982,0,0.1219
AMZN,2025-12-31,230.82000732421875,-0.007354,0.6974,0.1758,4.1365,0.643,0.007354,0,0.1336
AMZN,2026-01-02,226.5,-0.018716,1.4389,0.1852,4.6096,0.359,0.018716,0,0.0925
AMZN,2026-01-05,233.05999755859375,0.028962,1.3829,0.2072,4.816,0.7999,0.028962,0,0.095
AMZN,2026-01-06,240.92999267578125,0.033768,1.4532,0.2378,5.2656,1.1393,0.033768,0,0.0587
AMZN,2026-01-07,241.55999755859375,0.002615,1.1306,0.232,5.3016,1.0472,0.002615,0,0.1337
AMZN,2026-01-08,246.2899932861328,0.019581,1.0386,0.2391,5.2694,1.1018,0.019581,0,0.1374
AMZN,2026-01-09,247.3800048828125,0.004426,0.9136,0.2342,5.2944,1.0317,0.004426,0,0.1513
AMZN,2026-01-12,246.47000122070312,-0.003679,0.9387,0.2329,5.1291,0.9328,0.003679,0,0.1748
AMZN,2026-01-13,242.6000061035156,-0.015702,1.0007,0.2305,5.292,0.7821,0.015702,0,0.1761
AMZN,2026-01-14,236.6499938964844,-0.024526,1.0882,0.2417,5.3697,0.5839,0.024526,0,0.1571
AMZN,2026-01-15,238.17999267578125,0.006465,1.1246,0.2416,5.2733,0.614,0.006465,0,0.1903
AMZN,2026-01-16,239.1199951171875,0.003947,1.1972,0.2391,5.1224,0.627,0.003947,0,0.1845
AMZN,2026-01-20,231.0,-0.033958,1.2495,0.2612,5.4551,0.3123,0.033958,0,0.1231
AMZN,2026-01-21,231.30999755859375,0.001342,1.3027,0.2612,5.4526,0.3103,0.001342,0,0.1602
AMZN,2026-01-22,234.33999633789065,0.013099,0.8798,0.2644,5.4074,0.4154,0.013099,0,0.1956
AMZN,2026-01-23,239.16000366210935,0.020568,0.9254,0.2681,5.4576,0.6006,0.020568,0,0.1894
AMZN,2026-01-26,238.4199981689453,-0.003094,0.8737,0.2686,5.3113,0.558,0.003094,0,0.1925
AMZN,2026-01-27,244.67999267578125,0.026256,0.9834,0.2826,5.4176,0.7898,0.026256,0,0.163
AMZN,2026-01-28,243.0099945068359,-0.006825,1.0291,0.2842,5.4771,0.6996,0.006825,0,0.1995
AMZN,2026-01-29,241.72999572753903,-0.005267,1.1521,0.2855,5.5337,0.6296,0.005267,0,0.1898
AMZN,2026-01-30,239.3000030517578,-0.010053,1.1065,0.2869,5.5442,0.5096,0.010053,0,0.1949
AMZN,2026-02-02,242.9600067138672,0.015295,0.9067,0.2797,5.681,0.6578,0.015295,0,0.1959
AMZN,2026-02-03,238.6199951171875,-0.017863,1.2936,0.2728,6.0538,0.4144,0.017863,0,0.1554
AMZN,2026-02-04,232.9900054931641,-0.023594,1.2365,0.2579,6.1243,0.149,0.023594,0,0.1416
AMZN,2026-02-05,222.69000244140625,-0.044208,2.3233,0.2983,6.5875,-0.1575,0.044208,1,-0.007
AMZN,2026-02-06,210.32000732421875,-0.055548,3.4773,0.3366,7.7156,-0.2755,0.055548,1,-0.1094
AMZN,2026-02-09,208.72000122070312,-0.007607,1.677,0.3336,7.8402,-0.1381,0.007607,0,0.0327
AMZN,2026-02-10,206.9600067138672,-0.008432,1.201,0.3331,7.7259,-0.0576,0.008432,0,0.0916
AMZN,2026-02-11,204.0800018310547,-0.013916,1.144,0.3327,7.6083,-0.0149,0.013916,0,0.1072
AMZN,2026-02-12,199.6000061035156,-0.021952,1.4132,0.3312,7.5306,-0.0005,0.021952,0,0.0954
AMZN,2026-02-13,198.7899932861328,-0.004058,1.0947,0.327,7.2698,0.0583,0.004058,0,0.1346
AMZN,2026-02-17,201.1499938964844,0.011872,1.131,0.3323,7.1605,0.1409,0.011872,0,0.1396
AMZN,2026-02-18,204.7899932861328,0.018096,0.8233,0.3306,7.0569,0.223,0.018096,0,0.1511
AMZN,2026-02-19,204.86000061035156,0.000342,0.5812,0.3303,6.755,0.249,0.000342,0,0.1336
AMZN,2026-02-20,210.11000061035156,0.025627,1.0446,0.3426,6.8025,0.3392,0.025627,0,0.1418
AMZN,2026-02-23,205.27000427246097,-0.023036,0.8365,0.3339,6.8166,0.2937,0.023036,0,0.1391
AMZN,2026-02-24,208.55999755859375,0.016028,0.638,0.3439,6.8376,0.3578,0.016028,0,0.1582
AMZN,2026-02-25,210.63999938964844,0.009973,0.6396,0.3279,6.5656,0.4064,0.009973,0,0.1735
AMZN,2026-02-26,207.9199981689453,-0.012913,0.7349,0.3285,6.5038,0.3836,0.012913,0,0.1804
AMZN,2026-02-27,210.0,0.010004,0.8768,0.3343,6.4056,0.4385,0.010004,0,0.1846
AMZN,2026-03-02,208.38999938964844,-0.007667,0.7027,0.3341,6.4152,0.4304,0.007667,0,0.1811
AMZN,2026-03-03,208.72999572753903,0.001632,0.6568,0.3256,6.4356,0.4648,0.001632,0,0.1626
AMZN,2026-03-04,216.82000732421875,0.038758,0.8319,0.3614,6.6052,0.7476,0.038758,0,0.0799
AMZN,2026-03-05,218.94000244140625,0.009778,0.9196,0.3575,6.482,0.9421,0.009778,0,0.1634
AMZN,2026-03-06,213.2100067138672,-0.026172,0.8036,0.3348,6.4768,0.7609,0.026172,0,0.125
AMZN,2026-03-09,213.4900054931641,0.001313,0.9515,0.2684,6.4935,0.7604,0.001313,0,0.1712
AMZN,2026-03-10,214.3300018310547,0.003935,0.6528,0.2667,6.2597,0.7773,0.003935,0,0.1746
AMZN,2026-03-11,212.6499938964844,-0.007838,0.6452,0.2664,6.2161,0.684,0.007838,0,0.1781
AMZN,2026-03-12,209.52999877929688,-0.014672,0.8538,0.267,6.0935,0.5298,0.014672,0,0.1843
AMZN,2026-03-13,207.6699981689453,-0.008877,0.72,0.2555,5.9683,0.4177,0.008877,0,0.1845
AMZN,2026-03-16,211.7400054931641,0.019598,0.8735,0.2617,5.9184,0.6051,0.019598,0,0.1874
AMZN,2026-03-17,215.1999969482422,0.016341,0.9553,0.2641,5.7785,0.7921,0.016341,0,0.1845
AMZN,2026-03-18,209.8699951171875,-0.024768,0.8153,0.2763,5.8208,0.4298,0.024768,0,0.1486
AMZN,2026-03-19,208.7599945068359,-0.005289,0.7844,0.2773,5.6778,0.3293,0.005289,0,0.1904
AMZN,2026-03-20,205.3699951171875,-0.016239,1.3743,0.2678,5.5894,0.1236,0.016239,0,0.1473
AMZN,2026-03-23,210.13999938964844,0.023226,0.965,0.2677,5.7209,0.4297,0.023226,0,0.1755
AMZN,2026-03-24,207.2400054931641,-0.0138,0.7754,0.2668,5.5623,0.2267,0.0138,0,0.178
AMZN,2026-03-25,211.7100067138672,0.021569,0.8025,0.2757,5.5814,0.545,0.021569,0,0.178
AMZN,2026-03-26,207.5399932861328,-0.019697,1.032,0.2811,5.5949,0.2474,0.019697,0,0.1633
AMZN,2026-03-27,199.33999633789065,-0.03951,1.2385,0.3112,5.7952,-0.141,0.03951,0,0.0531
AMZN,2026-03-30,200.9499969482422,0.008077,1.025,0.3127,5.6999,0.025,0.008077,0,0.1424
AMZN,2026-03-31,208.27000427246097,0.036427,1.2709,0.3406,5.9592,0.4038,0.036427,0,0.0999
AMZN,2026-04-01,210.57000732421875,0.011043,1.0085,0.3119,5.9185,0.5404,0.011043,0,0.1838
AMZN,2026-04-02,209.77000427246097,-0.003799,0.7133,0.3092,6.0179,0.5247,0.003799,0,0.1842
AMZN,2026-04-06,212.7899932861328,0.014397,0.593,0.3005,5.828,0.7126,0.014397,0,0.1695
AMZN,2026-04-07,213.77000427246097,0.004606,0.6787,0.3009,5.761,0.7712,0.004606,0,0.1827
AMZN,2026-04-08,221.25,0.034991,1.2093,0.3252,6.2303,1.108,0.034991,0,0.0721
AMZN,2026-04-09,233.6499938964844,0.056045,1.5047,0.3753,6.6817,1.3007,0.056045,1,-0.0397
AMZN,2026-04-10,238.3800048828125,0.020244,1.2799,0.3715,6.6887,1.1939,0.020244,0,0.0722
AMZN,2026-04-13,239.88999938964844,0.006334,0.9414,0.3669,6.5145,1.0819,0.006334,0,0.1227
AMZN,2026-04-14,249.02000427246097,0.038059,1.5693,0.3806,6.927,1.1098,0.038059,0,0.0183
AMZN,2026-04-15,248.5,-0.002088,0.9313,0.3811,6.6637,1.0022,0.002088,0,0.1154
AMZN,2026-04-16,249.6999969482422,0.004829,0.9025,0.3619,6.602,0.9469,0.004829,0,0.1512
AMZN,2026-04-17,250.55999755859375,0.003444,1.1023,0.3586,6.5933,0.9013,0.003444,0,0.1465
AMZN,2026-04-20,248.27999877929688,-0.0091,0.8581,0.3527,6.493,0.8307,0.0091,0,0.1695
AMZN,2026-04-21,249.91000366210935,0.006565,0.9347,0.3492,6.5157,0.8157,0.006565,0,0.1741
AMZN,2026-04-22,255.36000061035156,0.021808,0.7847,0.3413,6.481,0.8447,0.021808,0,0.1438
AMZN,2026-04-23,255.0800018310547,-0.001096,0.8481,0.3412,6.4266,0.8063,0.001096,0,0.1541
AMZN,2026-04-24,263.989990234375,0.03493,1.1579,0.334,6.6404,0.8699,0.03493,0,0.099
AMZN,2026-04-27,261.1199951171875,-0.010872,0.9786,0.2873,6.4383,0.8088,0.010872,0,0.1838
AMZN,2026-04-28,259.70001220703125,-0.005438,0.9239,0.2948,6.2991,0.7701,0.005438,0,0.1862
AMZN,2026-04-29,263.0400085449219,0.012861,1.5604,0.2816,6.4356,0.7888,0.012861,0,0.1361
AMZN,2026-04-30,265.05999755859375,0.007679,2.0553,0.282,7.2416,0.7925,0.007679,0,0.0806
AMZN,2026-05-01,268.260009765625,0.012073,1.0145,0.2759,7.4801,0.819,0.012073,0,0.1542
AMZN,2026-05-04,272.04998779296875,0.014128,0.9571,0.2759,7.5058,0.8596,0.014128,0,0.1498
AMZN,2026-05-05,273.54998779296875,0.005514,0.8064,0.2756,7.4347,0.8806,0.005514,0,0.1512
AMZN,2026-05-06,274.989990234375,0.005264,0.8627,0.2634,7.3029,0.9016,0.005264,0,0.1555
AMZN,2026-05-07,271.1700134277344,-0.013891,0.7159,0.2181,7.2198,0.8011,0.013891,0,0.1446
AMZN,2026-05-08,272.67999267578125,0.005568,0.7084,0.2129,6.9934,0.8116,0.005568,0,0.1551
AMZN,2026-05-11,268.989990234375,-0.013532,0.7818,0.2249,6.8617,0.7068,0.013532,0,0.1599
AMZN,2026-05-12,265.82000732421875,-0.011785,0.7819,0.1982,6.8259,0.6066,0.011785,0,0.1521
AMZN,2026-05-13,270.1300048828125,0.016214,0.8465,0.2021,6.8755,0.7027,0.016214,0,0.1596
AMZN,2026-05-14,267.2200012207031,-0.010773,0.6763,0.209,6.6808,0.6017,0.010773,0,0.1618
AMZN,2026-05-15,264.1400146484375,-0.011526,0.8907,0.2157,6.6557,0.4874,0.011526,0,0.1705
AMZN,2026-05-18,264.8599853515625,0.002726,0.7407,0.2111,6.6318,0.4814,0.002726,0,0.1577
AMZN,2026-05-19,259.3399963378906,-0.020841,0.8894,0.2273,6.8488,0.2198,0.020841,0,0.1378
AMZN,2026-05-20,265.010009765625,0.021863,0.7711,0.2274,6.8053,0.4381,0.021863,0,0.144
AMZN,2026-05-21,268.4599914550781,0.013018,0.81,0.2304,6.8992,0.5815,0.013018,0,0.175
AMZN,2026-05-22,266.32000732421875,-0.007971,0.6278,0.1988,6.66,0.4569,0.007971,0,0.1471
AMZN,2026-05-26,265.2900085449219,-0.003868,0.8738,0.195,6.7007,0.3828,0.003868,0,0.1503
AMZN,2026-05-27,271.8500061035156,0.024728,0.9228,0.2109,6.7306,0.7454,0.024728,0,0.1362
AMZN,2026-05-28,274.0,0.007909,0.9714,0.2083,6.7542,0.8411,0.007909,0,0.1597
AMZN,2026-05-29,270.6400146484375,-0.012263,1.3856,0.2132,6.6367,0.6187,0.012263,0,0.1429
AMZN,2026-06-01,261.260009765625,-0.034659,1.3518,0.2438,6.8727,0.0895,0.034659,0,0.0938
AMZN,2026-06-02,256.5199890136719,-0.018143,1.0642,0.2437,6.8739,-0.0554,0.018143,0,0.1171
AMZN,2026-06-03,250.02000427246097,-0.025339,1.2925,0.2541,7.0529,-0.1666,0.025339,0,0.0856
AMZN,2026-06-04,253.7899932861328,0.015079,0.9057,0.2613,6.9641,0.0492,0.015079,0,0.142
AMZN,2026-06-05,246.02999877929688,-0.030576,1.3798,0.2761,7.2238,-0.0961,0.030576,0,0.0881
AMZN,2026-06-08,245.22000122070312,-0.003292,0.842,0.2735,7.1407,-0.0218,0.003292,0,0.1292
AMZN,2026-06-09,244.19000244140625,-0.0042,1.0949,0.2717,7.3471,0.0303,0.0042,0,0.1346
AMZN,2026-06-10,238.0,-0.025349,0.949,0.2806,7.3037,-0.0247,0.025349,0,0.1146
AMZN,2026-06-11,241.5099945068359,0.014748,1.0144,0.2791,7.2792,0.111,0.014748,0,0.1452
AMZN,2026-06-12,238.5500030517578,-0.012256,1.2263,0.2795,7.4571,0.1008,0.012256,0,0.1324
AMZN,2026-06-15,246.02000427246097,0.031314,0.9982,0.3073,7.5859,0.2822,0.031314,0,0.091
AMZN,2026-06-16,246.0,-8.1e-05,0.8406,0.3067,7.334,0.3023,8.1e-05,0,0.1384
AMZN,2026-06-17,237.5,-0.034553,1.0641,0.3205,7.5244,0.1636,0.034553,0,0.0889
AMZN,2026-06-18,244.38999938964844,0.029011,1.7141,0.3291,7.6806,0.321,0.029011,0,0.0481
META,2024-07-19,473.61077880859375,0.001975,1.0513,0.4073,16.0921,0.1428,0.001975,0,0.1499
META,2024-07-22,484.14996337890625,0.022253,0.8654,0.4138,16.01,0.282,0.022253,0,0.1385
META,2024-07-23,485.4313659667969,0.002647,0.6907,0.4127,15.2904,0.3068,0.002647,0,0.1505
META,2024-07-24,458.1942138671875,-0.056109,1.2635,0.4462,16.3761,0.0509,0.056109,0,0.026
META,2024-07-25,450.3866271972656,-0.01704,1.2634,0.4467,16.7475,0.0434,0.01704,0,0.1293
META,2024-07-26,462.5946960449219,0.027106,0.9713,0.4575,16.706,0.1997,0.027106,0,0.1187
META,2024-07-29,462.6045837402344,2.1e-05,0.7866,0.4485,16.0596,0.2273,2.1e-05,0,0.1361
META,2024-07-30,460.1014099121094,-0.005411,0.7872,0.4482,16.0485,0.231,0.005411,0,0.1586
META,2024-07-31,471.6637573242187,0.02513,1.5876,0.4577,15.8199,0.3534,0.02513,0,0.0883
META,2024-08-01,494.4210205078125,0.048249,2.512,0.4927,18.7172,0.57,0.048249,1,-0.0097
META,2024-08-02,484.8850708007813,-0.019287,1.391,0.4432,19.2029,0.5054,0.019287,0,0.1392
META,2024-08-05,472.5578002929687,-0.025423,1.2151,0.4462,20.6121,0.3968,0.025423,0,0.1326
META,2024-08-06,490.7953796386719,0.038593,1.1502,0.472,21.0844,0.6384,0.038593,0,0.1023
META,2024-08-07,485.6598510742187,-0.010464,1.0766,0.4705,21.2437,0.6283,0.010464,0,0.1528
META,2024-08-08,506.2317504882813,0.042359,0.8658,0.4766,21.2171,0.9692,0.042359,0,0.0628
META,2024-08-09,514.3175048828125,0.015972,0.7461,0.4685,20.5523,1.0288,0.015972,0,0.1168
META,2024-08-12,512.5096435546875,-0.003515,0.5361,0.4681,19.6597,0.9507,0.003515,0,0.132
META,2024-08-13,525.015625,0.024401,0.7551,0.4707,19.3396,1.0206,0.024401,0,0.1075
META,2024-08-14,523.24755859375,-0.003368,0.6588,0.4136,18.6935,0.9348,0.003368,0,0.145
META,2024-08-15,533.7470092773438,0.020066,0.7893,0.4077,18.2634,0.9689,0.020066,0,0.136
META,2024-08-16,523.9030151367188,-0.018443,0.866,0.417,17.8375,0.8294,0.018443,0,0.142
META,2024-08-19,525.7507934570312,0.003527,0.5827,0.4123,17.1649,0.813,0.003527,0,0.1577
META,2024-08-20,523.2177124023438,-0.004818,0.4706,0.4135,16.2716,0.7637,0.004818,0,0.1506
META,2024-08-21,531.5914916992188,0.016004,0.8053,0.3484,15.9978,0.8079,0.016004,0,0.1591
META,2024-08-22,528.3829956054688,-0.006036,0.9496,0.3402,15.9636,0.7582,0.006036,0,0.1714
META,2024-08-23,524.4791870117188,-0.007388,0.6906,0.3368,15.8711,0.7002,0.007388,0,0.1722
META,2024-08-26,517.6451416015625,-0.01303,0.5876,0.3433,15.6568,0.6118,0.01303,0,0.1495
META,2024-08-27,515.6386108398438,-0.003876,0.3913,0.3426,15.141,0.5677,0.003876,0,0.1373
META,2024-08-28,513.3341674804688,-0.004469,0.5954,0.3367,14.6598,0.5138,0.004469,0,0.1576
META,2024-08-29,514.764404296875,0.002786,0.6135,0.2943,14.4242,0.5202,0.002786,0,0.1632
META,2024-08-30,517.8338012695312,0.005963,0.7147,0.2833,13.9754,0.5447,0.005963,0,0.1702
META,2024-09-03,508.3475646972656,-0.018319,1.0076,0.2747,14.1785,0.3271,0.018319,0,0.1536
META,2024-09-04,509.3209838867187,0.001915,0.7103,0.242,14.0515,0.3049,0.001915,0,0.1612
META,2024-09-05,513.4135131835938,0.008035,0.7742,0.2382,13.7866,0.3174,0.008035,0,0.1612
META,2024-09-06,496.9341735839844,-0.032098,1.3294,0.2206,14.6853,-0.1142,0.032098,0,0.0559
META,2024-09-09,501.4240112304687,0.009035,1.0082,0.2149,14.4168,0.0685,0.009035,0,0.1544
META,2024-09-10,501.4240112304687,0.0,0.9028,0.2147,14.3906,0.1087,0.0,0,0.1314
META,2024-09-11,508.4170837402344,0.013946,0.9968,0.2011,14.6088,0.3,0.013946,0,0.1621
META,2024-09-12,522.0952758789062,0.026903,1.104,0.2247,14.6212,0.6345,0.026903,0,0.1229
META,2024-09-13,521.1217651367188,-0.001865,0.9659,0.2118,14.3161,0.6362,0.001865,0,0.1651
META,2024-09-16,530.2294311523438,0.017477,0.9141,0.2112,14.4814,0.8537,0.017477,0,0.1525
META,2024-09-17,533.2520141601562,0.005701,1.112,0.2118,14.2637,0.9001,0.005701,0,0.1544
META,2024-09-18,534.8727416992188,0.003039,0.971,0.2108,13.9736,0.8985,0.003039,0,0.1488
META,2024-09-19,555.9016723632812,0.039316,1.4564,0.2459,14.6948,1.1814,0.039316,0,0.0068
META,2024-09-20,558.1388549804688,0.004024,1.9949,0.2439,14.2237,1.0876,0.004024,0,0.0694
META,2024-09-23,561.1812744140625,0.005451,1.1521,0.241,14.1038,1.0273,0.005451,0,0.1349
META,2024-09-24,560.1075439453125,-0.001913,1.1491,0.234,14.0591,0.9413,0.001913,0,0.1432
META,2024-09-25,565.0590209960938,0.00884,1.3996,0.2327,14.0169,0.9326,0.00884,0,0.135
META,2024-09-26,564.5916748046875,-0.000827,1.1916,0.2311,14.085,0.8764,0.000827,0,0.14
META,2024-09-27,564.1144409179688,-0.000845,0.7742,0.2319,13.5253,0.8314,0.000845,0,0.1421
META,2024-09-30,569.1654052734375,0.008954,1.0383,0.2324,13.2596,0.8406,0.008954,0,0.1488
META,2024-10-01,573.1723022460938,0.00704,1.2246,0.2157,13.2313,0.8391,0.00704,0,0.1367
META,2024-10-02,569.5333862304688,-0.006349,0.5275,0.2198,12.7906,0.7755,0.006349,0,0.1348
META,2024-10-03,579.4363403320312,0.017388,0.9252,0.2236,12.9165,0.8303,0.017388,0,0.1336
META,2024-10-04,592.531005859375,0.022599,1.1346,0.1794,13.0897,0.9099,0.022599,0,0.0866
META,2024-10-07,581.4349365234375,-0.018727,0.9583,0.2044,13.4992,0.7851,0.018727,0,0.1312
META,2024-10-08,589.4983520507812,0.013868,0.6319,0.2036,13.1574,0.8436,0.013868,0,0.1291
META,2024-10-09,587.1319580078125,-0.004014,0.7703,0.2068,13.1251,0.8026,0.004014,0,0.1491
META,2024-10-10,580.4901733398438,-0.011312,0.6365,0.2032,12.754,0.7084,0.011312,0,0.1354
META,2024-10-11,586.5752563476562,0.010483,0.7112,0.2021,12.4458,0.7698,0.010483,0,0.1374
META,2024-10-14,587.04248046875,0.000797,0.6871,0.1982,12.2773,0.7608,0.000797,0,0.1158
META,2024-10-15,582.9163208007812,-0.007029,0.8035,0.2028,12.1436,0.6856,0.007029,0,0.1294
META,2024-10-16,573.490478515625,-0.01617,0.9429,0.2158,12.1455,0.4873,0.01617,0,0.1216
META,2024-10-17,573.629638671875,0.000243,0.7499,0.1696,11.9715,0.469,0.000243,0,0.0883
META,2024-10-18,573.1723022460938,-0.000797,0.7069,0.1695,11.7352,0.4365,0.000797,0,0.0908
META,2024-10-21,571.8698120117188,-0.002272,0.7672,0.1693,11.4739,0.3842,0.002272,0,0.0987
META,2024-10-22,578.6806030273438,0.01191,0.8192,0.1732,11.4647,0.5434,0.01191,0,0.1124
META,2024-10-23,560.4654541015625,-0.031477,1.3813,0.207,12.2449,0.045,0.031477,0,0.0541
META,2024-10-24,564.5320434570312,0.007256,0.7218,0.2087,11.8925,0.1575,0.007256,0,0.109
META,2024-10-25,569.9707641601562,0.009634,1.128,0.2114,12.0026,0.2915,0.009634,0,0.1211
META,2024-10-28,574.8527221679688,0.008565,1.0971,0.2112,11.8909,0.4217,0.008565,0,0.1237
META,2024-10-29,589.88623046875,0.026152,1.3223,0.2291,12.3396,0.8243,0.026152,0,0.0772
META,2024-10-30,588.4146118164062,-0.002495,2.4731,0.2277,12.2976,0.7559,0.002495,0,0.0323
META,2024-10-31,564.3331909179688,-0.040926,2.3085,0.2655,13.4649,0.1264,0.040926,0,0.0
META,2024-11-01,563.9155883789062,-0.00074,1.3099,0.2502,13.292,0.1508,0.00074,0,0.1167
META,2024-11-04,557.47265625,-0.011425,1.0325,0.2452,13.1095,0.0544,0.011425,0,0.1341
META,2024-11-05,569.1554565429688,0.020957,0.8298,0.2524,13.0821,0.3554,0.020957,0,0.1295
META,2024-11-06,568.777587890625,-0.000664,1.498,0.2523,13.4142,0.3643,0.000664,0,0.1076
META,2024-11-07,588.3152465820312,0.03435,1.1662,0.2793,14.0722,0.848,0.03435,0,0.0884
META,2024-11-08,585.96875,-0.003989,0.7469,0.2774,13.6761,0.7913,0.003989,0,0.1579
META,2024-11-11,579.833984375,-0.010469,0.8036,0.2799,13.6104,0.6521,0.010469,0,0.1631
META,2024-11-12,581.4745483398438,0.002829,1.249,0.279,14.0077,0.6979,0.002829,0,0.1553
META,2024-11-13,576.6820678710938,-0.008242,0.8265,0.2743,13.7506,0.5682,0.008242,0,0.1662
META,2024-11-14,573.8583984375,-0.004896,0.8417,0.2749,13.3186,0.4942,0.004896,0,0.1642
META,2024-11-15,550.9104614257812,-0.039989,1.2992,0.3097,14.19,-0.0065,0.039989,0,0.0515
META,2024-11-18,551.2286376953125,0.000578,1.0277,0.3098,13.8731,0.0659,0.000578,0,0.1219
META,2024-11-19,557.88037109375,0.012067,0.6806,0.3099,13.6512,0.2335,0.012067,0,0.1396
META,2024-11-20,562.2850341796875,0.007895,0.7116,0.2906,13.539,0.3207,0.007895,0,0.156
META,2024-11-21,559.868896484375,-0.004297,0.7987,0.2898,14.0599,0.2789,0.004297,0,0.1674
META,2024-11-22,555.9414672851562,-0.007015,0.6613,0.2883,13.7118,0.2233,0.007015,0,0.1526
META,2024-11-25,561.8772583007812,0.010677,0.972,0.2893,13.8829,0.3532,0.010677,0,0.1624
META,2024-11-26,570.2591552734375,0.014918,0.7473,0.2779,13.7712,0.5386,0.014918,0,0.1582
META,2024-11-27,565.94384765625,-0.007567,0.5592,0.2787,13.5602,0.469,0.007567,0,0.1514
META,2024-11-29,571.0347290039062,0.008995,0.5997,0.2393,13.4126,0.5778,0.008995,0,0.1548
META,2024-12-02,589.4387817382812,0.032229,1.0657,0.264,13.8878,0.9306,0.032229,0,0.0859
META,2024-12-03,610.1395874023438,0.03512,1.2535,0.2828,14.5258,1.1545,0.03512,0,0.0426
META,2024-12-04,610.2688598632812,0.000212,1.2107,0.2765,14.3888,1.0369,0.000212,0,0.1077
META,2024-12-05,605.4465942382812,-0.007902,0.695,0.2791,14.2736,0.9069,0.007902,0,0.1473
META,2024-12-06,620.201904296875,0.024371,1.4423,0.2664,14.764,1.018,0.024371,0,0.0997
META,2024-12-09,610.06005859375,-0.016352,0.9649,0.274,15.1462,0.861,0.016352,0,0.1549
META,2024-12-10,615.7772827148438,0.009372,0.9209,0.2709,14.977,0.8788,0.009372,0,0.1675
META,2024-12-11,629.0607299804688,0.021572,0.9337,0.2787,15.2623,0.9482,0.021572,0,0.1427
META,2024-12-12,627.1815795898438,-0.002987,0.6533,0.2762,14.8432,0.8796,0.002987,0,0.153
META,2024-12-13,616.8013916015625,-0.016551,0.7473,0.2844,14.7907,0.7601,0.016551,0,0.1556
META,2024-12-16,621.1697387695312,0.007082,0.9923,0.2327,14.6277,0.771,0.007082,0,0.1723
META,2024-12-17,616.3932495117188,-0.00769,1.1834,0.2371,14.708,0.7075,0.00769,0,0.1657
META,2024-12-18,594.2528076171875,-0.035919,1.5142,0.2778,15.8638,0.4863,0.035919,0,0.0857
META,2024-12-19,592.640625,-0.002713,1.2968,0.278,15.9048,0.4538,0.002713,0,0.1633
META,2024-12-20,582.3714599609375,-0.017328,3.6487,0.2861,16.4114,0.3289,0.017328,0,0.0208
META,2024-12-23,596.899658203125,0.024947,0.7572,0.2949,16.365,0.4589,0.024947,0,0.1383
META,2024-12-24,604.7608032226562,0.01317,0.3626,0.2959,15.8151,0.5296,0.01317,0,0.144
META,2024-12-26,600.3824462890625,-0.00724,0.4743,0.2953,15.3117,0.4481,0.00724,0,0.1556
META,2024-12-27,596.85986328125,-0.005867,0.6284,0.2946,15.1811,0.3563,0.005867,0,0.1711
META,2024-12-30,588.3319702148438,-0.014288,0.5463,0.2997,15.1081,0.164,0.014288,0,0.1412
META,2024-12-31,582.6302490234375,-0.009691,0.4802,0.2792,14.7483,0.0808,0.009691,0,0.1281
META,2025-01-02,596.2926635742188,0.02345,1.0208,0.262,15.0737,0.3389,0.02345,0,0.1383
META,2025-01-03,601.656005859375,0.008994,0.9328,0.2644,14.9274,0.4414,0.008994,0,0.1767
META,2025-01-06,627.1004028320312,0.042291,1.157,0.3032,15.7348,0.8524,0.042291,0,0.0667
META,2025-01-07,614.8509521484375,-0.019533,0.9781,0.3001,16.3075,0.6542,0.019533,0,0.1636
META,2025-01-08,607.7161254882812,-0.011604,0.8217,0.2972,16.216,0.535,0.011604,0,0.1783
META,2025-01-10,612.8309326171875,0.008416,1.5174,0.2968,17.3727,0.6254,0.008416,0,0.1544
META,2025-01-13,605.3380126953125,-0.012227,0.85,0.2882,17.3692,0.5188,0.012227,0,0.1808
META,2025-01-14,591.3272094726562,-0.023145,1.0465,0.2981,17.5345,0.2789,0.023145,0,0.1513
META,2025-01-15,614.0847778320312,0.038486,1.1631,0.327,18.2872,0.7334,0.038486,0,0.1029
META,2025-01-16,608.2933349609375,-0.009431,0.632,0.3275,17.5076,0.6384,0.009431,0,0.174
META,2025-01-17,609.7561645507812,0.002405,1.2857,0.3266,17.771,0.6817,0.002405,0,0.1569
META,2025-01-21,613.4280395507812,0.006022,0.8864,0.2988,17.3894,0.7374,0.006022,0,0.1805
META,2025-01-22,620.433349609375,0.01142,0.9416,0.3002,17.3727,0.8453,0.01142,0,0.1718
META,2025-01-23,633.3196411132812,0.02077,0.8943,0.2973,17.2299,1.0327,0.02077,0,0.1353
META,2025-01-24,644.3053588867188,0.017346,1.6543,0.2915,17.2644,1.0923,0.017346,0,0.1004
META,2025-01-27,656.6344604492188,0.019135,2.2347,0.2947,18.7869,1.1157,0.019135,0,0.0482
META,2025-01-28,671.0133056640625,0.021898,1.5574,0.2978,19.0876,1.1237,0.021898,0,0.0816
META,2025-01-29,673.1627807617188,0.003203,1.5144,0.2948,18.8173,1.0329,0.003203,0,0.1085
META,2025-01-30,683.62109375,0.015536,1.9251,0.2862,19.9389,1.0308,0.015536,0,0.0712
META,2025-01-31,685.790283203125,0.003173,1.2144,0.2794,19.9164,0.9786,0.003173,0,0.142
META,2025-02-03,694.0296020507812,0.012014,1.3112,0.2741,20.5372,0.9698,0.012014,0,0.1364
META,2025-02-04,700.7265014648438,0.009649,0.8404,0.2741,20.2146,0.95,0.009649,0,0.1543
META,2025-02-05,701.4032592773438,0.000966,1.0702,0.2426,20.1304,0.8981,0.000966,0,0.1376
META,2025-02-06,708.4880981445312,0.010101,0.785,0.2237,19.7871,0.891,0.010101,0,0.1569
META,2025-02-07,711.0056762695312,0.003553,0.9674,0.2131,19.3163,0.8618,0.003553,0,0.1578
META,2025-02-10,713.8715209960938,0.004031,0.7744,0.2135,18.638,0.8389,0.004031,0,0.165
META,2025-02-11,716.2597045898438,0.003345,0.7749,0.201,18.2748,0.819,0.003345,0,0.1695
META,2025-02-12,721.812255859375,0.007752,0.7198,0.1627,18.0001,0.8251,0.007752,0,0.1412
META,2025-02-13,724.9766845703125,0.004384,0.7596,0.1241,17.4934,0.813,0.004384,0,0.1311
META,2025-02-14,733.0468139648438,0.011132,0.9957,0.105,17.3306,0.8341,0.011132,0,0.1233
META,2025-02-18,712.8466186523438,-0.027556,1.275,0.167,18.2649,0.6872,0.027556,0,0.0911
META,2025-02-19,700.30859375,-0.017589,1.002,0.19,18.4514,0.5788,0.017589,0,0.1578
META,2025-02-20,691.4224853515625,-0.012689,0.7186,0.201,17.9857,0.477,0.012689,0,0.1709
META,2025-02-21,680.18798828125,-0.016248,0.8797,0.2066,18.2299,0.3271,0.016248,0,0.1625
META,2025-02-24,664.8438720703125,-0.022559,0.889,0.2197,18.6919,0.1169,0.022559,0,0.1477
META,2025-02-25,654.26611328125,-0.01591,1.1935,0.2179,19.2239,-0.0009,0.01591,0,0.1426
META,2025-02-26,670.386474609375,0.024639,0.8563,0.2218,19.664,0.1884,0.024639,0,0.1257
META,2025-02-27,655.0025634765625,-0.022948,0.7587,0.2358,20.4685,0.0492,0.022948,0,0.1317
META,2025-02-28,664.9135131835938,0.015131,1.1037,0.2354,20.9277,0.1805,0.015131,0,0.1405
META,2025-03-03,651.828125,-0.01968,0.7013,0.2435,21.5943,0.0925,0.01968,0,0.1311
META,2025-03-04,636.8521728515625,-0.022975,1.3897,0.2477,22.2837,0.0288,0.022975,0,0.119
META,2025-03-05,653.2412109375,0.025734,0.8904,0.2655,22.2443,0.2041,0.025734,0,0.1115
META,2025-03-06,624.841552734375,-0.043475,0.8819,0.3004,22.9555,0.0434,0.043475,0,0.0593
META,2025-03-07,622.5826416015625,-0.003615,1.3648,0.2948,23.7452,0.0874,0.003615,0,0.1036
META,2025-03-10,595.048828125,-0.044225,1.3801,0.3213,24.8062,-0.0096,0.044225,0,0.0374
META,2025-03-11,602.7308959960938,0.01291,1.0764,0.3274,24.5696,0.0957,0.01291,0,0.1092
META,2025-03-12,616.5128173828125,0.022866,0.9659,0.3435,24.7778,0.2104,0.022866,0,0.1067
META,2025-03-13,587.7349853515625,-0.046678,0.9972,0.3656,25.4239,0.0854,0.046678,0,0.0402
META,2025-03-14,605.1494140625,0.02963,0.7486,0.389,24.9414,0.2137,0.02963,0,0.0812
META,2025-03-17,602.4603881835938,-0.004444,0.9409,0.3823,24.2341,0.2122,0.004444,0,0.1345
META,2025-03-18,580.01123046875,-0.037262,1.2405,0.3899,24.6544,0.0935,0.037262,0,0.0717
META,2025-03-19,581.7044677734375,0.002919,1.2437,0.3914,24.1419,0.1362,0.002919,0,0.1112
META,2025-03-20,583.6365356445312,0.003321,1.4231,0.3935,24.6008,0.1763,0.003321,0,0.1034
META,2025-03-21,593.84521484375,0.017492,1.4239,0.4024,24.0238,0.2736,0.017492,0,0.1109
META,2025-03-24,616.3540649414062,0.037904,0.8958,0.4268,24.1781,0.4699,0.037904,0,0.0772
META,2025-03-25,623.7840576171875,0.012055,0.8847,0.4275,23.5203,0.5465,0.012055,0,0.1435
META,2025-03-26,608.5158081054688,-0.024477,0.7325,0.4224,23.2731,0.4347,0.024477,0,0.124
META,2025-03-27,600.1497192382812,-0.013748,0.6099,0.4183,22.6173,0.3734,0.013748,0,0.1393
META,2025-03-28,574.413818359375,-0.042882,1.0285,0.4334,23.0407,0.1294,0.042882,0,0.0773
META,2025-03-31,574.0354614257812,-0.000659,1.1983,0.4313,23.2019,0.1485,0.000659,0,0.117
META,2025-04-01,583.6365356445312,0.016726,0.7465,0.4335,22.961,0.2814,0.016726,0,0.1414
META,2025-04-02,581.574951171875,-0.003532,0.7841,0.4191,22.694,0.2576,0.003532,0,0.1521
META,2025-04-03,529.4758911132812,-0.089583,1.9059,0.499,24.8883,-0.2349,0.089583,1,-0.1016
META,2025-04-04,502.6943664550781,-0.050581,2.0196,0.5211,25.7726,-0.2389,0.050581,1,-0.0548
META,2025-04-07,514.1678466796875,0.022824,1.8452,0.5173,28.0201,-0.0254,0.022824,1,-0.0033
META,2025-04-08,508.3912963867187,-0.011235,1.3763,0.5121,29.1894,0.0195,0.011235,0,0.041
META,2025-04-09,583.4075317382812,0.147556,1.8204,0.7485,33.2069,0.547,0.147556,1,-0.1841
META,2025-04-10,544.0867309570312,-0.067399,1.2732,0.7683,34.4255,0.2881,0.067399,1,-0.1164
META,2025-04-11,541.3777465820312,-0.004979,0.7879,0.7587,33.3046,0.2913,0.004979,1,-0.0064
META,2025-04-14,529.33642578125,-0.022242,0.633,0.7613,33.0237,0.2359,0.022242,1,-0.0203
META,2025-04-15,519.4166259765625,-0.01874,0.7044,0.7538,32.1189,0.2002,0.01874,1,-0.0008
META,2025-04-16,500.28411865234375,-0.036835,0.8517,0.7618,31.6666,0.1242,0.036835,1,-0.0303
META,2025-04-17,499.45745849609375,-0.001652,0.6784,0.7612,30.0656,0.1607,0.001652,0,0.0006
META,2025-04-21,482.7052917480469,-0.033541,0.7673,0.7612,29.4603,0.1133,0.033541,1,-0.0132
META,2025-04-22,498.2622985839844,0.032229,0.8226,0.7568,28.9368,0.2267,0.032229,1,-0.0058
META,2025-04-23,518.1716918945312,0.039958,0.8535,0.7737,29.3641,0.3615,0.039958,1,-0.0239
META,2025-04-24,530.999755859375,0.024756,0.6512,0.7796,28.4333,0.466,0.024756,0,0.0085
META,2025-04-25,545.0628051757812,0.026484,0.7883,0.7871,27.5911,0.5939,0.026484,0,0.0196
META,2025-04-28,547.5228271484375,0.004513,0.7037,0.7737,26.8937,0.6288,0.004513,0,0.0281
META,2025-04-29,552.203857421875,0.008549,0.5607,0.7745,25.8585,0.6831,0.008549,0,0.0235
META,2025-04-30,546.7858276367188,-0.009812,1.3337,0.7722,25.7857,0.6666,0.009812,0,0.0246
META,2025-05-01,569.9022216796875,0.042277,1.366,0.7881,27.0705,0.9019,0.042277,1,-0.0378
META,2025-05-02,594.6121826171875,0.043358,1.1089,0.7262,27.4226,1.0281,0.043358,1,-0.0355
META,2025-05-05,596.8530883789062,0.003769,0.659,0.6942,26.5423,0.9678,0.003769,0,0.0208
META,2025-05-06,584.9412841796875,-0.019958,0.5361,0.6999,25.5492,0.8352,0.019958,0,0.0194
META,2025-05-07,594.4029541015625,0.016175,0.6905,0.697,24.8917,0.86,0.016175,0,0.0591
META,2025-05-08,595.59814453125,0.002011,0.8215,0.4655,24.1581,0.8558,0.002011,0,0.1125
META,2025-05-09,590.1004638671875,-0.009231,0.6166,0.3913,23.5181,0.79,0.009231,0,0.1327
META,2025-05-12,636.85107421875,0.079225,1.2824,0.4708,25.2459,1.0037,0.079225,1,-0.0601
META,2025-05-13,653.3841552734375,0.025961,1.0703,0.4599,24.9714,1.0017,0.025961,0,0.075
META,2025-05-14,656.70068359375,0.005076,0.7183,0.4471,23.7824,0.9465,0.005076,0,0.1229
META,2025-05-15,641.2831420898438,-0.023477,0.8451,0.4299,23.562,0.835,0.023477,0,0.1088
META,2025-05-16,637.7574462890625,-0.005498,1.0788,0.4318,23.1403,0.7899,0.005498,0,0.1392
META,2025-05-19,637.8470458984375,0.00014,0.5697,0.3993,22.5688,0.7721,0.00014,0,0.1261
META,2025-05-20,634.530517578125,-0.0052,0.4136,0.3992,21.5379,0.7371,0.0052,0,0.137
META,2025-05-21,632.9369506835938,-0.002511,0.7179,0.3887,21.1691,0.7092,0.002511,0,0.1578
META,2025-05-22,634.0026245117188,0.001684,0.5246,0.386,20.5491,0.6969,0.001684,0,0.1475
META,2025-05-23,624.531005859375,-0.014939,0.5543,0.3893,20.0716,0.6156,0.014939,0,0.1474
META,2025-05-27,639.7294311523438,0.024336,0.6352,0.3939,19.7775,0.7039,0.024336,0,0.1386
META,2025-05-28,640.984375,0.001962,0.6098,0.3945,18.9738,0.6959,0.001962,0,0.1649
META,2025-05-29,642.4483642578125,0.002284,0.6414,0.3896,18.6017,0.6977,0.002284,0,0.1703
META,2025-05-30,644.8786010742188,0.003783,1.2431,0.3686,18.4561,0.7059,0.003783,0,0.1619
META,2025-06-02,668.1941528320312,0.036155,1.2497,0.3598,19.2009,0.906,0.036155,0,0.0954
META,2025-06-03,664.1604614257812,-0.006037,0.9267,0.3623,18.5799,0.8297,0.006037,0,0.1698
META,2025-06-04,685.1753540039062,0.031641,1.1073,0.3604,18.8285,0.9987,0.031641,0,0.1054
META,2025-06-05,681.8588256835938,-0.00484,1.0326,0.3619,18.3466,0.9242,0.00484,0,0.1595
META,2025-06-06,694.89599609375,0.01912,0.9364,0.3638,18.3301,1.0075,0.01912,0,0.1417
META,2025-06-09,691.2607421875,-0.005231,1.0104,0.3615,17.8212,0.9563,0.005231,0,0.1538
META,2025-06-10,699.567138671875,0.012016,0.8977,0.2469,17.3784,0.97,0.012016,0,0.1637
META,2025-06-11,691.3403930664062,-0.01176,0.8234,0.2403,17.338,0.8431,0.01176,0,0.1692
META,2025-06-12,690.5635375976562,-0.001124,0.6431,0.2406,16.6957,0.8049,0.001124,0,0.1632
META,2025-06-13,680.1159057617188,-0.015129,0.8331,0.2302,16.4678,0.6851,0.015129,0,0.1747
META,2025-06-16,699.8262939453125,0.028981,1.2596,0.2452,17.0576,0.8345,0.028981,0,0.1206
META,2025-06-17,694.9522705078125,-0.006965,0.9221,0.2483,16.5447,0.7613,0.006965,0,0.1854
META,2025-06-18,693.4970703125,-0.002094,0.9085,0.2469,15.8392,0.7246,0.002094,0,0.1793
META,2025-06-20,680.120849609375,-0.019288,1.9369,0.2601,16.356,0.58,0.019288,0,0.1101
META,2025-06-23,696.248046875,0.023712,0.9407,0.2694,16.633,0.7199,0.023712,0,0.1548
META,2025-06-24,709.8734130859375,0.01957,1.1474,0.2636,16.4887,0.8466,0.01957,0,0.1605
META,2025-06-25,706.3648681640625,-0.004942,0.7743,0.2579,16.1083,0.786,0.004942,0,0.1819
META,2025-06-26,723.7179565429688,0.024567,1.1368,0.2666,16.3488,0.9586,0.024567,0,0.133
META,2025-06-27,731.2333984375,0.010384,1.4692,0.2665,15.8624,1.0111,0.010384,0,0.1318
META,2025-06-30,735.6788940429688,0.006079,1.2092,0.2663,15.7453,1.0331,0.006079,0,0.1386
META,2025-07-01,716.870361328125,-0.025566,1.0642,0.266,16.2382,0.7571,0.025566,0,0.1353
META,2025-07-02,711.2388916015625,-0.007856,0.7464,0.267,15.6123,0.6615,0.007856,0,0.1823
META,2025-07-03,716.6611328125,0.007624,0.7029,0.2463,15.5978,0.7214,0.007624,0,0.179
META,2025-07-07,716.0032958984375,-0.000918,0.7844,0.2452,15.4441,0.6905,0.000918,0,0.1697
META,2025-07-08,718.3157348632812,0.00323,0.6553,0.2373,14.9177,0.7066,0.00323,0,0.1748
META,2025-07-09,730.3861694335938,0.016804,0.9684,0.2415,15.0525,0.8524,0.016804,0,0.1614
META,2025-07-10,724.8641967773438,-0.00756,0.8442,0.2417,15.1306,0.7443,0.00756,0,0.1737
META,2025-07-11,715.166015625,-0.013379,0.9209,0.243,15.2987,0.585,0.013379,0,0.1753
META,2025-07-14,718.5648803710938,0.004753,0.7519,0.2429,15.0211,0.6192,0.004753,0,0.1807
META,2025-07-15,708.0692749023438,-0.014606,0.9607,0.2424,14.9911,0.424,0.014606,0,0.1679
META,2025-07-16,700.6137084960938,-0.010529,1.0918,0.2243,14.9669,0.2913,0.010529,0,0.1643
META,2025-07-17,699.1185913085938,-0.002134,0.9791,0.2229,14.5237,0.257,0.002134,0,0.1674
META,2025-07-18,701.9793090820312,0.004092,1.0483,0.2231,14.4161,0.2935,0.004092,0,0.1715
META,2025-07-21,710.6408081054688,0.012339,0.8153,0.2135,14.2919,0.4103,0.012339,0,0.1703
META,2025-07-22,702.5075073242188,-0.011445,0.7807,0.2029,14.3525,0.2054,0.011445,0,0.1546
META,2025-07-23,711.2488403320312,0.012443,0.785,0.1955,14.0265,0.4114,0.012443,0,0.1615
META,2025-07-24,712.46484375,0.00171,0.9704,0.1946,13.7394,0.432,0.00171,0,0.152
META,2025-07-25,710.351806640625,-0.002966,0.7541,0.1728,13.381,0.3955,0.002966,0,0.1318
META,2025-07-28,715.2857055664062,0.006946,0.8327,0.1702,13.2838,0.5396,0.006946,0,0.1341
META,2025-07-29,697.7132568359375,-0.024567,1.2806,0.1871,14.0835,0.0838,0.024567,0,0.1044
META,2025-07-30,692.9389038085938,-0.006843,2.4522,0.1674,14.3092,0.0285,0.006843,0,0.0249
META,2025-07-31,770.913330078125,0.112527,3.1023,0.4368,19.662,1.3704,0.112527,1,-0.1692
META,2025-08-01,747.5598754882812,-0.030293,1.4595,0.4535,20.2603,0.9465,0.030293,0,0.075
META,2025-08-04,773.8338012695312,0.035146,1.1832,0.4677,20.724,1.1232,0.035146,0,0.0645
META,2025-08-05,760.9659423828125,-0.016629,0.8591,0.4736,20.6769,0.9185,0.016629,0,0.1335
META,2025-08-06,769.468017578125,0.011173,0.7229,0.4719,20.1383,0.9436,0.011173,0,0.148
META,2025-08-07,759.3412475585938,-0.013161,0.6721,0.474,19.7998,0.8173,0.013161,0,0.1529
META,2025-08-08,766.786865234375,0.009805,0.5528,0.4706,19.1915,0.8425,0.009805,0,0.1487
META,2025-08-11,763.3681030273438,-0.004459,0.5777,0.4715,18.4465,0.7842,0.004459,0,0.1591
META,2025-08-12,787.419189453125,0.031507,1.0927,0.4765,19.1081,0.9182,0.031507,0,0.1018
META,2025-08-13,777.5316772460938,-0.012557,0.6719,0.4775,18.9699,0.8081,0.012557,0,0.154
META,2025-08-14,779.574951171875,0.002628,0.6277,0.4768,18.7042,0.7924,0.002628,0,0.1524
META,2025-08-15,782.6648559570312,0.003964,1.032,0.4768,18.4667,0.7856,0.003964,0,0.1558
META,2025-08-18,764.8631591796875,-0.022745,1.2402,0.4866,19.1888,0.6345,0.022745,0,0.1353
META,2025-08-19,749.0250854492188,-0.020707,0.9112,0.4916,19.1004,0.4948,0.020707,0,0.1432
META,2025-08-20,745.2772827148438,-0.005004,0.8723,0.4914,19.1942,0.4484,0.005004,0,0.1681
META,2025-08-21,736.6854248046875,-0.011528,0.6557,0.494,18.8634,0.3596,0.011528,0,0.1545
META,2025-08-22,752.32421875,0.021229,0.7772,0.4982,19.1186,0.4778,0.021229,0,0.1442
META,2025-08-25,750.8390502929688,-0.001974,0.5059,0.4983,18.3759,0.4435,0.001974,0,0.1373
META,2025-08-26,751.636474609375,0.001062,0.5725,0.4878,17.5567,0.4094,0.001062,0,0.1377
META,2025-08-27,744.9384765625,-0.008911,0.6738,0.4885,17.1079,0.2048,0.008911,0,0.1456
META,2025-08-28,748.65625,0.004991,0.6932,0.2736,16.7581,0.2913,0.004991,0,0.1759
META,2025-08-29,736.2868041992188,-0.016522,0.8828,0.2582,16.6831,0.1061,0.016522,0,0.1641
META,2025-09-02,732.70849609375,-0.00486,0.9396,0.2211,16.6996,0.1021,0.00486,0,0.1692
META,2025-09-03,734.6421508789062,0.002639,0.7892,0.2154,15.9525,0.1701,0.002639,0,0.1602
META,2025-09-04,746.204345703125,0.015739,1.1624,0.2196,16.5295,0.3593,0.015739,0,0.1609
META,2025-09-05,749.9918823242188,0.005076,0.9788,0.2162,16.2687,0.4235,0.005076,0,0.1803
META,2025-09-08,749.84228515625,-0.000199,1.288,0.2128,16.1383,0.4332,0.000199,0,0.1418
META,2025-09-09,763.1985473632812,0.017812,1.0647,0.2225,15.9823,0.6369,0.017812,0,0.1701
META,2025-09-10,749.5234375,-0.017918,1.2202,0.1977,15.8872,0.4516,0.017918,0,0.1543
META,2025-09-11,748.447021484375,-0.001436,0.7782,0.194,15.374,0.4541,0.001436,0,0.1646
META,2025-09-12,753.1216430664062,0.006246,0.8096,0.1955,15.259,0.5789,0.006246,0,0.1722
META,2025-09-15,762.2018432617188,0.012057,1.0485,0.2006,15.7411,0.8867,0.012057,0,0.1651
META,2025-09-16,776.4551391601562,0.0187,1.2011,0.1956,15.8028,1.1677,0.0187,0,0.0784
META,2025-09-17,773.1858520507812,-0.004211,0.9726,0.1796,15.883,0.9943,0.004211,0,0.1389
META,2025-09-18,777.7011108398438,0.00584,1.139,0.1784,15.8463,0.9952,0.00584,0,0.1321
META,2025-09-19,775.837158203125,-0.002397,2.2875,0.1719,16.253,0.9055,0.002397,0,0.0474
META,2025-09-22,763.1751098632812,-0.01632,1.1241,0.1698,16.6067,0.6598,0.01632,0,0.1366
META,2025-09-23,753.4404907226562,-0.012755,1.0243,0.1763,16.8118,0.4795,0.012755,0,0.1535
META,2025-09-24,758.686767578125,0.006963,0.8269,0.1779,16.2223,0.569,0.006963,0,0.163
META,2025-09-25,746.96728515625,-0.015447,0.9816,0.1839,16.2113,0.3521,0.015447,0,0.1589
META,2025-09-26,741.8206176757812,-0.00689,0.8895,0.1846,16.092,0.2681,0.00689,0,0.1611
META,2025-09-29,741.4716186523438,-0.00047,0.8476,0.1745,15.7712,0.2514,0.00047,0,0.1276
META,2025-09-30,732.4749145507812,-0.012134,1.4419,0.1793,15.8629,0.086,0.012134,0,0.1272
META,2025-10-01,715.4791870117188,-0.023203,1.7174,0.1969,16.4525,-0.1172,0.023203,0,0.0606
META,2025-10-02,725.1639404296875,0.013536,0.9602,0.1945,16.0204,0.0872,0.013536,0,0.1485
META,2025-10-03,708.7167358398438,-0.022681,1.3227,0.2069,16.3594,-0.0402,0.022681,0,0.1236
META,2025-10-06,713.8035278320312,0.007177,1.713,0.2098,17.0695,0.0842,0.007177,0,0.1099
META,2025-10-07,711.230224609375,-0.003605,0.9502,0.1957,16.7586,0.1088,0.003605,0,0.1565
META,2025-10-08,715.9779052734375,0.006675,0.8557,0.191,16.4051,0.1936,0.006675,0,0.1605
META,2025-10-09,731.6072387695312,0.021829,0.9897,0.2093,16.7344,0.3698,0.021829,0,0.1504
META,2025-10-10,703.4703979492188,-0.038459,1.278,0.2456,17.7305,0.1232,0.038459,0,0.0911
META,2025-10-13,713.8433837890625,0.014745,0.6997,0.248,17.5071,0.2523,0.014745,0,0.1634
META,2025-10-14,706.8117065429688,-0.00985,0.6753,0.235,17.4228,0.2102,0.00985,0,0.1637
META,2025-10-15,715.6885986328125,0.012559,0.7812,0.2428,17.2648,0.3193,0.012559,0,0.1758
META,2025-10-16,710.2228393554688,-0.007637,0.6925,0.2404,17.5712,0.2776,0.007637,0,0.1726
META,2025-10-17,715.0602416992188,0.006811,0.9828,0.2436,17.2009,0.3496,0.006811,0,0.1783
META,2025-10-20,730.2706909179688,0.021272,0.7232,0.2546,17.1727,0.5857,0.021272,0,0.1563
META,2025-10-21,731.3678588867188,0.001502,0.6296,0.2517,16.6407,0.6296,0.001502,0,0.1745
META,2025-10-22,731.5074462890625,0.000191,0.7194,0.2499,16.6326,0.6815,0.000191,0,0.17
META,2025-10-23,732.095947265625,0.000805,0.8143,0.2446,16.1078,0.7271,0.000805,0,0.1698
META,2025-10-24,736.444580078125,0.00594,0.7578,0.2447,15.674,0.8378,0.00594,0,0.1765
META,2025-10-27,748.872314453125,0.016875,0.9294,0.2521,15.7933,1.0644,0.016875,0,0.1334
META,2025-10-28,749.49072265625,0.000826,1.0179,0.2476,15.5829,1.0041,0.000826,0,0.1361
META,2025-10-29,749.7200927734375,0.000306,2.1806,0.2302,15.656,0.9375,0.000306,0,0.0704
META,2025-10-30,664.7410888671875,-0.113348,5.4762,0.4675,21.7689,-0.2123,0.113348,1,-0.1748
META,2025-10-31,646.6680908203125,-0.027188,3.131,0.4701,22.3028,-0.1918,0.027188,1,-0.0208
META,2025-11-03,636.0557861328125,-0.016411,1.7595,0.4701,22.3591,-0.1168,0.016411,0,0.0568
META,2025-11-04,625.6926879882812,-0.016293,1.4013,0.4716,21.8826,-0.0637,0.016293,0,0.1034
META,2025-11-05,634.30029296875,0.013757,1.0113,0.4748,21.4374,0.0634,0.013757,0,0.1297
META,2025-11-06,617.3344116210938,-0.026747,1.1504,0.4688,21.1885,0.0394,0.026747,0,0.1192
META,2025-11-07,620.0972290039062,0.004475,1.4134,0.4565,21.1662,0.1078,0.004475,0,0.1253
META,2025-11-10,630.1211547851562,0.016165,0.8874,0.4574,20.8576,0.1937,0.016165,0,0.1492
META,2025-11-11,625.4533081054688,-0.007408,0.6071,0.4571,20.2491,0.2024,0.007408,0,0.1514
META,2025-11-12,607.43017578125,-0.028816,1.0827,0.4588,20.3145,0.1582,0.028816,0,0.1275
META,2025-11-13,608.3079223632812,0.001445,0.9032,0.46,19.9072,0.1965,0.001445,0,0.1538
META,2025-11-14,607.8790283203125,-0.000705,0.8764,0.4577,19.8018,0.2244,0.000705,0,0.1484
META,2025-11-17,600.4483642578125,-0.012224,0.6868,0.4449,19.5479,0.2221,0.012224,0,0.154
META,2025-11-18,596.1395263671875,-0.007176,1.0234,0.4431,19.568,0.2315,0.007176,0,0.164
META,2025-11-19,588.7886352539062,-0.012331,0.9621,0.4416,19.3415,0.2274,0.012331,0,0.1602
META,2025-11-20,587.6217651367188,-0.001982,0.7847,0.4408,19.6249,0.2466,0.001982,0,0.1589
META,2025-11-21,592.7084350585938,0.008656,0.784,0.4423,19.3816,0.2889,0.008656,0,0.1653
META,2025-11-24,611.4596557617188,0.031637,0.8577,0.4572,19.5966,0.3978,0.031637,0,0.121
META,2025-11-25,634.569580078125,0.037795,0.8968,0.4863,19.9067,0.572,0.037795,0,0.1027
META,2025-11-26,631.9663696289062,-0.004102,0.5524,0.4856,18.9642,0.6666,0.004102,0,0.1575
META,2025-11-28,646.2691650390625,0.022632,0.4663,0.2983,18.6384,0.8894,0.022632,0,0.1273
META,2025-12-01,639.2075805664062,-0.010927,0.607,0.2848,18.033,0.8082,0.010927,0,0.1702
META,2025-12-02,645.4213256835938,0.009721,0.5707,0.2804,17.4431,0.8751,0.009721,0,0.1662
META,2025-12-03,637.9408569335938,-0.01159,0.5684,0.2771,17.0023,0.7595,0.01159,0,0.1706
META,2025-12-04,659.81396484375,0.034287,1.4885,0.2983,18.3882,0.9818,0.034287,0,0.0863
META,2025-12-05,671.673095703125,0.017973,1.0631,0.2826,18.0123,1.0165,0.017973,0,0.1408
META,2025-12-08,665.0702514648438,-0.00983,0.6887,0.2871,17.555,0.894,0.00983,0,0.1645
META,2025-12-09,655.2557983398438,-0.014757,0.6914,0.2902,17.26,0.7771,0.014757,0,0.1673
META,2025-12-10,648.4434814453125,-0.010396,0.8911,0.2917,16.9932,0.699,0.010396,0,0.1821
META,2025-12-11,651.016845703125,0.003969,0.7094,0.2681,16.811,0.7018,0.003969,0,0.1855
META,2025-12-12,642.558837890625,-0.012992,0.7762,0.2744,20.7675,0.6097,0.012992,0,0.1684
META,2025-12-15,646.3570556640625,0.005911,0.8736,0.2743,20.3037,0.6288,0.005911,0,0.1784
META,2025-12-16,655.9799194335938,0.014888,0.8089,0.2709,20.2324,0.6978,0.014888,0,0.1663
META,2025-12-17,648.343505859375,-0.011641,0.9072,0.2739,19.645,0.6057,0.011641,0,0.179
META,2025-12-18,663.266845703125,0.023018,1.1938,0.2741,19.7434,0.7436,0.023018,0,0.152
META,2025-12-19,657.5969848632812,-0.008548,2.7103,0.2777,19.2472,0.669,0.008548,0,0.0671
META,2025-12-22,660.3221435546875,0.004144,0.8618,0.2775,19.0796,0.713,0.004144,0,0.1812
META,2025-12-23,663.7559814453125,0.0052,0.4873,0.2599,18.2693,0.785,0.0052,0,0.1589
META,2025-12-24,666.361328125,0.003925,0.3424,0.2277,17.3908,0.815,0.003925,0,0.1461
META,2025-12-26,662.1089477539062,-0.006381,0.4449,0.2287,16.6926,0.6998,0.006381,0,0.163
META,2025-12-29,657.5171508789062,-0.006935,0.5348,0.2179,16.1348,0.5685,0.006935,0,0.1644
META,2025-12-30,664.7642211914062,0.011022,0.5846,0.2159,16.0077,0.7374,0.011022,0,0.1677
META,2025-12-31,658.9146118164062,-0.0088,0.5113,0.2172,15.3284,0.5593,0.0088,0,0.155
META,2026-01-02,649.2518310546875,-0.014665,0.8766,0.2199,15.723,0.2351,0.014665,0,0.164
META,2026-01-05,657.616943359375,0.012884,0.8266,0.1876,15.7971,0.51,0.012884,0,0.1671
META,2026-01-06,659.4436645507812,0.002778,0.7761,0.1755,15.6399,0.599,0.002778,0,0.1575
META,2026-01-07,647.534912109375,-0.018059,0.9012,0.1834,15.65,0.2011,0.018059,0,0.1441
META,2026-01-08,644.9096069335938,-0.004054,0.8395,0.1768,15.4569,0.1463,0.004054,0,0.1397
META,2026-01-09,651.8971557617188,0.010835,0.8349,0.1774,15.2156,0.376,0.010835,0,0.1572
META,2026-01-12,640.8268432617188,-0.016982,1.0552,0.187,15.0372,0.0513,0.016982,0,0.1387
META,2026-01-13,629.96630859375,-0.016948,1.2676,0.191,15.2586,-0.1553,0.016948,0,0.0949
META,2026-01-14,614.4240112304688,-0.024672,1.0917,0.2067,15.3288,-0.2474,0.024672,0,0.0722
META,2026-01-15,619.694580078125,0.008578,0.9234,0.2008,14.9426,-0.0292,0.008578,0,0.1364
META,2026-01-16,619.1455688476562,-0.000886,1.1954,0.1981,14.517,0.0372,0.000886,0,0.1236
META,2026-01-20,603.0443115234375,-0.026006,1.0853,0.1915,14.9239,-0.0703,0.026006,0,0.0897
META,2026-01-21,611.8685913085938,0.014633,1.1878,0.2027,15.1549,0.1027,0.014633,0,0.1432
META,2026-01-22,646.476806640625,0.056562,1.7129,0.2939,17.4671,0.5376,0.056562,0,0.0002
META,2026-01-23,657.5870361328125,0.017186,1.7264,0.3002,17.7909,0.6831,0.017186,0,0.1314
META,2026-01-26,671.1627197265625,0.020645,1.1883,0.309,17.698,0.8466,0.020645,0,0.1549
META,2026-01-27,671.7716674804688,0.000907,0.9465,0.308,17.3009,0.8384,0.000907,0,0.1564
META,2026-01-28,667.5391845703125,-0.0063,1.7244,0.3077,16.8908,0.7747,0.0063,0,0.1367
META,2026-01-29,736.995361328125,0.104048,3.4315,0.4782,21.0512,1.2589,0.104048,1,-0.1555
META,2026-01-30,715.2241821289062,-0.02954,1.3023,0.4919,21.3101,0.9893,0.02954,0,0.0699
META,2026-02-02,705.152099609375,-0.014082,0.7865,0.4916,21.0557,0.8674,0.014082,0,0.1378
META,2026-02-03,690.4683227539062,-0.020824,0.7502,0.4986,21.7328,0.7444,0.020824,0,0.1276
META,2026-02-04,667.798828125,-0.032832,0.9061,0.5144,21.9088,0.5839,0.032832,0,0.1026
META,2026-02-05,669.0166625976562,0.001824,0.909,0.5094,22.3403,0.5848,0.001824,0,0.1372
META,2026-02-06,660.2822265625,-0.013056,0.9479,0.5119,22.5621,0.5192,0.013056,0,0.1423
META,2026-02-09,676.0140991210938,0.023826,0.768,0.517,22.6995,0.6191,0.023826,0,0.1259
META,2026-02-10,669.525634765625,-0.009598,0.5474,0.514,21.8524,0.5649,0.009598,0,0.1347
META,2026-02-11,667.4993286132812,-0.003026,0.7572,0.5093,21.8723,0.5386,0.003026,0,0.1417
META,2026-02-12,648.6529541015625,-0.028234,0.7921,0.5121,22.5004,0.3884,0.028234,0,0.1115
META,2026-02-13,638.6307983398438,-0.015451,0.6544,0.5158,22.0954,0.301,0.015451,0,0.1342
META,2026-02-17,638.1516723632812,-0.00075,0.6802,0.5158,21.5011,0.2826,0.00075,0,0.1295
META,2026-02-18,642.0746459960938,0.006147,0.7873,0.5052,21.1667,0.277,0.006147,0,0.1505
META,2026-02-19,643.6318969726562,0.002425,0.5459,0.5035,20.4013,0.2555,0.002425,0,0.1279
META,2026-02-20,654.4925537109375,0.016874,0.7869,0.4658,20.696,0.3539,0.016874,0,0.1547
META,2026-02-23,636.1153564453125,-0.028079,0.497,0.4726,20.7649,0.1975,0.028079,0,0.1122
META,2026-02-24,638.1616821289062,0.003217,0.596,0.4659,20.1466,0.2401,0.003217,0,0.1504
META,2026-02-25,652.5260009765625,0.022509,0.6702,0.474,19.7471,0.3796,0.022509,0,0.1431
META,2026-02-26,655.8401489257812,0.005079,0.6586,0.474,19.2992,0.4149,0.005079,0,0.167
META,2026-02-27,647.0258178710938,-0.01344,1.126,0.27,19.2676,0.346,0.01344,0,0.1672
META,2026-03-02,652.396240234375,0.0083,0.7409,0.2601,19.7052,0.4283,0.0083,0,0.1705
META,2026-03-03,653.91357421875,0.002326,0.933,0.2586,19.738,0.4795,0.002326,0,0.1708
META,2026-03-04,666.541015625,0.019311,0.8318,0.2624,19.5894,0.7549,0.019311,0,0.1588
META,2026-03-05,659.393798828125,-0.010723,1.0407,0.2381,19.644,0.6226,0.010723,0,0.1722
META,2026-03-06,643.7117309570312,-0.023783,1.0427,0.2518,19.9849,0.3169,0.023783,0,0.1438
META,2026-03-09,646.2372436523438,0.003923,1.089,0.2489,20.0526,0.3854,0.003923,0,0.1626
META,2026-03-10,652.9053955078125,0.010318,0.8122,0.2353,19.5408,0.5632,0.010318,0,0.1745
META,2026-03-11,653.6939697265625,0.001208,0.7441,0.2336,18.9122,0.6143,0.001208,0,0.1652
META,2026-03-12,637.043701171875,-0.025471,0.9739,0.2491,18.8419,0.1707,0.025471,0,0.1438
META,2026-03-13,612.6171875,-0.038344,1.563,0.2652,19.5374,-0.2304,0.038344,0,0.0173
META,2026-03-16,626.8690185546875,0.023264,1.2336,0.2759,19.6808,0.1149,0.023264,0,0.129
META,2026-03-17,622.0834350585938,-0.007634,0.8516,0.277,19.3348,0.0689,0.007634,0,0.1618
META,2026-03-18,615.1099243164062,-0.01121,0.9766,0.2778,18.5282,0.0199,0.01121,0,0.1571
META,2026-03-19,606.1382446289062,-0.014585,1.0888,0.2807,18.1624,-0.0224,0.014585,0,0.1459
META,2026-03-20,593.1102905273438,-0.021493,1.6946,0.278,18.2531,-0.0726,0.021493,0,0.0953
META,2026-03-23,603.5006713867188,0.017518,1.0679,0.2744,18.0183,0.1083,0.017518,0,0.1519
META,2026-03-24,592.3709716796875,-0.018442,0.839,0.2792,17.6633,0.0512,0.018442,0,0.1598
META,2026-03-25,594.3391723632812,0.003323,0.9784,0.2632,17.1688,0.1228,0.003323,0,0.168
META,2026-03-26,547.032958984375,-0.079595,2.5339,0.3716,19.6205,-0.1497,0.079595,1,-0.0755
META,2026-03-27,525.233154296875,-0.039851,2.0302,0.3875,20.1658,-0.1332,0.039851,0,0.0216
META,2026-03-30,535.8833618164062,0.020277,1.4715,0.3972,19.7123,0.0226,0.020277,0,0.1239
META,2026-03-31,571.6002197265625,0.06665,1.9911,0.4796,20.9668,0.2646,0.06665,1,-0.023
META,2026-04-01,578.6936645507812,0.01241,1.3756,0.4754,20.9264,0.3275,0.01241,0,0.142
META,2026-04-02,573.9281005859375,-0.008235,0.7873,0.4752,20.8254,0.3174,0.008235,0,0.1629
META,2026-04-06,572.4894409179688,-0.002507,0.5601,0.4709,20.1078,0.3276,0.002507,0,0.1492
META,2026-04-07,574.5175170898438,0.003543,0.5705,0.4708,19.4187,0.36,0.003543,0,0.1526
META,2026-04-08,611.8529052734375,0.064986,1.7895,0.5312,21.9495,0.6467,0.064986,1,-0.0168
META,2026-04-09,627.8081665039062,0.026077,1.0331,0.5408,22.1714,0.7953,0.026077,0,0.1057
META,2026-04-10,629.2767333984375,0.002339,0.7191,0.5334,21.6047,0.8159,0.002339,0,0.1258
META,2026-04-13,633.9425048828125,0.007414,0.5294,0.5143,20.8179,0.8328,0.007414,0,0.1279
META,2026-04-14,661.8765258789062,0.044064,0.9816,0.5306,21.5953,0.9946,0.044064,0,0.0449
META,2026-04-15,670.9581909179688,0.013721,0.8134,0.5302,21.1953,0.9906,0.013721,0,0.1127
META,2026-04-16,676.2432250976562,0.007877,0.5224,0.5271,20.3828,0.9588,0.007877,0,0.1105
META,2026-04-17,687.9124145507812,0.017256,0.8838,0.5233,20.0965,0.9555,0.017256,0,0.1239
META,2026-04-20,670.2887573242188,-0.025619,0.6967,0.5265,20.1275,0.8243,0.025619,0,0.1084
META,2026-04-21,668.220703125,-0.003085,0.4881,0.5259,19.3228,0.7862,0.003085,0,0.1222
META,2026-04-22,674.09521484375,0.008791,0.5217,0.5182,18.6234,0.7851,0.008791,0,0.129
META,2026-04-23,658.5396728515625,-0.023076,0.6622,0.529,18.8396,0.6932,0.023076,0,0.115
META,2026-04-24,674.4049682617188,0.024092,0.8091,0.4252,19.4086,0.7437,0.024092,0,0.1444
META,2026-04-27,677.9916381835938,0.005318,0.8192,0.3818,18.8543,0.7441,0.005318,0,0.1793
META,2026-04-28,670.7183837890625,-0.010728,0.7061,0.3899,18.4346,0.6903,0.010728,0,0.1714
META,2026-04-29,668.5004272460938,-0.003307,1.3227,0.3338,17.8629,0.6584,0.003307,0,0.1576
META,2026-04-30,611.3433837890625,-0.0855,3.3433,0.4701,21.5195,0.2798,0.0855,1,-0.0841
META,2026-05-01,608.1863403320312,-0.005164,1.3231,0.4692,20.8937,0.2284,0.005164,0,0.1463
META,2026-05-04,609.8447875976562,0.002727,0.9814,0.4687,20.2041,0.1988,0.002727,0,0.1569
META,2026-05-05,604.3998413085938,-0.008928,1.0166,0.4708,19.7593,0.1065,0.008928,0,0.1519
META,2026-05-06,612.3125,0.013092,1.223,0.4126,19.9072,0.1745,0.013092,0,0.1464
META,2026-05-07,616.2388305664062,0.006412,0.7717,0.4021,19.3488,0.2192,0.006412,0,0.168
META,2026-05-08,609.0654907226562,-0.011641,0.8493,0.4038,18.7339,0.1783,0.011641,0,0.1618
META,2026-05-11,598.3054809570312,-0.017666,0.979,0.4064,18.22,0.1274,0.017666,0,0.1526
META,2026-05-12,602.441650390625,0.006913,0.7113,0.3696,17.7142,0.1939,0.006913,0,0.1641
META,2026-05-13,616.0590209960938,0.022604,0.9179,0.3766,18.1074,0.3153,0.022604,0,0.1543
META,2026-05-14,617.8573608398438,0.002919,0.6658,0.375,17.437,0.3473,0.002919,0,0.1649
META,2026-05-15,613.6612548828125,-0.006791,0.8375,0.3663,17.04,0.3343,0.006791,0,0.172
META,2026-05-18,610.64404296875,-0.004917,0.8657,0.3585,16.6721,0.3296,0.004917,0,0.1769
META,2026-05-19,602.052001953125,-0.01407,0.7314,0.3601,16.436,0.2809,0.01407,0,0.1612
META,2026-05-20,604.499755859375,0.004066,0.7007,0.3581,15.9892,0.3209,0.004066,0,0.1672
META,2026-05-21,606.8175659179688,0.003834,0.8288,0.3529,15.9026,0.3603,0.003834,0,0.1731
META,2026-05-22,609.6949462890625,0.004742,0.7225,0.339,15.3276,0.4072,0.004742,0,0.169
META,2026-05-26,611.7730102539062,0.003408,0.7576,0.3383,14.8872,0.4553,0.003408,0,0.1642
META,2026-05-27,634.6718139648438,0.03743,1.3796,0.3691,15.929,0.8535,0.03743,0,0.0721
META,2026-05-28,634.7017211914062,4.7e-05,1.0063,0.3692,15.7681,1.1156,4.7e-05,0,0.0854
META,2026-05-29,631.92431640625,-0.004376,1.3188,0.2006,15.4939,0.9624,0.004376,0,0.1426
META,2026-06-01,599.9139404296875,-0.050655,1.8914,0.2732,16.972,0.2099,0.050655,0,0.0271
META,2026-06-02,597.0765991210938,-0.00473,1.1769,0.2733,16.6303,0.1746,0.00473,0,0.1695
META,2026-06-03,622.4031372070312,0.042418,1.4569,0.3115,17.335,0.7159,0.042418,0,0.0706
META,2026-06-04,626.9888916015625,0.007368,1.3521,0.3093,17.5219,0.7895,0.007368,0,0.1591
META,2026-06-05,592.450927734375,-0.055085,1.7946,0.3676,19.5701,0.1107,0.055085,0,0.0296
META,2026-06-08,584.8479614257812,-0.012833,1.1434,0.368,19.1556,0.0355,0.012833,0,0.1475
META,2026-06-09,584.0487060546875,-0.001367,0.9918,0.3632,18.9734,0.065,0.001367,0,0.1464
META,2026-06-10,570.4512939453125,-0.023281,0.9805,0.3703,19.0968,-0.0477,0.023281,0,0.1222
META,2026-06-11,567.9036254882812,-0.004466,1.0043,0.3582,18.8146,0.0099,0.004466,0,0.15
META,2026-06-12,566.4549560546875,-0.002551,0.8077,0.3574,18.5532,0.0622,0.002551,0,0.1529
META,2026-06-15,593.47998046875,0.047709,0.9832,0.4016,19.7148,0.3921,0.047709,0,0.0627
META,2026-06-16,600.2100219726562,0.01134,0.6361,0.4038,19.293,0.4774,0.01134,0,0.1639
META,2026-06-17,567.5800170898438,-0.054364,1.1208,0.4449,20.345,0.1355,0.054364,0,0.0491
META,2026-06-18,577.219970703125,0.016984,1.5056,0.4498,20.1146,0.2636,0.016984,0,0.1299
NFLX,2024-07-19,63.33399963378906,-0.015085,2.7385,0.2112,1.8509,-0.0208,0.015085,1,-0.0011
NFLX,2024-07-22,64.75,0.022358,1.4417,0.2253,1.8969,0.2173,0.022358,0,0.0865
NFLX,2024-07-23,64.2760009765625,-0.00732,0.6945,0.2106,1.8091,0.1825,0.00732,0,0.1217
NFLX,2024-07-24,63.5989990234375,-0.010533,1.329,0.211,1.8233,0.1357,0.010533,0,0.1112
NFLX,2024-07-25,63.40900039672851,-0.002987,1.2215,0.2073,1.9084,0.1539,0.002987,0,0.1199
NFLX,2024-07-26,63.137001037597656,-0.00429,0.829,0.2015,1.8929,0.1588,0.00429,0,0.1317
NFLX,2024-07-29,62.69599914550781,-0.006985,0.6464,0.1985,1.8247,0.1484,0.006985,0,0.1144
NFLX,2024-07-30,62.257999420166016,-0.006986,0.9255,0.1987,1.8202,0.142,0.006986,0,0.1292
NFLX,2024-07-31,62.834999084472656,0.009268,0.8219,0.199,1.7621,0.235,0.009268,0,0.1264
NFLX,2024-08-01,62.48500061035156,-0.00557,0.9467,0.1968,1.8541,0.2213,0.00557,0,0.1311
NFLX,2024-08-02,61.36399841308594,-0.01794,0.8867,0.1925,1.8412,0.1154,0.01794,0,0.1034
NFLX,2024-08-05,59.85499954223633,-0.024591,0.9915,0.2038,1.9057,-0.0153,0.024591,0,0.0664
NFLX,2024-08-06,60.957000732421875,0.018411,1.037,0.2215,1.9436,0.133,0.018411,0,0.1152
NFLX,2024-08-07,61.14799880981445,0.003133,0.7605,0.2225,1.9668,0.1691,0.003133,0,0.14
NFLX,2024-08-08,63.03499984741211,0.03086,0.8007,0.2241,1.9756,0.4721,0.03086,0,0.0621
NFLX,2024-08-09,63.39400100708008,0.005695,0.4913,0.2242,1.9286,0.5408,0.005695,0,0.1254
NFLX,2024-08-12,63.31399917602539,-0.001262,0.5847,0.2175,1.8725,0.5506,0.001262,0,0.1154
NFLX,2024-08-13,64.802001953125,0.023502,0.6622,0.2352,1.8657,0.8361,0.023502,0,0.1004
NFLX,2024-08-14,66.16799926757812,0.02108,1.0072,0.2419,1.8422,1.0256,0.02108,0,0.0995
NFLX,2024-08-15,66.3219985961914,0.002327,0.8521,0.24,1.8043,0.9852,0.002327,0,0.1181
NFLX,2024-08-16,67.40699768066406,0.01636,1.017,0.2368,1.7965,1.0358,0.01636,0,0.1127
NFLX,2024-08-19,68.85299682617188,0.021452,0.9025,0.2359,1.7813,1.0907,0.021452,0,0.0831
NFLX,2024-08-20,69.85399627685547,0.014538,1.3913,0.2358,1.8205,1.0687,0.014538,0,0.0857
NFLX,2024-08-21,69.71199798583984,-0.002033,0.6719,0.2305,1.7568,0.9717,0.002033,0,0.1087
NFLX,2024-08-22,68.89600372314453,-0.011705,0.8435,0.2364,1.7397,0.8577,0.011705,0,0.1339
NFLX,2024-08-23,68.6729965209961,-0.003237,0.7364,0.2359,1.74,0.8057,0.003237,0,0.1405
NFLX,2024-08-26,68.84400177001953,0.00249,0.4306,0.2323,1.6777,0.7872,0.00249,0,0.1095
NFLX,2024-08-27,69.5719985961914,0.010575,1.0117,0.2288,1.7086,0.8068,0.010575,0,0.1435
NFLX,2024-08-28,68.38400268554688,-0.017076,0.7858,0.242,1.7268,0.6992,0.017076,0,0.1278
NFLX,2024-08-29,69.24800109863281,0.012635,0.725,0.2408,1.7172,0.7372,0.012635,0,0.1437
NFLX,2024-08-30,70.13500213623047,0.012809,1.0876,0.2257,1.6918,0.7749,0.012809,0,0.1377
NFLX,2024-09-03,67.53199768066406,-0.037114,1.0681,0.2517,1.8081,0.56,0.037114,0,0.0371
NFLX,2024-09-04,67.96800231933594,0.006456,0.6302,0.2475,1.7608,0.5753,0.006456,0,0.1399
NFLX,2024-09-05,68.36199951171875,0.005797,0.6549,0.2474,1.7451,0.5922,0.005797,0,0.146
NFLX,2024-09-06,66.5770034790039,-0.026111,1.088,0.2531,1.7729,0.3616,0.026111,0,0.0871
NFLX,2024-09-09,67.54199981689453,0.014494,0.9636,0.2564,1.7729,0.448,0.014494,0,0.1321
NFLX,2024-09-10,67.36199951171875,-0.002665,0.7501,0.2567,1.7515,0.3664,0.002665,0,0.1236
NFLX,2024-09-11,68.14700317382812,0.011654,0.8668,0.2476,1.7853,0.4719,0.011654,0,0.1395
NFLX,2024-09-12,68.68000030517578,0.007821,0.9607,0.2388,1.7531,0.5655,0.007821,0,0.1489
NFLX,2024-09-13,69.70600128173828,0.014939,0.8619,0.2432,1.7684,0.7913,0.014939,0,0.1415
NFLX,2024-09-16,69.6500015258789,-0.000803,0.7208,0.2379,1.7446,0.7512,0.000803,0,0.1317
NFLX,2024-09-17,70.69100189208984,0.014946,0.9114,0.2318,1.699,0.9514,0.014946,0,0.1297
NFLX,2024-09-18,69.0469970703125,-0.023256,1.2279,0.242,1.7175,0.5752,0.023256,0,0.0984
NFLX,2024-09-19,70.43199920654297,0.020059,1.6712,0.2526,1.7752,0.8844,0.020059,0,0.073
NFLX,2024-09-20,70.10299682617188,-0.004671,1.5415,0.2493,1.722,0.7836,0.004671,0,0.0984
NFLX,2024-09-23,70.53700256347656,0.006191,1.2227,0.2494,1.6923,0.8409,0.006191,0,0.1253
NFLX,2024-09-24,72.22599792480469,0.023945,1.2977,0.2619,1.6999,1.0622,0.023945,0,0.0577
NFLX,2024-09-25,72.15599822998047,-0.000969,0.8362,0.2604,1.6418,0.9729,0.000969,0,0.0958
NFLX,2024-09-26,71.14299774169922,-0.014039,1.0406,0.2577,1.693,0.7794,0.014039,0,0.1243
NFLX,2024-09-27,70.73500061035156,-0.005735,0.8766,0.256,1.6445,0.7001,0.005735,0,0.1339
NFLX,2024-09-30,70.927001953125,0.002714,0.644,0.2524,1.5866,0.7199,0.002714,0,0.1248
NFLX,2024-10-01,70.61299896240234,-0.004427,1.0666,0.2107,1.6104,0.6534,0.004427,0,0.1167
NFLX,2024-10-02,71.10900115966797,0.007024,0.6669,0.2108,1.5775,0.7086,0.007024,0,0.1176
NFLX,2024-10-03,70.68000030517578,-0.006033,0.8487,0.2124,1.5439,0.6246,0.006033,0,0.1168
NFLX,2024-10-04,71.97000122070312,0.018251,0.8506,0.1927,1.5351,0.818,0.018251,0,0.0762
NFLX,2024-10-07,70.19200134277344,-0.024705,1.266,0.2134,1.5918,0.4777,0.024705,0,0.0639
NFLX,2024-10-08,72.1760025024414,0.028265,1.1762,0.2319,1.6436,0.8602,0.028265,0,0.072
NFLX,2024-10-09,72.74299621582031,0.007856,0.7367,0.2305,1.5955,0.9536,0.007856,0,0.1127
NFLX,2024-10-10,73.02899932861328,0.003932,1.0257,0.2299,1.5625,0.9721,0.003932,0,0.1032
NFLX,2024-10-11,72.27899932861328,-0.01027,0.8517,0.2302,1.5564,0.7704,0.01027,0,0.1301
NFLX,2024-10-14,71.30000305175781,-0.013545,1.0181,0.2366,1.5546,0.5236,0.013545,0,0.1165
NFLX,2024-10-15,70.5979995727539,-0.009846,1.0553,0.2339,1.5408,0.3518,0.009846,0,0.1197
NFLX,2024-10-16,70.19999694824219,-0.005638,0.9055,0.2185,1.4889,0.2108,0.005638,0,0.1164
NFLX,2024-10-17,68.76499938964844,-0.020442,2.986,0.2187,1.5722,-0.0693,0.020442,1,-0.0424
NFLX,2024-10-18,76.38899993896484,0.11087,4.4517,0.4529,2.0224,1.2931,0.11087,1,-0.2387
NFLX,2024-10-21,77.20700073242188,0.010708,1.6239,0.4534,1.9951,1.178,0.010708,0,0.0077
NFLX,2024-10-22,76.42400360107422,-0.010142,0.8071,0.4505,1.9307,0.9909,0.010142,0,0.0838
NFLX,2024-10-23,74.92900085449219,-0.019562,0.993,0.4576,1.9355,0.7961,0.019562,0,0.0786
NFLX,2024-10-24,75.45500183105469,0.00702,0.7018,0.4537,1.8655,0.8162,0.00702,0,0.1107
NFLX,2024-10-25,75.46800231933594,0.000172,0.7445,0.4527,1.8391,0.786,0.000172,0,0.0955
NFLX,2024-10-28,74.91200256347656,-0.007367,0.7445,0.4543,1.7848,0.7087,0.007367,0,0.1107
NFLX,2024-10-29,75.94400024414062,0.013776,0.9417,0.4549,1.7707,0.7811,0.013776,0,0.1018
NFLX,2024-10-30,75.3740005493164,-0.007506,0.4432,0.4566,1.6978,0.7037,0.007506,0,0.0786
NFLX,2024-10-31,75.60299682617188,0.003038,0.7789,0.4552,1.6376,0.7043,0.003038,0,0.1
NFLX,2024-11-01,75.61000061035156,9.3e-05,0.756,0.4521,1.6351,0.6861,9.3e-05,0,0.0847
NFLX,2024-11-04,75.5510025024414,-0.00078,0.4889,0.4406,1.6097,0.6609,0.00078,0,0.0684
NFLX,2024-11-05,76.39099884033203,0.011118,0.5728,0.4322,1.5805,0.7246,0.011118,0,0.0878
NFLX,2024-11-06,78.02100372314453,0.021338,0.9398,0.4368,1.6399,0.8485,0.021338,0,0.0764
NFLX,2024-11-07,79.65399932861328,0.02093,0.8335,0.441,1.6533,0.9379,0.02093,0,0.0668
NFLX,2024-11-08,79.50399780273438,-0.001883,0.4857,0.4382,1.6096,0.8752,0.001883,0,0.0697
NFLX,2024-11-11,80.54399871826172,0.013081,0.613,0.4333,1.5787,0.9128,0.013081,0,0.081
NFLX,2024-11-12,81.94999694824219,0.017456,0.7201,0.4306,1.5847,0.9717,0.017456,0,0.0718
NFLX,2024-11-13,83.0469970703125,0.013386,0.7057,0.428,1.5964,1.0051,0.013386,0,0.0729
NFLX,2024-11-14,83.72599792480469,0.008176,0.8376,0.4139,1.5608,1.0453,0.008176,0,0.0678
NFLX,2024-11-15,82.39600372314453,-0.015885,1.2195,0.1877,1.5977,0.8764,0.015885,0,0.0674
NFLX,2024-11-18,84.70500183105469,0.028023,1.4008,0.2053,1.7631,0.9803,0.028023,0,0.0501
NFLX,2024-11-19,87.13200378417969,0.028652,1.2908,0.2141,1.8895,1.0397,0.028652,0,0.0479
NFLX,2024-11-20,88.38500213623047,0.01438,1.3774,0.1916,1.9131,1.0184,0.01438,0,0.0809
NFLX,2024-11-21,89.74800109863281,0.015421,1.4716,0.1932,1.9962,1.0023,0.015421,0,0.0752
NFLX,2024-11-22,89.77899932861328,0.000345,1.0417,0.1931,1.9465,0.937,0.000345,0,0.0889
NFLX,2024-11-25,86.55899810791016,-0.035866,1.8546,0.2444,2.0777,0.7527,0.035866,0,0.0053
NFLX,2024-11-26,87.26000213623047,0.008099,0.9756,0.2432,2.0777,0.7604,0.008099,0,0.1558
NFLX,2024-11-27,87.73400115966797,0.005432,0.791,0.2372,2.0867,0.7586,0.005432,0,0.1599
NFLX,2024-11-29,88.68099975585938,0.010794,0.6319,0.2368,2.05,0.7805,0.010794,0,0.1472
NFLX,2024-12-02,89.77400207519531,0.012325,0.7518,0.2353,2.0337,0.8107,0.012325,0,0.1503
NFLX,2024-12-03,90.21700286865234,0.004935,0.7499,0.2331,1.9931,0.8126,0.004935,0,0.1532
NFLX,2024-12-04,91.1060028076172,0.009854,0.8334,0.233,1.9788,0.8411,0.009854,0,0.152
NFLX,2024-12-05,91.78700256347656,0.007475,0.8904,0.2283,1.9513,0.8552,0.007475,0,0.1523
NFLX,2024-12-06,93.4739990234375,0.018379,0.9331,0.2266,1.973,0.9176,0.018379,0,0.1277
NFLX,2024-12-09,91.36900329589844,-0.02252,1.0342,0.2494,2.0618,0.766,0.02252,0,0.1172
NFLX,2024-12-10,91.33499908447266,-0.000372,0.7375,0.2497,2.0095,0.7464,0.000372,0,0.1354
NFLX,2024-12-11,93.65599822998048,0.025412,1.0698,0.2559,2.0688,0.8855,0.025412,0,0.1034
NFLX,2024-12-12,92.55500030517578,-0.011756,0.7629,0.2628,2.0208,0.7792,0.011756,0,0.1399
NFLX,2024-12-13,91.88700103759766,-0.007217,0.7692,0.2664,1.9903,0.7068,0.007217,0,0.1486
NFLX,2024-12-16,92.10800170898438,0.002405,0.8408,0.2553,1.92,0.7196,0.002405,0,0.148
NFLX,2024-12-17,91.91300201416016,-0.002117,0.7933,0.2424,1.8688,0.6859,0.002117,0,0.1423
NFLX,2024-12-18,88.95500183105469,-0.032183,0.9612,0.2568,1.9916,0.3204,0.032183,0,0.0716
NFLX,2024-12-19,90.2040023803711,0.014041,0.9408,0.2566,2.0141,0.4619,0.014041,0,0.1412
NFLX,2024-12-20,90.90499877929688,0.007771,1.5133,0.2523,2.0805,0.5434,0.007771,0,0.1192
NFLX,2024-12-23,91.1449966430664,0.00264,0.793,0.2524,2.0455,0.5654,0.00264,0,0.1503
NFLX,2024-12-24,93.21199798583984,0.022678,0.8391,0.2232,2.0736,0.8132,0.022678,0,0.1152
NFLX,2024-12-26,92.41400146484376,-0.008561,0.8587,0.2268,2.0457,0.6871,0.008561,0,0.1522
NFLX,2024-12-27,90.75499725341795,-0.017952,1.1699,0.2383,2.1113,0.3876,0.017952,0,0.1278
NFLX,2024-12-30,90.04299926757812,-0.007845,0.7963,0.2382,2.0927,0.2231,0.007845,0,0.1557
NFLX,2024-12-31,89.13200378417969,-0.010117,0.6844,0.2372,2.0376,0.0668,0.010117,0,0.1255
NFLX,2025-01-02,88.6729965209961,-0.00515,0.845,0.237,2.0462,0.0346,0.00515,0,0.1344
NFLX,2025-01-03,88.1050033569336,-0.006405,1.0789,0.2343,2.0353,0.0194,0.006405,0,0.1257
NFLX,2025-01-06,88.17900085449219,0.00084,1.2431,0.2321,2.041,0.0914,0.00084,0,0.1193
NFLX,2025-01-07,87.91899871826172,-0.002949,0.9579,0.2194,2.0301,0.1004,0.002949,0,0.1429
NFLX,2025-01-08,87.5,-0.004766,0.8645,0.2071,1.9795,0.0988,0.004766,0,0.1345
NFLX,2025-01-10,83.76899719238281,-0.04264,1.6932,0.252,2.1281,-0.1634,0.04264,1,-0.0379
NFLX,2025-01-13,84.02899932861328,0.003104,1.0752,0.2285,2.1042,-0.0382,0.003104,0,0.1118
NFLX,2025-01-14,82.83999633789062,-0.01415,1.0694,0.2296,2.1065,-0.0397,0.01415,0,0.1176
NFLX,2025-01-15,84.82599639892578,0.023974,1.1065,0.252,2.1164,0.1684,0.023974,0,0.0956
NFLX,2025-01-16,84.23699951171875,-0.006944,1.3689,0.2511,2.1578,0.1593,0.006944,0,0.131
NFLX,2025-01-17,85.80999755859375,0.018673,1.2055,0.264,2.1653,0.3079,0.018673,0,0.1175
NFLX,2025-01-21,86.96800231933594,0.013495,2.9438,0.247,2.451,0.412,0.013495,0,0.0145
NFLX,2025-01-22,95.39900207519533,0.096944,3.6417,0.4251,3.1996,1.0195,0.096944,1,-0.182
NFLX,2025-01-23,98.48600006103516,0.032359,1.8998,0.4374,3.1932,1.1012,0.032359,1,-0.0201
NFLX,2025-01-24,97.75900268554688,-0.007382,1.0857,0.4394,3.098,0.9828,0.007382,0,0.1027
NFLX,2025-01-27,97.18900299072266,-0.005831,1.076,0.4348,3.0339,0.9153,0.005831,0,0.1194
NFLX,2025-01-28,97.18299865722656,-6.2e-05,0.7874,0.433,2.9646,0.8806,6.2e-05,0,0.1271
NFLX,2025-01-29,97.81500244140624,0.006503,0.6742,0.4261,2.8915,0.8703,0.006503,0,0.1446
NFLX,2025-01-30,97.3239974975586,-0.00502,0.8731,0.4252,2.8605,0.8159,0.00502,0,0.1443
NFLX,2025-01-31,97.6760025024414,0.003617,0.8004,0.4218,2.778,0.8001,0.003617,0,0.1531
NFLX,2025-02-03,97.8939971923828,0.002232,0.8118,0.4203,2.746,0.7803,0.002232,0,0.1526
NFLX,2025-02-04,99.48699951171876,0.016273,1.2661,0.4196,2.7605,0.8102,0.016273,0,0.1291
NFLX,2025-02-05,101.11100006103516,0.016324,0.8379,0.4205,2.743,0.8338,0.016324,0,0.1397
NFLX,2025-02-06,101.56800079345705,0.00452,0.6543,0.4189,2.6452,0.8144,0.00452,0,0.1466
NFLX,2025-02-07,101.39299774169922,-0.001723,0.6647,0.4179,2.6141,0.7778,0.001723,0,0.1411
NFLX,2025-02-10,102.76000213623048,0.013482,0.6929,0.3733,2.5625,0.798,0.013482,0,0.14
NFLX,2025-02-11,100.80799865722656,-0.018996,0.698,0.3871,2.5555,0.7065,0.018996,0,0.1224
NFLX,2025-02-12,102.7310028076172,0.019076,0.7074,0.3781,2.5829,0.7634,0.019076,0,0.1299
NFLX,2025-02-13,104.36900329589844,0.015945,0.7233,0.3756,2.5476,0.8124,0.015945,0,0.1372
NFLX,2025-02-14,105.86000061035156,0.014286,0.6606,0.3699,2.5286,0.8725,0.014286,0,0.1274
NFLX,2025-02-18,103.58499908447266,-0.021491,0.8826,0.387,2.6212,0.7586,0.021491,0,0.1215
NFLX,2025-02-19,104.33300018310548,0.007221,0.587,0.3868,2.5803,0.8407,0.007221,0,0.1377
NFLX,2025-02-20,102.4540023803711,-0.01801,0.8038,0.2218,2.6061,0.6655,0.01801,0,0.1486
NFLX,2025-02-21,100.31500244140624,-0.020878,1.0185,0.2107,2.6556,0.467,0.020878,0,0.1291
NFLX,2025-02-24,98.84700012207033,-0.014634,1.2078,0.216,2.6851,0.3267,0.014634,0,0.147
NFLX,2025-02-25,97.7239990234375,-0.011361,1.2912,0.2191,2.7747,0.2176,0.011361,0,0.147
NFLX,2025-02-26,99.00599670410156,0.013119,0.9262,0.2237,2.7479,0.3218,0.013119,0,0.1634
NFLX,2025-02-27,96.30699920654295,-0.027261,1.0153,0.2439,2.8295,0.0865,0.027261,0,0.1208
NFLX,2025-02-28,98.05599975585938,0.018161,1.2572,0.2522,2.7995,0.2406,0.018161,0,0.1381
NFLX,2025-03-03,97.37000274658205,-0.006996,1.0373,0.2533,2.8147,0.18,0.006996,0,0.1609
NFLX,2025-03-04,97.25800323486328,-0.00115,1.1559,0.2531,2.8858,0.1773,0.00115,0,0.1393
NFLX,2025-03-05,99.09200286865234,0.018857,1.0318,0.2555,2.8662,0.3484,0.018857,0,0.1439
NFLX,2025-03-06,90.63600158691406,-0.085335,2.022,0.389,3.3181,-0.177,0.085335,1,-0.1222
NFLX,2025-03-07,89.11100006103516,-0.016826,1.8809,0.3893,3.426,-0.1092,0.016826,0,0.0199
NFLX,2025-03-10,86.66799926757812,-0.027415,1.6257,0.396,3.4428,-0.0913,0.027415,0,0.0428
NFLX,2025-03-11,89.51000213623047,0.032792,1.6413,0.415,3.516,0.1029,0.032792,0,0.0293
NFLX,2025-03-12,91.96800231933594,0.027461,1.4656,0.4291,3.494,0.2417,0.027461,0,0.0744
NFLX,2025-03-13,89.01699829101562,-0.032087,1.0496,0.4307,3.49,0.1527,0.032087,0,0.0803
NFLX,2025-03-14,91.8000030517578,0.031264,1.072,0.4446,3.4512,0.2943,0.031264,0,0.0728
NFLX,2025-03-17,95.0019989013672,0.03488,1.4874,0.4627,3.5591,0.4567,0.03488,0,0.0306
NFLX,2025-03-18,92.9980010986328,-0.021094,1.1645,0.4625,3.5458,0.379,0.021094,0,0.0895
NFLX,2025-03-19,95.9489974975586,0.031732,1.2422,0.479,3.6068,0.556,0.031732,0,0.0512
NFLX,2025-03-20,95.08399963378906,-0.009015,0.8223,0.4765,3.5027,0.5306,0.009015,0,0.107
NFLX,2025-03-21,96.02899932861328,0.009939,1.066,0.4739,3.4147,0.6073,0.009939,0,0.1123
NFLX,2025-03-24,97.1989974975586,0.012184,0.8425,0.4738,3.3526,0.6925,0.012184,0,0.1188
NFLX,2025-03-25,99.72799682617188,0.026019,0.6871,0.4809,3.3039,0.8423,0.026019,0,0.0699
NFLX,2025-03-26,97.06500244140624,-0.026703,0.6401,0.4888,3.289,0.6824,0.026703,0,0.0683
NFLX,2025-03-27,97.6719970703125,0.006253,0.5566,0.4789,3.2157,0.715,0.006253,0,0.11
NFLX,2025-03-28,93.38500213623048,-0.043892,0.81,0.4998,3.3253,0.4506,0.043892,0,0.0048
NFLX,2025-03-31,93.25299835205078,-0.001414,0.8431,0.4995,3.3298,0.4546,0.001414,0,0.1053
NFLX,2025-04-01,92.83799743652344,-0.00445,0.6455,0.4996,3.2422,0.4401,0.00445,0,0.1018
NFLX,2025-04-02,93.552001953125,0.007691,0.6003,0.495,3.2495,0.5096,0.007691,0,0.1048
NFLX,2025-04-03,91.70500183105467,-0.019743,1.1011,0.3936,3.3468,0.3671,0.019743,0,0.1105
NFLX,2025-04-04,85.58599853515625,-0.066725,1.2879,0.4579,3.559,-0.028,0.066725,1,-0.0594
NFLX,2025-04-07,86.78299713134766,0.013986,1.265,0.4505,3.9165,0.0522,0.013986,0,0.0631
NFLX,2025-04-08,87.04000091552734,0.002961,1.0874,0.4343,4.099,0.0975,0.002961,0,0.0611
NFLX,2025-04-09,94.5469970703125,0.086248,1.4405,0.5259,4.4993,0.5809,0.086248,1,-0.1335
NFLX,2025-04-10,92.11699676513672,-0.025702,0.9843,0.5209,4.5456,0.4086,0.025702,1,-0.0089
NFLX,2025-04-11,91.8290023803711,-0.003126,0.7902,0.5097,4.4936,0.389,0.003126,0,0.012
NFLX,2025-04-14,93.12799835205078,0.014146,0.8105,0.4962,4.3919,0.4832,0.014146,0,0.0426
NFLX,2025-04-15,97.62799835205078,0.048321,1.5226,0.5188,4.5222,0.765,0.048321,1,-0.0702
NFLX,2025-04-16,96.16300201416016,-0.015006,1.2048,0.5108,4.4281,0.6675,0.015006,0,0.0222
NFLX,2025-04-17,97.3030014038086,0.011855,1.692,0.511,4.3168,0.7305,0.011855,0,0.0157
NFLX,2025-04-21,98.79100036621094,0.015292,1.7937,0.5125,4.3368,0.807,0.015292,0,0.0004
NFLX,2025-04-22,104.03399658203124,0.053072,1.6482,0.543,4.5775,1.0384,0.053072,1,-0.1102
NFLX,2025-04-23,104.95899963378906,0.008891,1.1122,0.5371,4.4594,1.0221,0.008891,0,0.0
NFLX,2025-04-24,109.68699645996094,0.045046,1.0705,0.5447,4.5265,1.1024,0.045046,1,-0.0944
NFLX,2025-04-25,110.15299987792967,0.004248,0.6576,0.5447,4.316,1.0217,0.004248,0,0.0067
NFLX,2025-04-28,111.03800201416016,0.008034,0.6409,0.5111,4.2319,0.9695,0.008034,0,0.0396
NFLX,2025-04-29,112.56400299072266,0.013743,0.6365,0.5097,4.1605,0.9452,0.013743,0,0.0386
NFLX,2025-04-30,113.1719970703125,0.005401,0.7145,0.5072,4.0925,0.904,0.005401,0,0.0608
NFLX,2025-05-01,113.34700012207033,0.001546,0.5848,0.5081,4.0187,0.8618,0.001546,0,0.0497
NFLX,2025-05-02,115.64900207519533,0.020309,0.642,0.4967,3.9182,0.8731,0.020309,0,0.0464
NFLX,2025-05-05,113.40599822998048,-0.019395,0.9725,0.4194,3.9918,0.7905,0.019395,0,0.0596
NFLX,2025-05-06,113.7689971923828,0.003201,0.5761,0.4213,3.8585,0.776,0.003201,0,0.0779
NFLX,2025-05-07,115.54100036621094,0.015575,0.7783,0.4193,3.7708,0.8011,0.015575,0,0.0969
NFLX,2025-05-08,114.44300079345705,-0.009503,0.6962,0.3307,3.6664,0.7448,0.009503,0,0.0971
NFLX,2025-05-09,114.02200317382812,-0.003679,0.4872,0.3078,3.5315,0.7126,0.003679,0,0.0953
NFLX,2025-05-12,111.0,-0.026504,1.2011,0.3321,3.5456,0.6012,0.026504,0,0.0757
NFLX,2025-05-13,113.84400177001952,0.025622,0.7414,0.3366,3.5894,0.6809,0.025622,0,0.0766
NFLX,2025-05-14,115.0989990234375,0.011024,0.7516,0.3053,3.508,0.7091,0.011024,0,0.1265
NFLX,2025-05-15,117.7979965209961,0.023449,0.8715,0.2966,3.5442,0.8073,0.023449,0,0.0886
NFLX,2025-05-16,119.15299987792967,0.011503,0.9565,0.2965,3.4233,0.8676,0.011503,0,0.1195
NFLX,2025-05-19,119.16400146484376,9.2e-05,0.6249,0.2981,3.3212,0.8862,9.2e-05,0,0.0975
NFLX,2025-05-20,119.2020034790039,0.000319,0.5074,0.2511,3.1838,0.8786,0.000319,0,0.1023
NFLX,2025-05-21,119.46299743652344,0.00219,0.7387,0.2515,3.133,0.8978,0.00219,0,0.1323
NFLX,2025-05-22,118.7969970703125,-0.005575,0.4894,0.2097,2.9916,0.8157,0.005575,0,0.1236
NFLX,2025-05-23,118.53900146484376,-0.002172,0.5885,0.2108,2.8637,0.7712,0.002172,0,0.1456
NFLX,2025-05-27,121.15699768066406,0.022086,0.7958,0.2203,2.8476,0.9453,0.022086,0,0.113
NFLX,2025-05-28,120.8550033569336,-0.002493,0.5193,0.2187,2.7148,0.8737,0.002493,0,0.1342
NFLX,2025-05-29,118.48600006103516,-0.019602,0.9362,0.2336,2.7546,0.6575,0.019602,0,0.1452
NFLX,2025-05-30,120.7229995727539,0.01888,1.31,0.2407,2.7784,0.8135,0.01888,0,0.1327
NFLX,2025-06-02,121.89800262451172,0.009733,0.6534,0.2336,2.7453,0.8649,0.009733,0,0.1572
NFLX,2025-06-03,121.79399871826172,-0.000853,0.7064,0.2192,2.6806,0.8221,0.000853,0,0.1495
NFLX,2025-06-04,123.96600341796876,0.017833,0.7146,0.2248,2.665,0.934,0.017833,0,0.1264
NFLX,2025-06-05,125.052001953125,0.00876,0.8736,0.2216,2.6569,0.9446,0.00876,0,0.1455
NFLX,2025-06-06,124.14700317382812,-0.007237,0.808,0.2199,2.6418,0.8424,0.007237,0,0.158
NFLX,2025-06-09,122.4459991455078,-0.013702,0.7613,0.2274,2.5952,0.7037,0.013702,0,0.1565
NFLX,2025-06-10,120.36199951171876,-0.01702,1.458,0.2127,2.7449,0.5237,0.01702,0,0.1207
NFLX,2025-06-11,121.98799896240234,0.013509,0.8009,0.2005,2.7794,0.6542,0.013509,0,0.152
NFLX,2025-06-12,121.50299835205078,-0.003976,0.723,0.2002,2.7098,0.5828,0.003976,0,0.1528
NFLX,2025-06-13,121.21499633789062,-0.00237,0.7978,0.1852,2.65,0.5286,0.00237,0,0.1435
NFLX,2025-06-16,122.53500366210938,0.01089,0.7999,0.1848,2.5614,0.6805,0.01089,0,0.1427
NFLX,2025-06-17,122.06700134277344,-0.003819,0.7297,0.1857,2.4947,0.6025,0.003819,0,0.1381
NFLX,2025-06-18,122.22899627685548,0.001327,0.8771,0.1857,2.4701,0.6073,0.001327,0,0.1348
NFLX,2025-06-20,123.14099884033205,0.007461,1.9669,0.1869,2.4808,0.7123,0.007461,0,0.0621
NFLX,2025-06-23,125.35399627685548,0.017971,0.9666,0.1936,2.5881,0.9663,0.017971,0,0.1077
NFLX,2025-06-24,127.91100311279295,0.020398,0.9569,0.2023,2.6106,1.1601,0.020398,0,0.0684
NFLX,2025-06-25,127.5250015258789,-0.003018,0.7821,0.1917,2.5969,1.0099,0.003018,0,0.1048
NFLX,2025-06-26,130.66700744628906,0.024638,0.9367,0.2058,2.6407,1.1434,0.024638,0,0.0585
NFLX,2025-06-27,132.31199645996094,0.012589,1.4433,0.1877,2.6688,1.133,0.012589,0,0.0576
NFLX,2025-06-30,133.91299438476562,0.0121,1.1938,0.1829,2.6206,1.0979,0.0121,0,0.088
NFLX,2025-07-01,129.36000061035156,-0.034,1.731,0.2288,2.8399,0.7757,0.034,0,0.0381
NFLX,2025-07-02,128.48599243164062,-0.006756,1.0444,0.2311,2.8397,0.6997,0.006756,0,0.1613
NFLX,2025-07-03,129.71800231933594,0.009589,0.6915,0.2258,2.7975,0.7525,0.009589,0,0.16
NFLX,2025-07-07,128.96200561523438,-0.005828,0.7911,0.2262,2.7489,0.6911,0.005828,0,0.1668
NFLX,2025-07-08,127.53099822998048,-0.011096,1.131,0.2286,2.79,0.5947,0.011096,0,0.1554
NFLX,2025-07-09,128.8280029296875,0.01017,0.8194,0.2233,2.7482,0.6551,0.01017,0,0.1675
NFLX,2025-07-10,125.05899810791016,-0.029256,1.4594,0.2411,2.8633,0.4061,0.029256,0,0.0993
NFLX,2025-07-11,124.51100158691406,-0.004382,1.329,0.2381,2.8709,0.3584,0.004382,0,0.1422
NFLX,2025-07-14,126.19499969482422,0.013525,0.9232,0.2412,2.8836,0.4523,0.013525,0,0.1635
NFLX,2025-07-15,126.0270004272461,-0.001331,0.921,0.241,2.8775,0.4179,0.001331,0,0.159
NFLX,2025-07-16,125.03099822998048,-0.007903,1.0417,0.2411,2.8233,0.3262,0.007903,0,0.166
NFLX,2025-07-17,127.41699981689452,0.019083,1.9449,0.2485,2.8552,0.4922,0.019083,0,0.0849
NFLX,2025-07-18,120.92400360107422,-0.050959,2.8536,0.3122,3.1738,-0.0304,0.050959,1,-0.0671
NFLX,2025-07-21,123.3270034790039,0.019872,1.4962,0.3194,3.2264,0.1628,0.019872,0,0.0998
NFLX,2025-07-22,119.00800323486328,-0.035021,1.3046,0.3354,3.3229,-0.0685,0.035021,0,0.0442
NFLX,2025-07-23,117.6780014038086,-0.011176,1.1337,0.3256,3.2214,-0.0397,0.011176,0,0.1022
NFLX,2025-07-24,118.07599639892578,0.003382,0.9477,0.3266,3.1401,0.0567,0.003382,0,0.126
NFLX,2025-07-25,118.04900360107422,-0.000229,0.6477,0.3095,3.0083,0.108,0.000229,0,0.1187
NFLX,2025-07-28,117.45999908447266,-0.004989,0.8558,0.3026,3.0024,0.1195,0.004989,0,0.1471
NFLX,2025-07-29,116.8740005493164,-0.004989,0.6879,0.2952,2.9044,0.1175,0.004989,0,0.1438
NFLX,2025-07-30,118.41999816894533,0.013228,0.7498,0.2845,2.8309,0.2293,0.013228,0,0.1567
NFLX,2025-07-31,115.94000244140624,-0.020942,0.9445,0.2905,2.8591,0.1378,0.020942,0,0.1295
NFLX,2025-08-01,115.86000061035156,-0.00069,0.9666,0.286,2.8382,0.1661,0.00069,0,0.1451
NFLX,2025-08-04,117.0989990234375,0.010694,0.5578,0.2916,2.7669,0.2556,0.010694,0,0.1411
NFLX,2025-08-05,114.78700256347656,-0.019744,0.6665,0.2958,2.7621,0.1618,0.019744,0,0.1279
NFLX,2025-08-06,117.8479995727539,0.026667,0.832,0.3124,2.8042,0.3514,0.026667,0,0.109
NFLX,2025-08-07,118.03700256347656,0.001604,0.6635,0.2985,2.7683,0.3805,0.001604,0,0.1447
NFLX,2025-08-08,121.16400146484376,0.026492,0.9653,0.3159,2.8116,0.5918,0.026492,0,0.117
NFLX,2025-08-11,121.83100128173828,0.005505,0.6236,0.3122,2.7617,0.6612,0.005505,0,0.1529
NFLX,2025-08-12,122.52799987792967,0.005721,0.5826,0.3132,2.7465,0.7401,0.005721,0,0.1508
NFLX,2025-08-13,120.44400024414062,-0.017008,0.7104,0.3175,2.794,0.6079,0.017008,0,0.1411
NFLX,2025-08-14,123.05599975585938,0.021686,1.0384,0.3198,2.8776,0.9122,0.021686,0,0.1226
NFLX,2025-08-15,123.8949966430664,0.006818,0.8228,0.262,2.8082,0.9447,0.006818,0,0.1439
NFLX,2025-08-18,124.50900268554688,0.004956,0.6622,0.2532,2.7199,0.9768,0.004956,0,0.1347
NFLX,2025-08-19,121.41500091552734,-0.02485,1.1883,0.2362,2.8992,0.6889,0.02485,0,0.1199
NFLX,2025-08-20,121.38600158691406,-0.000239,0.8069,0.2318,2.9042,0.6695,0.000239,0,0.1482
NFLX,2025-08-21,120.62100219726562,-0.006302,0.6994,0.2334,2.8664,0.5922,0.006302,0,0.1601
NFLX,2025-08-22,120.46499633789062,-0.001293,1.0597,0.2335,2.7716,0.5685,0.001293,0,0.1531
NFLX,2025-08-25,121.80699920654295,0.01114,0.963,0.2349,2.8222,0.6677,0.01114,0,0.1638
NFLX,2025-08-26,122.60900115966795,0.006584,0.6891,0.234,2.7585,0.7154,0.006584,0,0.1646
NFLX,2025-08-27,122.3499984741211,-0.002112,0.5905,0.231,2.6772,0.6745,0.002112,0,0.1523
NFLX,2025-08-28,123.1449966430664,0.006498,0.7142,0.2153,2.6547,0.7242,0.006498,0,0.1617
NFLX,2025-08-29,120.8249969482422,-0.01884,1.1903,0.2287,2.6815,0.4828,0.01884,0,0.1386
NFLX,2025-09-02,121.41100311279295,0.00485,0.8532,0.2268,2.7228,0.5228,0.00485,0,0.1649
NFLX,2025-09-03,122.61799621582033,0.009941,0.9187,0.2133,2.6971,0.6525,0.009941,0,0.1634
NFLX,2025-09-04,125.7480010986328,0.025526,1.1311,0.2117,2.7501,1.0615,0.025526,0,0.0801
NFLX,2025-09-05,124.38200378417967,-0.010863,0.8944,0.2176,2.7542,0.8519,0.010863,0,0.1532
NFLX,2025-09-08,124.47599792480467,0.000756,0.7464,0.1986,2.7006,0.8286,0.000756,0,0.141
NFLX,2025-09-09,126.3249969482422,0.014854,0.8692,0.2038,2.6574,1.0214,0.014854,0,0.1216
NFLX,2025-09-10,124.77100372314452,-0.012302,1.0489,0.2093,2.615,0.7724,0.012302,0,0.1508
NFLX,2025-09-11,120.3499984741211,-0.035433,2.0883,0.2385,2.8672,0.1593,0.035433,0,0.0381
NFLX,2025-09-12,118.84400177001952,-0.012513,1.3941,0.2281,2.8722,0.0326,0.012513,0,0.1219
NFLX,2025-09-15,120.22599792480467,0.011629,1.0688,0.2311,2.9102,0.2332,0.011629,0,0.16
NFLX,2025-09-16,120.0510025024414,-0.001456,0.8787,0.2298,2.786,0.2393,0.001456,0,0.1566
NFLX,2025-09-17,122.8499984741211,0.023315,1.27,0.2291,2.8257,0.5716,0.023315,0,0.1192
NFLX,2025-09-18,120.77799987792967,-0.016866,1.1478,0.2375,2.8203,0.3241,0.016866,0,0.1494
NFLX,2025-09-19,122.6969985961914,0.015889,1.7025,0.2428,2.7772,0.5443,0.015889,0,0.1156
NFLX,2025-09-22,122.73699951171876,0.000326,0.8852,0.2427,2.6897,0.5361,0.000326,0,0.1533
NFLX,2025-09-23,121.84700012207033,-0.007251,0.8734,0.2413,2.6356,0.4239,0.007251,0,0.1691
NFLX,2025-09-24,120.3949966430664,-0.011917,0.956,0.2437,2.6423,0.2613,0.011917,0,0.1652
NFLX,2025-09-25,120.8239974975586,0.003563,0.6848,0.2441,2.6345,0.3256,0.003563,0,0.1637
NFLX,2025-09-26,121.06099700927734,0.001962,0.6667,0.2429,2.5463,0.3673,0.001962,0,0.1523
NFLX,2025-09-29,120.64099884033205,-0.003469,1.0429,0.2337,2.6284,0.3183,0.003469,0,0.1671
NFLX,2025-09-30,119.89199829101562,-0.006209,1.2833,0.234,2.6585,0.2442,0.006209,0,0.1511
NFLX,2025-10-01,117.08999633789062,-0.023371,1.3403,0.2439,2.7237,0.0097,0.023371,0,0.1085
NFLX,2025-10-02,116.25299835205078,-0.007148,1.4876,0.2211,2.7927,-0.004,0.007148,0,0.1029
NFLX,2025-10-03,115.33200073242188,-0.007922,0.9843,0.2201,2.7702,-0.0054,0.007922,0,0.1311
NFLX,2025-10-06,116.33100128173828,0.008662,0.9162,0.224,2.7018,0.1285,0.008662,0,0.159
NFLX,2025-10-07,119.1060028076172,0.023854,1.0044,0.2356,2.7807,0.3972,0.023854,0,0.1276
NFLX,2025-10-08,121.4250030517578,0.01947,0.8635,0.2455,2.7702,0.6698,0.01947,0,0.1475
NFLX,2025-10-09,123.10700225830078,0.013852,0.8939,0.2149,2.7557,0.8291,0.013852,0,0.1548
NFLX,2025-10-10,122.00800323486328,-0.008927,1.3441,0.2122,2.7582,0.6911,0.008927,0,0.1364
NFLX,2025-10-13,121.90299987792967,-0.000861,0.7783,0.2088,2.7348,0.6686,0.000861,0,0.153
NFLX,2025-10-14,121.53500366210938,-0.003019,0.7477,0.2091,2.6908,0.6208,0.003019,0,0.1584
NFLX,2025-10-15,120.3290023803711,-0.009923,0.6559,0.1942,2.6273,0.507,0.009923,0,0.138
NFLX,2025-10-16,118.35900115966795,-0.016372,0.9224,0.1937,2.7304,0.3086,0.016372,0,0.1409
NFLX,2025-10-17,119.93599700927734,0.013324,0.9952,0.1909,2.708,0.4923,0.013324,0,0.146
NFLX,2025-10-20,123.8560028076172,0.032684,1.3098,0.2255,2.8603,0.9062,0.032684,0,0.066
NFLX,2025-10-21,124.13500213623048,0.002253,2.0063,0.2236,2.7763,0.8992,0.002253,0,0.0607
NFLX,2025-10-22,111.63700103759766,-0.100681,3.8466,0.424,3.4982,-0.1476,0.100681,1,-0.1745
NFLX,2025-10-23,111.35900115966795,-0.00249,1.6759,0.4232,3.4491,-0.0445,0.00249,0,0.0431
NFLX,2025-10-24,109.46900177001952,-0.016972,1.4047,0.4252,3.3463,-0.0476,0.016972,0,0.0786
NFLX,2025-10-27,109.45600128173828,-0.000119,1.0724,0.4254,3.2143,0.0342,0.000119,0,0.0992
NFLX,2025-10-28,110.25,0.007254,0.9172,0.4274,3.1559,0.1267,0.007254,0,0.1316
NFLX,2025-10-29,110.04100036621094,-0.001896,0.7818,0.4211,3.0201,0.1538,0.001896,0,0.1398
NFLX,2025-10-30,108.9000015258789,-0.010369,0.9621,0.4217,2.9333,0.1392,0.010369,0,0.14
NFLX,2025-10-31,111.88600158691406,0.02742,1.523,0.4346,3.0515,0.2853,0.02742,0,0.0788
NFLX,2025-11-03,110.00900268554688,-0.016776,1.2601,0.4364,3.2503,0.2259,0.016776,0,0.119
NFLX,2025-11-04,109.2959976196289,-0.006481,0.8271,0.4253,3.1462,0.2246,0.006481,0,0.1467
NFLX,2025-11-05,109.84600067138672,0.005032,0.7535,0.4178,3.1177,0.2714,0.005032,0,0.147
NFLX,2025-11-06,109.7020034790039,-0.001311,0.7678,0.4123,3.0277,0.2875,0.001311,0,0.1423
NFLX,2025-11-07,110.36599731445312,0.006053,0.9261,0.4141,2.9594,0.3352,0.006053,0,0.1504
NFLX,2025-11-10,112.00700378417967,0.014869,0.7652,0.4197,2.9233,0.4253,0.014869,0,0.1426
NFLX,2025-11-11,113.6439971923828,0.014615,0.5769,0.4248,2.9032,0.5207,0.014615,0,0.1299
NFLX,2025-11-12,115.75,0.018532,0.7935,0.4306,2.9536,0.6428,0.018532,0,0.1358
NFLX,2025-11-13,115.4229965209961,-0.002825,0.8026,0.4271,2.8972,0.6371,0.002825,0,0.1497
NFLX,2025-11-14,111.21700286865234,-0.03644,0.9349,0.4414,3.0261,0.432,0.03644,0,0.0695
NFLX,2025-11-17,110.29000091552734,-0.008335,0.5193,0.4205,2.9742,0.3966,0.008335,0,0.1235
NFLX,2025-11-18,114.08999633789062,0.034455,0.8839,0.4432,3.1939,0.8518,0.034455,0,0.0572
NFLX,2025-11-19,110.0,-0.035849,0.7352,0.2878,3.3572,0.3595,0.035849,0,0.0571
NFLX,2025-11-20,105.66999816894533,-0.039364,0.8839,0.3191,3.5253,-0.0448,0.039364,0,0.025
NFLX,2025-11-21,104.30999755859376,-0.01287,1.0102,0.317,3.4677,-0.0647,0.01287,0,0.0901
NFLX,2025-11-24,106.97000122070312,0.025501,1.5119,0.3319,3.5572,0.1966,0.025501,0,0.0639
NFLX,2025-11-25,104.4000015258789,-0.024025,0.8492,0.3401,3.5281,0.0475,0.024025,0,0.0918
NFLX,2025-11-26,106.13999938964844,0.016667,0.6807,0.3469,3.4582,0.2102,0.016667,0,0.1111
NFLX,2025-11-28,107.58000183105467,0.013567,0.3781,0.3492,3.3398,0.3252,0.013567,0,0.0898
NFLX,2025-12-01,109.12999725341795,0.014408,0.6625,0.3384,3.3177,0.4504,0.014408,0,0.1203
NFLX,2025-12-02,109.3499984741211,0.002016,0.7177,0.3333,3.2385,0.4693,0.002016,0,0.1304
NFLX,2025-12-03,103.95999908447266,-0.049291,1.4626,0.3761,3.5301,0.1135,0.049291,0,0.0026
NFLX,2025-12-04,103.22000122070312,-0.007118,1.3825,0.3755,3.4344,0.1133,0.007118,0,0.1022
NFLX,2025-12-05,100.23999786376952,-0.02887,3.1531,0.3866,3.6926,0.0115,0.02887,1,-0.0582
NFLX,2025-12-08,96.79000091552734,-0.034417,2.2357,0.3988,3.7817,-0.0554,0.034417,1,-0.0257
NFLX,2025-12-09,96.70999908447266,-0.000827,1.1279,0.3916,3.6395,0.0252,0.000827,0,0.0721
NFLX,2025-12-10,92.70999908447266,-0.041361,1.5385,0.4009,3.7095,-0.0429,0.041361,0,0.0021
NFLX,2025-12-11,94.08999633789062,0.014885,0.9077,0.3977,3.5952,0.0656,0.014885,0,0.1004
NFLX,2025-12-12,95.19000244140624,0.011691,1.0091,0.4044,3.5406,0.1421,0.011691,0,0.1171
NFLX,2025-12-15,93.7699966430664,-0.014918,0.8251,0.3923,3.4905,0.1303,0.014918,0,0.1123
NFLX,2025-12-16,94.56999969482422,0.008532,0.7006,0.3968,3.3562,0.1948,0.008532,0,0.1292
NFLX,2025-12-17,94.79000091552734,0.002326,1.0246,0.3671,3.3215,0.2234,0.002326,0,0.1251
NFLX,2025-12-18,94.0,-0.008334,0.752,0.3531,3.2428,0.2178,0.008334,0,0.1414
NFLX,2025-12-19,94.38999938964844,0.004149,1.5298,0.3345,3.1605,0.2596,0.004149,0,0.102
NFLX,2025-12-22,93.2300033569336,-0.012289,0.766,0.3343,3.0633,0.2387,0.012289,0,0.1488
NFLX,2025-12-23,93.5,0.002896,0.5211,0.3157,3.0216,0.2732,0.002896,0,0.1191
NFLX,2025-12-24,93.63999938964844,0.001497,0.2559,0.3099,2.8779,0.3004,0.001497,0,0.0973
NFLX,2025-12-26,94.47000122070312,0.008864,0.4572,0.3038,2.7738,0.3544,0.008864,0,0.1264
NFLX,2025-12-29,94.1500015258789,-0.003387,0.5025,0.2954,2.6714,0.3588,0.003387,0,0.1292
NFLX,2025-12-30,93.77999877929688,-0.00393,0.4813,0.2852,2.5384,0.3559,0.00393,0,0.1226
NFLX,2025-12-31,93.76000213623048,-0.000213,0.4839,0.2843,2.4364,0.3608,0.000213,0,0.1065
NFLX,2026-01-02,90.98999786376952,-0.029544,0.8586,0.2527,2.4995,0.1367,0.029544,0,0.1117
NFLX,2026-01-05,91.45999908447266,0.005165,0.8284,0.2561,2.4488,0.1368,0.005165,0,0.155
NFLX,2026-01-06,90.6500015258789,-0.008856,1.0124,0.2417,2.4096,-0.0065,0.008856,0,0.1361
NFLX,2026-01-07,90.7300033569336,0.000883,0.9228,0.2156,2.4061,0.0498,0.000883,0,0.1342
NFLX,2026-01-08,90.52999877929688,-0.002204,1.0275,0.2155,2.3535,0.0523,0.002204,0,0.1401
NFLX,2026-01-09,89.45999908447266,-0.011819,1.4599,0.1659,2.3433,-0.0229,0.011819,0,0.0699
NFLX,2026-01-12,89.41000366210938,-0.000559,0.963,0.1541,2.248,0.0468,0.000559,0,0.078
NFLX,2026-01-13,90.31999969482422,0.010178,1.2065,0.1523,2.236,0.1988,0.010178,0,0.0895
NFLX,2026-01-14,88.55000305175781,-0.019597,1.31,0.1581,2.3356,0.0417,0.019597,0,0.0684
NFLX,2026-01-15,88.05000305175781,-0.005647,0.9696,0.1525,2.3166,0.0504,0.005647,0,0.0907
NFLX,2026-01-16,88.0,-0.000568,1.2671,0.1514,2.2033,0.0961,0.000568,0,0.062
NFLX,2026-01-20,87.26000213623047,-0.008409,2.6372,0.1514,2.2516,0.076,0.008409,1,-0.0118
NFLX,2026-01-21,85.36000061035156,-0.021774,2.904,0.1613,2.4715,-0.0249,0.021774,1,-0.0201
NFLX,2026-01-22,83.54000091552734,-0.021321,1.5177,0.1697,2.465,-0.0651,0.021321,0,0.0386
NFLX,2026-01-23,86.12000274658203,0.030883,1.3592,0.2118,2.5046,0.1837,0.030883,0,0.0695
NFLX,2026-01-26,85.69999694824219,-0.004877,0.8373,0.2108,2.4393,0.1838,0.004877,0,0.1555
NFLX,2026-01-27,85.58000183105469,-0.0014,0.7607,0.2053,2.3951,0.2006,0.0014,0,0.1396
NFLX,2026-01-28,84.63999938964844,-0.010984,0.7501,0.2064,2.379,0.1528,0.010984,0,0.1481
NFLX,2026-01-29,83.16000366210938,-0.017486,0.8243,0.2108,2.3726,0.0703,0.017486,0,0.1303
NFLX,2026-01-30,83.48999786376953,0.003968,0.8732,0.2128,2.2946,0.1252,0.003968,0,0.1477
NFLX,2026-02-02,82.76000213623047,-0.008744,0.7907,0.1939,2.3128,0.1088,0.008744,0,0.1324
NFLX,2026-02-03,79.94000244140625,-0.034074,0.9404,0.2163,2.3719,-0.0394,0.034074,0,0.0539
NFLX,2026-02-04,80.16000366210938,0.002752,0.9199,0.2186,2.3603,0.0454,0.002752,0,0.1421
NFLX,2026-02-05,80.87000274658203,0.008857,1.0123,0.2237,2.416,0.1385,0.008857,0,0.1553
NFLX,2026-02-06,82.19999694824219,0.016446,0.8477,0.2369,2.3749,0.2616,0.016446,0,0.145
NFLX,2026-02-09,81.47000122070312,-0.008881,0.7847,0.236,2.3724,0.2307,0.008881,0,0.1628
NFLX,2026-02-10,82.20999908447266,0.009083,0.8052,0.2406,2.4308,0.3101,0.009083,0,0.1669
NFLX,2026-02-11,79.62000274658203,-0.031505,0.7574,0.253,2.4736,0.1181,0.031505,0,0.1018
NFLX,2026-02-12,75.86000061035156,-0.047224,1.334,0.2889,2.6105,-0.0922,0.047224,1,-0.0254
NFLX,2026-02-13,76.87000274658203,0.013314,0.7637,0.2982,2.5419,0.0475,0.013314,0,0.1326
NFLX,2026-02-17,77.0,0.001691,0.6566,0.299,2.5439,0.0992,0.001691,0,0.1268
NFLX,2026-02-18,77.98999786376953,0.012857,0.5885,0.3066,2.5079,0.202,0.012857,0,0.1367
NFLX,2026-02-19,77.0,-0.012694,0.6568,0.3018,2.4795,0.1615,0.012694,0,0.1429
NFLX,2026-02-20,78.66999816894531,0.021688,0.7357,0.3094,2.4774,0.3122,0.021688,0,0.1267
NFLX,2026-02-23,76.0199966430664,-0.033685,0.8975,0.3009,2.5618,0.1392,0.033685,0,0.0874
NFLX,2026-02-24,78.04000091552734,0.026572,0.7811,0.3225,2.5867,0.3187,0.026572,0,0.1057
NFLX,2026-02-25,82.69999694824219,0.059713,1.578,0.395,2.7648,0.744,0.059713,1,-0.0342
NFLX,2026-02-26,84.58999633789062,0.022854,1.8489,0.4023,2.8387,0.9178,0.022854,0,0.0419
NFLX,2026-02-27,96.23999786376952,0.137723,3.701,0.6263,3.5045,1.363,0.137723,1,-0.2437
NFLX,2026-03-02,97.08999633789062,0.008832,1.4282,0.6261,3.4592,1.1785,0.008832,1,-0.0199
NFLX,2026-03-03,97.6999969482422,0.006283,1.0406,0.623,3.4357,1.0689,0.006283,0,0.02
NFLX,2026-03-04,98.66000366210938,0.009826,0.9232,0.6018,3.3874,1.0032,0.009826,0,0.0489
NFLX,2026-03-05,99.16999816894533,0.005169,0.9336,0.6014,3.2948,0.9456,0.005169,0,0.0553
NFLX,2026-03-06,99.0199966430664,-0.001513,0.7289,0.6031,3.2366,0.8874,0.001513,0,0.0539
NFLX,2026-03-09,98.31999969482422,-0.007069,0.8578,0.606,3.1797,0.8298,0.007069,0,0.0674
NFLX,2026-03-10,96.94000244140624,-0.014036,0.7251,0.6083,3.1097,0.7662,0.014036,0,0.0582
NFLX,2026-03-11,94.88999938964844,-0.021147,0.6054,0.6179,3.124,0.6955,0.021147,0,0.0282
NFLX,2026-03-12,94.30999755859376,-0.006112,0.6133,0.6029,3.0101,0.6631,0.006112,0,0.069
NFLX,2026-03-13,95.30999755859376,0.010603,0.5575,0.5649,2.898,0.6687,0.010603,0,0.0866
NFLX,2026-03-16,95.1999969482422,-0.001154,0.6563,0.5668,2.8153,0.6471,0.001154,0,0.0898
NFLX,2026-03-17,94.36000061035156,-0.008823,0.5012,0.5704,2.7806,0.6063,0.008823,0,0.0808
NFLX,2026-03-18,94.6999969482422,0.003603,0.5296,0.5709,2.7056,0.5975,0.003603,0,0.0781
NFLX,2026-03-19,91.73999786376952,-0.031257,0.7558,0.5845,2.8673,0.4854,0.031257,0,0.0268
NFLX,2026-03-20,91.81999969482422,0.000872,1.1294,0.5833,2.7475,0.4631,0.000872,0,0.0667
NFLX,2026-03-23,93.37999725341795,0.01699,0.6307,0.5622,2.7055,0.4855,0.01699,0,0.0728
NFLX,2026-03-24,90.91999816894533,-0.026344,0.5339,0.5739,2.7209,0.3048,0.026344,0,0.0266
NFLX,2026-03-25,92.27999877929688,0.014958,0.5659,0.5418,2.6408,0.3171,0.014958,0,0.0718
NFLX,2026-03-26,93.31999969482422,0.01127,1.1693,0.5385,2.7986,0.31,0.01127,0,0.0849
NFLX,2026-03-27,93.43000030517578,0.001179,1.0347,0.214,2.8016,0.3357,0.001179,0,0.1488
NFLX,2026-03-30,92.97000122070312,-0.004923,0.7951,0.2108,2.7636,0.3111,0.004923,0,0.158
NFLX,2026-03-31,96.1500015258789,0.034205,1.3408,0.2459,2.8012,0.6296,0.034205,0,0.0589
NFLX,2026-04-01,95.5500030517578,-0.00624,0.7732,0.2434,2.8111,0.5911,0.00624,0,0.1647
NFLX,2026-04-02,98.66000366210938,0.032548,0.9615,0.2711,2.8632,0.932,0.032548,0,0.0701
NFLX,2026-04-06,98.93000030517578,0.002737,0.9658,0.2713,2.9958,0.9634,0.002737,0,0.1251
NFLX,2026-04-07,98.81999969482422,-0.001112,0.6731,0.27,2.8982,0.9403,0.001112,0,0.1236
NFLX,2026-04-08,99.38999938964844,0.005768,0.8444,0.2651,2.9027,0.9531,0.005768,0,0.1397
NFLX,2026-04-09,102.0500030517578,0.026763,0.9556,0.2656,2.9282,1.0731,0.026763,0,0.0795
NFLX,2026-04-10,103.01000213623048,0.009407,0.71,0.2637,2.8347,1.0343,0.009407,0,0.1236
NFLX,2026-04-13,103.16000366210938,0.001456,0.7213,0.2629,2.7473,0.9648,0.001456,0,0.1323
NFLX,2026-04-14,106.27999877929688,0.030244,1.1141,0.2778,2.8032,1.0431,0.030244,0,0.0651
NFLX,2026-04-15,107.70999908447266,0.013455,1.0287,0.2736,2.8037,1.0154,0.013455,0,0.1233
NFLX,2026-04-16,107.79000091552734,0.000743,1.6728,0.2742,2.7698,0.9453,0.000743,0,0.0745
NFLX,2026-04-17,97.30999755859376,-0.097226,2.9222,0.4431,3.4784,0.4612,0.097226,1,-0.1483
NFLX,2026-04-20,94.83000183105467,-0.025486,1.4657,0.4548,3.5199,0.3345,0.025486,0,0.0761
NFLX,2026-04-21,92.58000183105467,-0.023727,1.3903,0.4599,3.4442,0.2312,0.023727,0,0.0866
NFLX,2026-04-22,93.23999786376952,0.007129,0.752,0.4498,3.2889,0.25,0.007129,0,0.132
NFLX,2026-04-23,92.81999969482422,-0.004504,0.8158,0.4474,3.2376,0.2265,0.004504,0,0.1391
NFLX,2026-04-24,92.44000244140624,-0.004094,0.7428,0.4459,3.112,0.2129,0.004094,0,0.1422
NFLX,2026-04-27,91.37000274658205,-0.011575,0.6896,0.4477,2.9998,0.1737,0.011575,0,0.1356
NFLX,2026-04-28,92.2699966430664,0.00985,0.7748,0.449,2.9512,0.2201,0.00985,0,0.146
NFLX,2026-04-29,92.12000274658205,-0.001626,0.6261,0.4304,2.8833,0.2305,0.001626,0,0.1353
NFLX,2026-04-30,93.61000061035156,0.016175,0.9687,0.4347,2.9237,0.3053,0.016175,0,0.1398
NFLX,2026-05-01,92.05999755859376,-0.016558,0.7255,0.4196,2.9149,0.2567,0.016558,0,0.1409
NFLX,2026-05-04,91.0199966430664,-0.011297,0.6269,0.42,2.8095,0.2364,0.011297,0,0.14
NFLX,2026-05-05,87.88999938964844,-0.034388,1.2167,0.4335,2.8739,0.1466,0.034388,0,0.0745
NFLX,2026-05-06,88.2699966430664,0.004324,0.9694,0.4331,2.7993,0.1959,0.004324,0,0.1482
NFLX,2026-05-07,88.25,-0.000227,0.7117,0.4166,2.6901,0.2249,0.000227,0,0.1392
NFLX,2026-05-08,87.48999786376953,-0.008612,0.8315,0.4122,2.5722,0.2242,0.008612,0,0.1499
NFLX,2026-05-11,85.44999694824219,-0.023317,0.9159,0.4142,2.5592,0.1787,0.023317,0,0.118
NFLX,2026-05-12,87.66000366210938,0.025863,0.9803,0.4089,2.6421,0.2804,0.025863,0,0.1112
NFLX,2026-05-13,87.55999755859375,-0.001141,0.6994,0.4014,2.6205,0.2792,0.001141,0,0.1407
NFLX,2026-05-14,86.94000244140625,-0.007081,0.6953,0.3996,2.5655,0.1936,0.007081,0,0.1451
NFLX,2026-05-15,87.0199966430664,0.00092,0.8597,0.2343,2.5822,0.2133,0.00092,0,0.1561
NFLX,2026-05-18,89.6500015258789,0.030223,0.9879,0.2538,2.6471,0.4677,0.030223,0,0.0993
NFLX,2026-05-19,89.33000183105469,-0.003569,0.9907,0.2414,2.6573,0.4512,0.003569,0,0.1668
NFLX,2026-05-20,88.08999633789062,-0.013881,0.6829,0.2428,2.5982,0.3476,0.013881,0,0.1544
NFLX,2026-05-21,89.30000305175781,0.013736,0.8429,0.2496,2.6162,0.4903,0.013736,0,0.1615
NFLX,2026-05-22,88.5999984741211,-0.007839,0.7117,0.2504,2.5579,0.4317,0.007839,0,0.1618
NFLX,2026-05-26,87.68000030517578,-0.010384,0.7228,0.2498,2.4809,0.3449,0.010384,0,0.1571
NFLX,2026-05-27,87.3499984741211,-0.003764,0.6906,0.2459,2.4237,0.3259,0.003764,0,0.1535
NFLX,2026-05-28,86.36000061035156,-0.011334,1.1647,0.2478,2.3763,0.227,0.011334,0,0.1545
NFLX,2026-05-29,86.0199966430664,-0.003937,1.1964,0.2371,2.2787,0.1743,0.003937,0,0.1463
NFLX,2026-06-01,85.8499984741211,-0.001976,0.9811,0.2326,2.2524,0.1471,0.001976,0,0.1505
NFLX,2026-06-02,83.33000183105469,-0.029353,1.2547,0.249,2.2836,-0.1825,0.029353,0,0.0356
NFLX,2026-06-03,81.5199966430664,-0.021721,1.0971,0.2321,2.2798,-0.2018,0.021721,0,0.0516
NFLX,2026-06-04,81.55999755859375,0.000491,1.1801,0.2308,2.2834,-0.0612,0.000491,0,0.0959
NFLX,2026-06-05,82.18000030517578,0.007602,1.2795,0.2341,2.2453,0.0726,0.007602,0,0.1349
NFLX,2026-06-08,82.63999938964844,0.005597,0.9774,0.2353,2.2092,0.1601,0.005597,0,0.1538
NFLX,2026-06-09,81.41000366210938,-0.014884,1.0374,0.2273,2.1442,0.0943,0.014884,0,0.1374
NFLX,2026-06-10,82.0,0.007247,1.0945,0.2053,2.1175,0.1834,0.007247,0,0.1404
NFLX,2026-06-11,81.2699966430664,-0.008902,1.0036,0.206,2.1098,0.1626,0.008902,0,0.1432
NFLX,2026-06-12,80.33999633789062,-0.011443,1.0511,0.2076,2.1534,0.1346,0.011443,0,0.1377
NFLX,2026-06-15,81.66999816894531,0.016555,1.0779,0.2194,2.0975,0.2617,0.016555,0,0.1329
NFLX,2026-06-16,78.72000122070312,-0.036121,1.8449,0.2122,2.2491,0.0867,0.036121,0,0.0269
NFLX,2026-06-17,76.95999908447266,-0.022358,1.3963,0.2192,2.2284,0.0233,0.022358,0,0.1
NFLX,2026-06-18,77.37999725341797,0.005457,2.3286,0.2223,2.2207,0.103,0.005457,0,0.0506
AMD,2024-07-19,151.5800018310547,-0.026899,0.9026,0.5246,7.988,0.1241,0.026899,0,0.1696
AMD,2024-07-22,155.8699951171875,0.028302,0.8482,0.536,7.7332,0.2387,0.028302,0,0.1575
AMD,2024-07-23,154.0,-0.011997,0.6256,0.5371,7.3418,0.2103,0.011997,0,0.1654
AMD,2024-07-24,144.6300048828125,-0.060844,0.9554,0.5769,7.5247,0.0552,0.060844,0,0.0828
AMD,2024-07-25,138.32000732421875,-0.043629,1.1499,0.5921,7.5599,0.0018,0.043629,0,0.1063
AMD,2024-07-26,139.99000549316406,0.012073,0.9249,0.5921,7.1803,0.0849,0.012073,0,0.1506
AMD,2024-07-29,139.75,-0.001714,0.895,0.5861,7.0696,0.1257,0.001714,0,0.1493
AMD,2024-07-30,138.44000244140625,-0.009374,1.2757,0.5809,7.117,0.1412,0.009374,0,0.1467
AMD,2024-07-31,144.47999572753906,0.043629,2.014,0.5827,7.7674,0.2553,0.043629,0,0.0639
AMD,2024-08-01,132.5399932861328,-0.082641,1.5751,0.6431,8.5109,0.1262,0.082641,0,0.0303
AMD,2024-08-02,132.5,-0.000302,1.2883,0.6064,8.2932,0.1661,0.000302,0,0.1182
AMD,2024-08-05,134.82000732421875,0.017509,1.2318,0.5862,9.0036,0.2258,0.017509,0,0.1523
AMD,2024-08-06,130.17999267578125,-0.034416,1.026,0.5906,8.8735,0.1958,0.034416,0,0.1477
AMD,2024-08-07,128.6699981689453,-0.011599,0.8957,0.5564,8.7955,0.2003,0.011599,0,0.1736
AMD,2024-08-08,136.32000732421875,0.059454,0.81,0.6193,8.7195,0.3253,0.059454,0,0.0938
AMD,2024-08-09,134.27000427246094,-0.015038,0.6761,0.6177,8.348,0.309,0.015038,0,0.1578
AMD,2024-08-12,136.77000427246094,0.018619,0.6632,0.6286,8.0741,0.3673,0.018619,0,0.16
AMD,2024-08-13,141.1300048828125,0.031878,0.7039,0.6483,7.7965,0.4908,0.031878,0,0.1437
AMD,2024-08-14,140.75,-0.002693,0.6132,0.551,7.6311,0.5064,0.002693,0,0.169
AMD,2024-08-15,147.36000061035156,0.046963,0.7698,0.5771,7.5994,0.7374,0.046963,0,0.1296
AMD,2024-08-16,148.55999755859375,0.008143,0.5578,0.5706,7.3421,0.7898,0.008143,0,0.1596
AMD,2024-08-19,155.27999877929688,0.045234,1.0729,0.5848,7.3651,1.022,0.045234,0,0.1179
AMD,2024-08-20,156.39999389648438,0.007213,1.3051,0.5834,7.3774,1.0372,0.007213,0,0.1259
AMD,2024-08-21,157.80999755859375,0.009015,0.7307,0.5352,7.0953,1.0006,0.009015,0,0.1489
AMD,2024-08-22,151.6999969482422,-0.038717,0.791,0.5296,7.2238,0.7911,0.038717,0,0.1359
AMD,2024-08-23,154.97999572753906,0.021622,0.7595,0.5323,7.0374,0.8433,0.021622,0,0.1712
AMD,2024-08-26,149.99000549316406,-0.032198,0.8654,0.5486,7.2093,0.6933,0.032198,0,0.1586
AMD,2024-08-27,150.5,0.0034,0.6272,0.5463,6.9189,0.6889,0.0034,0,0.1703
AMD,2024-08-28,146.36000061035156,-0.027508,0.6558,0.5375,6.8353,0.5784,0.027508,0,0.1564
AMD,2024-08-29,145.49000549316406,-0.005944,0.6475,0.4387,6.7024,0.5403,0.005944,0,0.1784
AMD,2024-08-30,148.55999755859375,0.021101,0.6713,0.4418,6.4859,0.6055,0.021101,0,0.1714
AMD,2024-09-03,136.94000244140625,-0.078218,0.9427,0.5307,6.9218,0.2741,0.078218,0,0.0624
AMD,2024-09-04,140.8699951171875,0.028699,0.9658,0.5216,6.886,0.3603,0.028699,0,0.1693
AMD,2024-09-05,139.44000244140625,-0.010151,0.5938,0.521,6.6673,0.2768,0.010151,0,0.1766
AMD,2024-09-06,134.35000610351562,-0.036503,0.9594,0.4977,6.7154,0.1141,0.036503,0,0.1526
AMD,2024-09-09,138.14999389648438,0.028284,0.663,0.5043,6.5256,0.2248,0.028284,0,0.1529
AMD,2024-09-10,142.83999633789062,0.033949,0.9101,0.5139,6.4752,0.3721,0.033949,0,0.1692
AMD,2024-09-11,149.86000061035156,0.049146,1.2325,0.5303,6.6906,0.6116,0.049146,0,0.1364
AMD,2024-09-12,150.77000427246094,0.006072,0.7128,0.5299,6.488,0.6285,0.006072,0,0.1777
AMD,2024-09-13,152.30999755859375,0.010214,0.6265,0.5058,6.1875,0.6741,0.010214,0,0.1773
AMD,2024-09-16,152.0800018310547,-0.00151,0.6933,0.5055,5.9956,0.6576,0.00151,0,0.1725
AMD,2024-09-17,150.82000732421875,-0.008285,0.7789,0.4793,5.91,0.6233,0.008285,0,0.1879
AMD,2024-09-18,148.2899932861328,-0.016775,0.7342,0.4814,5.8307,0.5464,0.016775,0,0.1831
AMD,2024-09-19,156.74000549316406,0.056983,1.2384,0.5244,6.2003,0.8852,0.056983,0,0.1157
AMD,2024-09-20,155.9499969482422,-0.00504,1.1287,0.5046,6.1124,0.833,0.00504,0,0.1659
AMD,2024-09-23,156.75,0.00513,0.6287,0.4994,5.8323,0.8537,0.00513,0,0.1649
AMD,2024-09-24,158.32000732421875,0.010016,0.8232,0.4843,5.7767,0.8734,0.010016,0,0.1797
AMD,2024-09-25,162.02000427246094,0.02337,1.0533,0.4896,5.7044,0.9419,0.02337,0,0.1682
AMD,2024-09-26,167.49000549316406,0.033761,1.1307,0.4854,5.773,1.0129,0.033761,0,0.1473
AMD,2024-09-27,164.35000610351562,-0.018747,0.8331,0.4921,5.7168,0.8737,0.018747,0,0.1756
AMD,2024-09-30,164.0800018310547,-0.001643,0.6631,0.4898,5.5145,0.8291,0.001643,0,0.1625
AMD,2024-10-01,159.75,-0.02639,0.98,0.3984,5.6441,0.6986,0.02639,0,0.1748
AMD,2024-10-02,159.77999877929688,0.000188,0.7793,0.3916,5.557,0.6792,0.000188,0,0.1719
AMD,2024-10-03,162.85000610351562,0.019214,0.9298,0.3888,5.6885,0.7405,0.019214,0,0.182
AMD,2024-10-04,170.89999389648438,0.049432,1.3897,0.3776,5.8801,0.9479,0.049432,0,0.1092
AMD,2024-10-07,170.97000122070312,0.00041,1.1765,0.375,5.7596,0.928,0.00041,0,0.1425
AMD,2024-10-08,172.8000030517578,0.010704,1.0687,0.365,5.6048,0.9483,0.010704,0,0.1585
AMD,2024-10-09,171.02000427246094,-0.010301,1.071,0.3402,5.5257,0.8498,0.010301,0,0.1628
AMD,2024-10-10,164.17999267578125,-0.039995,2.2132,0.3787,5.8469,0.6067,0.039995,0,0.0455
AMD,2024-10-11,167.88999938964844,0.022597,1.2112,0.3837,5.8822,0.7119,0.022597,0,0.1671
AMD,2024-10-14,165.27000427246094,-0.015605,0.9075,0.3902,5.7295,0.6018,0.015605,0,0.1844
AMD,2024-10-15,156.63999938964844,-0.052218,1.4087,0.4375,6.0016,0.2577,0.052218,0,0.1106
AMD,2024-10-16,156.1300048828125,-0.003256,0.8435,0.4323,5.8125,0.1854,0.003256,0,0.172
AMD,2024-10-17,156.25,0.000769,0.8308,0.3822,5.705,0.1935,0.000769,0,0.1602
AMD,2024-10-18,155.97000122070312,-0.001792,0.687,0.3818,5.4721,0.1809,0.001792,0,0.1584
AMD,2024-10-21,157.89999389648438,0.012374,0.7391,0.3839,5.356,0.2612,0.012374,0,0.1754
AMD,2024-10-22,154.08999633789062,-0.024129,0.9927,0.3919,5.4014,0.1184,0.024129,0,0.1699
AMD,2024-10-23,152.91000366210938,-0.007658,0.7499,0.3815,5.2704,0.1152,0.007658,0,0.1652
AMD,2024-10-24,153.44000244140625,0.003466,0.6721,0.3576,5.0965,0.1748,0.003466,0,0.1601
AMD,2024-10-25,156.22999572753906,0.018183,0.8718,0.3616,5.1232,0.301,0.018183,0,0.1731
AMD,2024-10-28,159.9199981689453,0.023619,1.0336,0.3732,5.0465,0.4494,0.023619,0,0.1765
AMD,2024-10-29,166.25,0.039582,1.9514,0.3869,5.2984,0.6767,0.039582,0,0.0929
AMD,2024-10-30,148.60000610351562,-0.106165,2.1927,0.546,6.2173,0.0706,0.106165,1,-0.0397
AMD,2024-10-31,144.07000732421875,-0.030485,1.0896,0.5476,6.1553,0.0084,0.030485,0,0.136
AMD,2024-11-01,141.86000061035156,-0.01534,0.9646,0.5083,5.9455,0.0171,0.01534,0,0.1565
AMD,2024-11-04,140.7100067138672,-0.008107,0.728,0.5071,5.8007,0.0466,0.008107,0,0.1579
AMD,2024-11-05,141.66000366210938,0.006751,0.6833,0.5053,5.5555,0.1087,0.006751,0,0.1663
AMD,2024-11-06,145.10000610351562,0.024284,0.8318,0.5191,5.4521,0.2268,0.024284,0,0.1709
AMD,2024-11-07,149.82000732421875,0.032529,0.8125,0.523,5.4212,0.3852,0.032529,0,0.1657
AMD,2024-11-08,147.9499969482422,-0.012482,0.7531,0.5141,5.2611,0.3456,0.012482,0,0.1892
AMD,2024-11-11,147.35000610351562,-0.004055,0.8183,0.5128,5.1466,0.3439,0.004055,0,0.1853
AMD,2024-11-12,143.6300048828125,-0.025246,0.9416,0.4884,5.2005,0.2367,0.025246,0,0.1817
AMD,2024-11-13,139.3000030517578,-0.030147,0.9798,0.4972,5.2162,0.1306,0.030147,0,0.1663
AMD,2024-11-14,138.83999633789062,-0.003302,0.8805,0.4967,5.0464,0.157,0.003302,0,0.1727
AMD,2024-11-15,134.89999389648438,-0.028378,1.1951,0.5031,5.0566,0.0876,0.028378,0,0.1585
AMD,2024-11-18,138.92999267578125,0.029874,1.0282,0.5156,5.124,0.239,0.029874,0,0.1607
AMD,2024-11-19,139.38999938964844,0.003311,0.6243,0.5119,4.9444,0.2768,0.003311,0,0.1716
AMD,2024-11-20,137.60000610351562,-0.012842,0.7756,0.5126,4.9691,0.2477,0.012842,0,0.1835
AMD,2024-11-21,137.49000549316406,-0.000799,0.7814,0.512,4.9963,0.2687,0.000799,0,0.1719
AMD,2024-11-22,138.35000610351562,0.006255,0.587,0.5065,4.7887,0.3154,0.006255,0,0.1784
AMD,2024-11-25,141.1300048828125,0.020094,0.839,0.504,4.7323,0.4262,0.020094,0,0.189
AMD,2024-11-26,137.72000122070312,-0.024162,0.9204,0.4781,4.8357,0.2641,0.024162,0,0.1836
AMD,2024-11-27,136.24000549316406,-0.010746,0.9432,0.3117,4.846,0.2022,0.010746,0,0.1497
AMD,2024-11-29,137.17999267578125,0.006899,0.5261,0.2977,4.7006,0.2823,0.006899,0,0.1229
AMD,2024-12-02,142.05999755859375,0.035574,1.0932,0.322,4.7677,0.5786,0.035574,0,0.1416
AMD,2024-12-03,141.97999572753906,-0.000563,0.7566,0.3205,4.5964,0.5697,0.000563,0,0.1482
AMD,2024-12-04,143.99000549316406,0.014157,0.8676,0.3234,4.4781,0.682,0.014157,0,0.1596
AMD,2024-12-05,141.36000061035156,-0.018265,0.9947,0.318,4.4161,0.5369,0.018265,0,0.1561
AMD,2024-12-06,138.58999633789062,-0.019595,1.1231,0.2981,4.4856,0.3844,0.019595,0,0.1353
AMD,2024-12-09,130.8699951171875,-0.055704,1.8187,0.3499,4.7788,-0.0929,0.055704,0,0.025
AMD,2024-12-10,127.73999786376952,-0.023917,1.2226,0.3556,4.7582,-0.1753,0.023917,0,0.1031
AMD,2024-12-11,130.14999389648438,0.018866,1.4059,0.3598,4.7748,0.0439,0.018866,0,0.1255
AMD,2024-12-12,130.60000610351562,0.003458,1.0582,0.3478,4.6658,0.1222,0.003458,0,0.1576
AMD,2024-12-13,126.91000366210938,-0.028254,1.9764,0.3592,4.799,0.0078,0.028254,0,0.073
AMD,2024-12-16,126.69000244140624,-0.001734,1.2355,0.3478,4.7877,0.0594,0.001734,0,0.1336
AMD,2024-12-17,125.0199966430664,-0.013182,1.2629,0.3269,4.7264,0.0559,0.013182,0,0.1311
AMD,2024-12-18,121.41000366210938,-0.028875,1.3956,0.3358,4.9117,0.0012,0.028875,0,0.1198
AMD,2024-12-19,118.87999725341795,-0.020839,1.2649,0.3389,4.913,0.0033,0.020839,0,0.1328
AMD,2024-12-20,119.20999908447266,0.002776,1.4212,0.34,4.8449,0.0792,0.002776,0,0.1166
AMD,2024-12-23,124.5999984741211,0.045214,1.2248,0.3851,5.0081,0.2698,0.045214,0,0.1234
AMD,2024-12-24,126.29000091552734,0.013563,0.6415,0.3802,4.8583,0.3406,0.013563,0,0.1755
AMD,2024-12-26,125.05999755859376,-0.00974,0.6519,0.3741,4.6719,0.3213,0.00974,0,0.1755
AMD,2024-12-27,125.19000244140624,0.00104,0.8555,0.3738,4.6182,0.3424,0.00104,0,0.1713
AMD,2024-12-30,122.44000244140624,-0.021967,0.778,0.3767,4.4912,0.2789,0.021967,0,0.172
AMD,2024-12-31,120.79000091552734,-0.013476,0.7732,0.3449,4.414,0.249,0.013476,0,0.1676
AMD,2025-01-02,120.62999725341795,-0.001325,0.8641,0.3447,4.363,0.2623,0.001325,0,0.1593
AMD,2025-01-03,125.37000274658205,0.039294,0.9154,0.3761,4.4035,0.4564,0.039294,0,0.1464
AMD,2025-01-06,129.5500030517578,0.033341,1.1682,0.3989,4.4718,0.6975,0.033341,0,0.1616
AMD,2025-01-07,127.33000183105467,-0.017136,0.9476,0.3977,4.4995,0.6413,0.017136,0,0.1808
AMD,2025-01-08,121.83999633789062,-0.043116,1.1432,0.378,4.6931,0.2912,0.043116,0,0.1229
AMD,2025-01-10,116.04000091552734,-0.047603,1.4181,0.4036,4.8858,-0.0158,0.047603,0,0.091
AMD,2025-01-13,117.31999969482422,0.011031,0.9412,0.3985,4.7561,0.1081,0.011031,0,0.1666
AMD,2025-01-14,116.08999633789062,-0.010484,0.8872,0.3977,4.7135,0.0733,0.010484,0,0.164
AMD,2025-01-15,119.95999908447266,0.033336,0.9489,0.411,4.6861,0.3372,0.033336,0,0.1649
AMD,2025-01-16,118.44000244140624,-0.012671,0.7426,0.4126,4.5542,0.2639,0.012671,0,0.1817
AMD,2025-01-17,121.45999908447266,0.025498,0.9117,0.4227,4.5361,0.4713,0.025498,0,0.1825
AMD,2025-01-21,122.27999877929688,0.006751,0.824,0.4104,4.3999,0.5226,0.006751,0,0.1842
AMD,2025-01-22,123.75,0.012022,0.9274,0.404,4.3528,0.605,0.012022,0,0.1815
AMD,2025-01-23,123.04000091552734,-0.005737,0.6859,0.405,4.2647,0.5454,0.005737,0,0.1729
AMD,2025-01-24,122.83999633789062,-0.001626,0.8887,0.3713,4.1758,0.5381,0.001626,0,0.1681
AMD,2025-01-27,115.01000213623048,-0.063741,1.6357,0.4295,4.5947,0.0642,0.063741,0,0.0567
AMD,2025-01-28,114.16999816894533,-0.007304,1.0641,0.4291,4.4951,0.0742,0.007304,0,0.1575
AMD,2025-01-29,117.3499984741211,0.027853,1.0448,0.4438,4.4847,0.2898,0.027853,0,0.1689
AMD,2025-01-30,118.86000061035156,0.012868,0.7749,0.4411,4.4037,0.3932,0.012868,0,0.1843
AMD,2025-01-31,115.9499969482422,-0.024483,1.0387,0.4469,4.392,0.2383,0.024483,0,0.1762
AMD,2025-02-03,114.2699966430664,-0.014489,0.8875,0.4492,4.2904,0.174,0.014489,0,0.1768
AMD,2025-02-04,119.5,0.045769,1.7096,0.4577,4.3825,0.4851,0.045769,0,0.0933
AMD,2025-02-05,112.01000213623048,-0.062678,2.5248,0.4854,4.9981,0.0619,0.062678,1,-0.0014
AMD,2025-02-06,110.16000366210938,-0.016516,1.1388,0.4852,4.8939,-0.0104,0.016516,0,0.1428
AMD,2025-02-07,107.55999755859376,-0.023602,1.0414,0.4706,4.7851,-0.055,0.023602,0,0.1364
AMD,2025-02-10,110.4800033569336,0.027148,0.8113,0.4571,4.7176,0.1475,0.027148,0,0.1544
AMD,2025-02-11,111.0999984741211,0.005612,0.8182,0.4554,4.6756,0.2091,0.005612,0,0.1798
AMD,2025-02-12,111.72000122070312,0.005581,0.5995,0.4552,4.5402,0.2589,0.005581,0,0.1722
AMD,2025-02-13,111.80999755859376,0.000806,0.9656,0.4364,4.5159,0.2856,0.000806,0,0.1688
AMD,2025-02-14,113.0999984741211,0.011537,0.7637,0.4378,4.4026,0.3639,0.011537,0,0.1872
AMD,2025-02-18,114.27999877929688,0.010433,0.7495,0.4285,4.2631,0.4388,0.010433,0,0.1824
AMD,2025-02-19,114.69000244140624,0.003588,0.6829,0.4277,4.1708,0.4784,0.003588,0,0.1779
AMD,2025-02-20,114.16999816894533,-0.004534,0.6513,0.4241,4.1186,0.4734,0.004534,0,0.1737
AMD,2025-02-21,110.83999633789062,-0.029167,0.9704,0.4337,4.2051,0.2829,0.029167,0,0.166
AMD,2025-02-24,108.11000061035156,-0.02463,0.6842,0.439,4.1633,0.0994,0.02463,0,0.1524
AMD,2025-02-25,103.95999908447266,-0.038387,0.9462,0.4025,4.2245,-0.0764,0.038387,0,0.1097
AMD,2025-02-26,104.73999786376952,0.007503,0.7147,0.4047,4.0542,0.0506,0.007503,0,0.1412
AMD,2025-02-27,99.51000213623048,-0.049933,1.1478,0.4175,4.2117,-0.1078,0.049933,0,0.0718
AMD,2025-02-28,99.86000061035156,0.003517,1.0774,0.4126,4.133,-0.0096,0.003517,0,0.1303
AMD,2025-03-03,98.2300033569336,-0.016323,0.9304,0.4094,4.2128,0.0019,0.016323,0,0.1537
AMD,2025-03-04,100.75,0.025654,1.2638,0.4254,4.4326,0.1555,0.025654,0,0.1455
AMD,2025-03-05,101.66999816894533,0.009131,0.6832,0.3842,4.3281,0.2151,0.009131,0,0.1703
AMD,2025-03-06,98.8499984741211,-0.027737,0.7897,0.3348,4.2619,0.1346,0.027737,0,0.1431
AMD,2025-03-07,100.30999755859376,0.01477,0.9277,0.3402,4.2617,0.2268,0.01477,0,0.1612
AMD,2025-03-10,96.62999725341795,-0.036686,1.0917,0.3529,4.3473,0.1211,0.036686,0,0.1376
AMD,2025-03-11,96.76000213623048,0.001345,0.9617,0.3329,4.2818,0.1667,0.001345,0,0.1452
AMD,2025-03-12,100.79000091552734,0.041649,0.9673,0.3724,4.3302,0.3376,0.041649,0,0.1383
AMD,2025-03-13,98.11000061035156,-0.02659,0.8036,0.3782,4.2724,0.2604,0.02659,0,0.1607
AMD,2025-03-14,100.97000122070312,0.029151,0.7112,0.398,4.1893,0.3873,0.029151,0,0.1535
AMD,2025-03-17,104.58999633789062,0.035852,1.2373,0.42,4.2601,0.5505,0.035852,0,0.1532
AMD,2025-03-18,103.51000213623048,-0.010326,0.774,0.4173,4.0715,0.5307,0.010326,0,0.1755
AMD,2025-03-19,106.2300033569336,0.026278,0.9158,0.4307,4.205,0.7042,0.026278,0,0.1735
AMD,2025-03-20,107.13999938964844,0.008566,0.7626,0.4328,4.1289,0.822,0.008566,0,0.1759
AMD,2025-03-21,106.44000244140624,-0.006533,0.8864,0.4219,4.0426,0.8259,0.006533,0,0.1696
AMD,2025-03-24,113.8499984741211,0.069617,1.4849,0.4822,4.3545,1.194,0.069617,0,0.0253
AMD,2025-03-25,114.80999755859376,0.008432,0.821,0.4569,4.2035,1.0974,0.008432,0,0.1325
AMD,2025-03-26,110.19000244140624,-0.04024,1.1077,0.4845,4.4189,0.8392,0.04024,0,0.1286
AMD,2025-03-27,106.6500015258789,-0.032126,0.9304,0.4623,4.4347,0.6565,0.032126,0,0.1623
AMD,2025-03-28,103.22000122070312,-0.032161,0.9,0.4797,4.4158,0.4874,0.032161,0,0.165
AMD,2025-03-31,102.73999786376952,-0.00465,0.9047,0.4755,4.4161,0.4526,0.00465,0,0.1834
AMD,2025-04-01,102.77999877929688,0.000389,0.7219,0.4677,4.2364,0.4492,0.000389,0,0.1639
AMD,2025-04-02,102.95999908447266,0.001751,0.6452,0.4668,4.1788,0.4547,0.001751,0,0.1656
AMD,2025-04-03,93.8000030517578,-0.088967,1.5154,0.5585,4.546,0.0481,0.088967,0,0.0053
AMD,2025-04-04,85.76000213623047,-0.085714,1.8848,0.628,4.9449,-0.1373,0.085714,1,-0.0283
AMD,2025-04-07,83.63999938964844,-0.02472,1.9307,0.6219,5.3953,-0.0898,0.02472,0,0.0534
AMD,2025-04-08,78.20999908447266,-0.064921,1.8246,0.6545,5.8992,-0.1086,0.064921,0,0.0175
AMD,2025-04-09,96.83999633789062,0.238205,2.3576,1.0878,6.8849,0.3879,0.238205,1,-0.171
AMD,2025-04-10,88.69999694824219,-0.084056,1.5051,1.1249,7.2346,0.199,0.084056,1,-0.0256
AMD,2025-04-11,93.4000015258789,0.052988,1.2869,1.137,7.1507,0.3291,0.052988,0,0.036
AMD,2025-04-14,94.5,0.011777,0.8072,1.1297,6.9235,0.3694,0.011777,0,0.0958
AMD,2025-04-15,95.29000091552734,0.00836,0.6297,1.13,6.5968,0.3992,0.00836,0,0.0954
AMD,2025-04-16,88.29000091552734,-0.07346,1.3461,1.1523,6.8392,0.2517,0.07346,1,-0.0081
AMD,2025-04-17,87.5,-0.008948,0.7478,1.1508,6.53,0.258,0.008948,0,0.0817
AMD,2025-04-21,85.55999755859375,-0.022171,0.7251,1.152,6.3314,0.2388,0.022171,0,0.0739
AMD,2025-04-22,86.26000213623047,0.008181,0.7696,1.1168,6.022,0.2754,0.008181,0,0.0964
AMD,2025-04-23,90.38999938964844,0.047878,0.8861,1.1348,6.1261,0.4005,0.047878,0,0.0485
AMD,2025-04-24,94.47000122070312,0.045138,0.7309,1.1447,6.0014,0.5458,0.045138,0,0.0489
AMD,2025-04-25,96.6500015258789,0.023076,0.623,1.1443,5.8763,0.6438,0.023076,0,0.0777
AMD,2025-04-28,96.38999938964844,-0.00269,0.6644,1.139,5.6866,0.6551,0.00269,0,0.0761
AMD,2025-04-29,96.05999755859376,-0.003424,0.4566,1.139,5.4125,0.6649,0.003424,0,0.0607
AMD,2025-04-30,97.3499984741211,0.013429,0.6514,1.1401,5.4316,0.741,0.013429,0,0.0897
AMD,2025-05-01,96.6500015258789,-0.007191,0.6422,1.1403,5.3044,0.7448,0.007191,0,0.0824
AMD,2025-05-02,98.8000030517578,0.022245,0.6649,1.0938,5.1562,0.8182,0.022245,0,0.095
AMD,2025-05-05,100.58999633789062,0.018117,0.9416,1.0407,5.0229,0.8535,0.018117,0,0.1017
AMD,2025-05-06,98.62000274658205,-0.019584,1.2615,1.0386,4.8891,0.7466,0.019584,0,0.0834
AMD,2025-05-07,100.36000061035156,0.017643,1.9724,1.0001,5.0071,0.8308,0.017643,0,0.0395
AMD,2025-05-08,101.6999969482422,0.013352,1.3017,0.5492,5.0123,0.8683,0.013352,0,0.156
AMD,2025-05-09,102.83999633789062,0.011209,0.7929,0.4426,4.7928,0.8784,0.011209,0,0.1818
AMD,2025-05-12,108.12000274658205,0.051342,1.2757,0.4404,5.0098,1.0236,0.051342,0,0.1137
AMD,2025-05-13,112.45999908447266,0.040141,1.3708,0.4551,5.0098,1.0673,0.040141,0,0.1144
AMD,2025-05-14,117.72000122070312,0.046772,1.9925,0.4743,5.3705,1.0945,0.046772,0,0.0655
AMD,2025-05-15,114.98999786376952,-0.023191,1.0287,0.3796,5.2519,0.9457,0.023191,0,0.1474
AMD,2025-05-16,117.16999816894533,0.018958,1.0085,0.3705,5.1089,0.9445,0.018958,0,0.1592
AMD,2025-05-19,114.73999786376952,-0.020739,0.8726,0.3686,4.9661,0.8475,0.020739,0,0.1669
AMD,2025-05-20,113.51000213623048,-0.01072,0.6761,0.3792,4.8014,0.7913,0.01072,0,0.1658
AMD,2025-05-21,112.05999755859376,-0.012774,1.0124,0.3685,4.8163,0.7277,0.012774,0,0.1769
AMD,2025-05-22,110.70999908447266,-0.012047,0.6828,0.354,4.6173,0.6672,0.012047,0,0.1704
AMD,2025-05-23,110.30999755859376,-0.003613,0.7186,0.3518,4.5268,0.6367,0.003613,0,0.1673
AMD,2025-05-27,114.55999755859376,0.038528,0.8744,0.367,4.567,0.7483,0.038528,0,0.1479
AMD,2025-05-28,112.86000061035156,-0.014839,0.6294,0.3743,4.4043,0.6731,0.014839,0,0.1628
AMD,2025-05-29,113.02999877929688,0.001506,0.6979,0.3745,4.3333,0.6597,0.001506,0,0.1653
AMD,2025-05-30,110.7300033569336,-0.020349,0.8197,0.3843,4.3388,0.5564,0.020349,0,0.1788
AMD,2025-06-02,114.62999725341795,0.035221,0.7704,0.3937,4.3239,0.6904,0.035221,0,0.1502
AMD,2025-06-03,117.30999755859376,0.02338,0.844,0.396,4.3293,0.7786,0.02338,0,0.1706
AMD,2025-06-04,118.58000183105467,0.010826,0.7238,0.3824,4.2751,0.8209,0.010826,0,0.1661
AMD,2025-06-05,115.69000244140624,-0.024372,0.847,0.3992,4.2933,0.6678,0.024372,0,0.1712
AMD,2025-06-06,116.19000244140624,0.004322,0.6954,0.3988,4.1788,0.6873,0.004322,0,0.174
AMD,2025-06-09,121.7300033569336,0.047681,1.3834,0.4241,4.3217,1.0665,0.047681,0,0.0936
AMD,2025-06-10,123.23999786376952,0.012404,1.052,0.3937,4.248,1.0842,0.012404,0,0.1272
AMD,2025-06-11,121.13999938964844,-0.01704,0.8388,0.3817,4.2725,0.8815,0.01704,0,0.1604
AMD,2025-06-12,118.5,-0.021793,1.2299,0.3566,4.2687,0.6973,0.021793,0,0.1514
AMD,2025-06-13,116.16000366210938,-0.019747,1.0982,0.3538,4.2095,0.535,0.019747,0,0.1663
AMD,2025-06-16,126.38999938964844,0.088068,2.5869,0.4677,4.7645,1.0841,0.088068,1,-0.0379
AMD,2025-06-17,127.0999984741211,0.005618,2.0886,0.4583,4.7321,1.0164,0.005618,0,0.0636
AMD,2025-06-18,126.79000091552734,-0.002439,1.1676,0.4553,4.6398,0.9323,0.002439,0,0.1521
AMD,2025-06-20,128.24000549316406,0.011436,1.8034,0.4502,4.7384,0.9333,0.011436,0,0.1066
AMD,2025-06-23,129.5800018310547,0.010449,1.4128,0.4446,4.8592,0.9319,0.010449,0,0.1505
AMD,2025-06-24,138.42999267578125,0.068298,1.62,0.49,5.17,1.1328,0.068298,0,0.0535
AMD,2025-06-25,143.39999389648438,0.035903,1.4821,0.4882,5.2114,1.125,0.035903,0,0.104
AMD,2025-06-26,143.67999267578125,0.001953,1.1216,0.4797,5.1313,1.0274,0.001953,0,0.1384
AMD,2025-06-27,143.80999755859375,0.000905,1.1589,0.4799,5.2019,0.9582,0.000905,0,0.1485
AMD,2025-06-30,141.89999389648438,-0.013281,0.7989,0.4741,5.1868,0.8707,0.013281,0,0.1748
AMD,2025-07-01,136.11000061035156,-0.040803,1.0075,0.5025,5.3006,0.7081,0.040803,0,0.1465
AMD,2025-07-02,138.52000427246094,0.017706,0.7139,0.5008,5.2477,0.7423,0.017706,0,0.1769
AMD,2025-07-03,137.91000366210938,-0.004404,0.5224,0.5029,5.0286,0.7053,0.004404,0,0.161
AMD,2025-07-07,134.8000030517578,-0.022551,0.6799,0.5014,4.9844,0.6089,0.022551,0,0.1735
AMD,2025-07-08,137.82000732421875,0.022404,0.6515,0.5036,4.9391,0.6695,0.022404,0,0.1694
AMD,2025-07-09,138.41000366210938,0.004281,0.6788,0.4826,4.8049,0.6666,0.004281,0,0.1817
AMD,2025-07-10,144.16000366210938,0.041543,1.1009,0.4979,4.9909,0.7989,0.041543,0,0.1512
AMD,2025-07-11,146.4199981689453,0.015677,0.8875,0.4892,5.0487,0.8301,0.015677,0,0.1832
AMD,2025-07-14,146.24000549316406,-0.001229,0.793,0.4768,5.0938,0.8047,0.001229,0,0.1704
AMD,2025-07-15,155.61000061035156,0.064073,1.5806,0.4975,5.6185,1.056,0.064073,0,0.0771
AMD,2025-07-16,160.0800018310547,0.028726,1.0437,0.4209,5.7536,1.0793,0.028726,0,0.1358
AMD,2025-07-17,160.41000366210938,0.002061,0.9168,0.4219,5.577,1.007,0.002061,0,0.1428
AMD,2025-07-18,156.99000549316406,-0.02132,0.8858,0.4356,5.5372,0.8774,0.02132,0,0.1708
AMD,2025-07-21,157.0,6.4e-05,0.7346,0.4373,5.3859,0.8462,6.4e-05,0,0.1622
AMD,2025-07-22,154.72000122070312,-0.014522,0.9373,0.4462,5.5484,0.7611,0.014522,0,0.1824
AMD,2025-07-23,158.64999389648438,0.025401,0.8227,0.3939,5.4899,0.836,0.025401,0,0.1728
AMD,2025-07-24,162.1199951171875,0.021872,0.9856,0.3833,5.4956,0.8823,0.021872,0,0.1703
AMD,2025-07-25,166.47000122070312,0.026832,1.0925,0.3896,5.4645,0.9301,0.026832,0,0.163
AMD,2025-07-28,173.66000366210938,0.043191,1.3868,0.4083,5.6621,1.0047,0.043191,0,0.1193
AMD,2025-07-29,177.44000244140625,0.021767,2.0606,0.4009,5.8755,0.993,0.021767,0,0.0726
AMD,2025-07-30,179.50999450683594,0.011666,1.2239,0.3501,5.9251,0.9626,0.011666,0,0.142
AMD,2025-07-31,176.30999755859375,-0.017826,1.3146,0.3676,6.1804,0.8609,0.017826,0,0.1441
AMD,2025-08-01,171.6999969482422,-0.026147,1.3244,0.3883,6.4168,0.753,0.026147,0,0.148
AMD,2025-08-04,176.77999877929688,0.029586,0.9176,0.3718,6.3985,0.8202,0.029586,0,0.1561
AMD,2025-08-05,174.30999755859375,-0.013972,1.4718,0.383,6.3836,0.7523,0.013972,0,0.1343
AMD,2025-08-06,163.1199951171875,-0.064196,2.0506,0.469,7.1069,0.5008,0.064196,0,0.049
AMD,2025-08-07,172.39999389648438,0.056891,1.427,0.4861,7.5014,0.6922,0.056891,0,0.1099
AMD,2025-08-08,172.75999450683594,0.002088,1.0153,0.4862,7.3913,0.6828,0.002088,0,0.1686
AMD,2025-08-11,172.27999877929688,-0.002778,1.0221,0.4867,7.5377,0.6538,0.002778,0,0.1757
AMD,2025-08-12,174.9499969482422,0.015498,0.7789,0.4418,7.475,0.7118,0.015498,0,0.1817
AMD,2025-08-13,184.4199981689453,0.05413,1.5581,0.4674,7.7768,0.9369,0.05413,0,0.0983
AMD,2025-08-14,180.9499969482422,-0.018816,0.9433,0.4764,7.6413,0.8032,0.018816,0,0.1699
AMD,2025-08-15,177.50999450683594,-0.019011,0.7318,0.4747,7.4312,0.6854,0.019011,0,0.1711
AMD,2025-08-18,176.13999938964844,-0.007718,0.5114,0.4769,7.2175,0.6253,0.007718,0,0.1657
AMD,2025-08-19,166.5500030517578,-0.054445,0.9072,0.5191,7.4191,0.2591,0.054445,0,0.115
AMD,2025-08-20,165.1999969482422,-0.008106,0.8368,0.5146,7.4892,0.1644,0.008106,0,0.1764
AMD,2025-08-21,163.7100067138672,-0.009019,0.5301,0.5108,7.2128,0.0887,0.009019,0,0.1449
AMD,2025-08-22,167.75999450683594,0.024739,0.6198,0.5095,7.1783,0.2565,0.024739,0,0.1539
AMD,2025-08-25,163.36000061035156,-0.026228,0.5208,0.4923,7.097,0.1158,0.026228,0,0.1374
AMD,2025-08-26,166.6199951171875,0.019956,0.7831,0.4912,7.048,0.2714,0.019956,0,0.1759
AMD,2025-08-27,167.1300048828125,0.003061,0.5681,0.4888,6.761,0.3126,0.003061,0,0.1737
AMD,2025-08-28,168.5800018310547,0.008676,0.5722,0.4872,6.588,0.3867,0.008676,0,0.1799
AMD,2025-08-29,162.6300048828125,-0.035295,0.6098,0.4943,6.5946,0.1751,0.035295,0,0.1324
AMD,2025-09-02,162.32000732421875,-0.001906,0.6357,0.4799,6.5528,0.1968,0.001906,0,0.1659
AMD,2025-09-03,162.1300048828125,-0.001171,0.5311,0.4784,6.3826,0.22,0.001171,0,0.153
AMD,2025-09-04,161.7899932861328,-0.002097,0.6077,0.4207,6.2367,0.2128,0.002097,0,0.1623
AMD,2025-09-05,151.13999938964844,-0.065826,1.5059,0.4258,6.6205,-0.0542,0.065826,0,0.04
AMD,2025-09-08,151.41000366210938,0.001786,0.8268,0.4257,6.3919,0.0361,0.001786,0,0.1441
AMD,2025-09-09,155.82000732421875,0.029126,0.8696,0.4438,6.3104,0.1986,0.029126,0,0.1616
AMD,2025-09-10,159.5399932861328,0.023874,1.0657,0.4498,6.4818,0.3232,0.023874,0,0.1747
AMD,2025-09-11,155.6699981689453,-0.024257,1.0553,0.398,6.3916,0.225,0.024257,0,0.1698
AMD,2025-09-12,158.57000732421875,0.018629,0.9374,0.4068,6.3272,0.3325,0.018629,0,0.1797
AMD,2025-09-15,161.16000366210938,0.016333,0.8306,0.4114,6.211,0.45,0.016333,0,0.1858
AMD,2025-09-16,160.4600067138672,-0.004343,0.6363,0.4112,5.9624,0.4448,0.004343,0,0.1784
AMD,2025-09-17,159.16000366210938,-0.008102,0.9775,0.3668,5.9558,0.3964,0.008102,0,0.1785
AMD,2025-09-18,157.9199981689453,-0.007791,1.9215,0.3668,6.1954,0.3509,0.007791,0,0.0935
AMD,2025-09-19,157.38999938964844,-0.003356,1.2355,0.3659,6.0343,0.3403,0.003356,0,0.1614
AMD,2025-09-22,159.7899932861328,0.015249,1.0333,0.3582,5.9811,0.4816,0.015249,0,0.1756
AMD,2025-09-23,160.89999389648438,0.006947,0.8733,0.3479,5.8524,0.5491,0.006947,0,0.1803
AMD,2025-09-24,160.8800048828125,-0.000124,0.8646,0.3394,5.9108,0.5677,0.000124,0,0.159
AMD,2025-09-25,161.27000427246094,0.002424,0.8276,0.3393,5.9779,0.6171,0.002424,0,0.1671
AMD,2025-09-26,159.4600067138672,-0.011223,0.6862,0.3387,5.9124,0.5371,0.011223,0,0.1655
AMD,2025-09-29,161.36000061035156,0.011915,0.8992,0.3191,5.8358,0.6896,0.011915,0,0.1649
AMD,2025-09-30,161.7899932861328,0.002665,0.6767,0.3192,5.6296,0.7268,0.002665,0,0.1524
AMD,2025-10-01,164.00999450683594,0.013721,0.9005,0.3228,5.4911,0.8778,0.013721,0,0.1538
AMD,2025-10-02,169.72999572753906,0.034876,1.22,0.3444,5.6024,1.1354,0.034876,0,0.0957
AMD,2025-10-03,164.6699981689453,-0.029812,0.9773,0.2637,5.7408,0.8084,0.029812,0,0.1131
AMD,2025-10-06,203.7100067138672,0.23708,4.6048,0.8664,9.7622,1.5099,0.23708,1,-0.2144
AMD,2025-10-07,211.5099945068359,0.03829,2.0064,0.8688,10.1499,1.2796,0.03829,0,0.0002
AMD,2025-10-08,235.55999755859375,0.113706,2.5367,0.9347,11.2228,1.273,0.113706,1,-0.1058
AMD,2025-10-09,232.88999938964844,-0.011335,1.4431,0.9275,11.1761,1.0873,0.011335,0,0.0554
AMD,2025-10-10,214.8999938964844,-0.077247,1.7156,0.992,11.8793,0.8631,0.077247,1,-0.007
AMD,2025-10-13,216.4199981689453,0.007073,0.8954,0.9927,11.6943,0.8363,0.007073,0,0.1212
AMD,2025-10-14,218.08999633789065,0.007716,0.9804,0.9902,11.5076,0.8146,0.007716,0,0.1148
AMD,2025-10-15,238.6000061035156,0.094044,1.4279,1.0216,12.1963,0.9258,0.094044,1,-0.0076
AMD,2025-10-16,234.55999755859375,-0.016932,0.9268,1.0256,11.9652,0.8501,0.016932,0,0.1079
AMD,2025-10-17,233.0800018310547,-0.00631,0.7416,1.0267,11.6441,0.8047,0.00631,0,0.1157
AMD,2025-10-20,240.55999755859375,0.032092,0.749,1.027,11.5124,0.8246,0.032092,0,0.1075
AMD,2025-10-21,238.02999877929688,-0.010517,0.6189,1.0324,11.2786,0.7764,0.010517,0,0.1152
AMD,2025-10-22,230.22999572753903,-0.032769,0.7729,1.0479,11.5623,0.6969,0.032769,0,0.0931
AMD,2025-10-23,234.9900054931641,0.020675,0.5047,1.0458,11.2621,0.7116,0.020675,0,0.0977
AMD,2025-10-24,252.9199981689453,0.076301,0.8974,1.0563,11.772,0.8233,0.076301,0,0.0244
AMD,2025-10-27,259.6700134277344,0.026688,0.8136,1.0551,11.6897,0.8473,0.026688,0,0.1094
AMD,2025-10-28,258.010009765625,-0.006393,0.5819,1.0582,11.3961,0.8121,0.006393,0,0.1036
AMD,2025-10-29,264.3299865722656,0.024495,0.6016,1.0573,11.2736,0.8496,0.024495,0,0.1023
AMD,2025-10-30,254.83999633789065,-0.035902,0.5542,1.0792,11.3269,0.7488,0.035902,0,0.0619
AMD,2025-10-31,256.1199951171875,0.005023,0.4249,1.0637,11.1407,0.7822,0.005023,0,0.0837
AMD,2025-11-03,259.6499938964844,0.013783,0.5159,0.7066,10.8463,0.812,0.013783,0,0.1311
AMD,2025-11-04,250.0500030517578,-0.036973,0.837,0.7214,10.9473,0.6466,0.036973,0,0.1243
AMD,2025-11-05,256.3299865722656,0.025115,1.0716,0.6117,11.3682,0.7286,0.025115,0,0.1502
AMD,2025-11-06,237.6999969482422,-0.07268,1.0748,0.6693,12.0269,0.4224,0.07268,0,0.0718
AMD,2025-11-07,233.5399932861328,-0.017501,0.8974,0.6063,12.1007,0.3251,0.017501,0,0.153
AMD,2025-11-10,243.97999572753903,0.044703,0.7589,0.6226,12.3335,0.4844,0.044703,0,0.1281
AMD,2025-11-11,237.52000427246097,-0.026478,1.0828,0.6337,12.4397,0.3141,0.026478,0,0.1405
AMD,2025-11-12,258.8900146484375,0.089971,1.9224,0.6262,13.4076,0.7689,0.089971,0,0.01
AMD,2025-11-13,247.9600067138672,-0.042219,1.1213,0.644,13.4192,0.5124,0.042219,0,0.1175
AMD,2025-11-14,246.80999755859375,-0.004638,0.852,0.6437,13.7721,0.4688,0.004638,0,0.136
AMD,2025-11-17,240.52000427246097,-0.025485,0.6899,0.6424,13.6184,0.3175,0.025485,0,0.1314
AMD,2025-11-18,230.2899932861328,-0.042533,0.8307,0.6597,13.7749,0.1008,0.042533,0,0.0985
AMD,2025-11-19,223.5500030517578,-0.029267,0.9551,0.6575,13.9031,-0.0154,0.029267,0,0.0933
AMD,2025-11-20,206.02000427246097,-0.078416,1.1867,0.7071,15.0329,-0.1831,0.078416,1,-0.0228
AMD,2025-11-21,203.77999877929688,-0.010873,1.2101,0.6374,14.947,-0.0749,0.010873,0,0.0632
AMD,2025-11-24,215.0500030517578,0.055305,0.8535,0.6667,14.8329,0.1348,0.055305,0,0.0757
AMD,2025-11-25,206.1300048828125,-0.041479,1.2484,0.6767,15.257,0.0742,0.041479,0,0.0799
AMD,2025-11-26,214.2400054931641,0.039344,0.7784,0.6888,14.8429,0.2091,0.039344,0,0.1022
AMD,2025-11-28,217.52999877929688,0.015357,0.3439,0.6868,14.0884,0.2764,0.015357,0,0.0891
AMD,2025-12-01,219.7599945068359,0.010251,0.569,0.6883,13.6164,0.326,0.010251,0,0.1277
AMD,2025-12-02,215.2400054931641,-0.020568,0.7727,0.6855,13.4717,0.2852,0.020568,0,0.1337
AMD,2025-12-03,217.6000061035156,0.010965,0.539,0.6801,12.9687,0.3382,0.010965,0,0.1273
AMD,2025-12-04,215.97999572753903,-0.007445,0.4817,0.6701,12.3981,0.3332,0.007445,0,0.1224
AMD,2025-12-05,217.97000122070312,0.009214,0.677,0.6264,12.0596,0.3791,0.009214,0,0.155
AMD,2025-12-08,221.11000061035156,0.014406,0.6431,0.6272,11.6082,0.4382,0.014406,0,0.1573
AMD,2025-12-09,221.6199951171875,0.002307,0.5331,0.6029,11.2741,0.4626,0.002307,0,0.1397
AMD,2025-12-10,221.4199981689453,-0.000902,0.5138,0.5972,10.7502,0.472,0.000902,0,0.1364
AMD,2025-12-11,221.42999267578125,4.5e-05,0.7415,0.4869,10.7902,0.5047,4.5e-05,0,0.1521
AMD,2025-12-12,210.77999877929688,-0.048096,0.9248,0.4929,10.9787,0.2967,0.048096,0,0.1142
AMD,2025-12-15,207.5800018310547,-0.015182,0.6968,0.4935,10.8217,0.2159,0.015182,0,0.1551
AMD,2025-12-16,209.1699981689453,0.00766,0.612,0.4921,10.4137,0.2581,0.00766,0,0.1576
AMD,2025-12-17,198.11000061035156,-0.052876,0.8394,0.5034,10.6677,-0.0697,0.052876,0,0.0572
AMD,2025-12-18,201.05999755859375,0.014891,0.8137,0.5019,10.495,0.0874,0.014891,0,0.1489
AMD,2025-12-19,213.42999267578125,0.061524,1.6177,0.4747,10.754,0.4993,0.061524,0,0.0743
AMD,2025-12-22,214.9499969482422,0.007122,0.7337,0.4725,10.4758,0.535,0.007122,0,0.1709
AMD,2025-12-23,214.8999938964844,-0.000233,0.6203,0.4303,10.0668,0.5335,0.000233,0,0.1517
AMD,2025-12-24,215.0399932861328,0.000651,0.2689,0.401,9.5313,0.523,0.000651,0,0.114
AMD,2025-12-26,214.9900054931641,-0.000232,0.5597,0.3766,9.122,0.5196,0.000232,0,0.1377
AMD,2025-12-29,215.61000061035156,0.002884,0.7183,0.3726,8.9568,0.5476,0.002884,0,0.1634
AMD,2025-12-30,215.33999633789065,-0.001252,0.5949,0.3705,8.4949,0.5465,0.001252,0,0.1494
AMD,2025-12-31,214.16000366210935,-0.00548,0.6673,0.3637,8.1624,0.5019,0.00548,0,0.1584
AMD,2026-01-02,223.47000122070312,0.043472,1.3622,0.3937,8.5072,0.8432,0.043472,0,0.1174
AMD,2026-01-05,221.0800018310547,-0.010695,1.1774,0.3949,8.8667,0.7373,0.010695,0,0.1557
AMD,2026-01-06,214.3500061035156,-0.030441,1.4575,0.4094,9.067,0.4952,0.030441,0,0.1268
AMD,2026-01-07,210.02000427246097,-0.020201,1.0843,0.4111,8.9322,0.352,0.020201,0,0.1647
AMD,2026-01-08,204.67999267578125,-0.025426,0.9994,0.4187,8.8377,0.1841,0.025426,0,0.1604
AMD,2026-01-09,203.1699981689453,-0.007377,0.8784,0.4188,8.5086,0.164,0.007377,0,0.1628
AMD,2026-01-12,207.69000244140625,0.022247,0.9959,0.4289,8.6209,0.3518,0.022247,0,0.1627
AMD,2026-01-13,220.97000122070312,0.063941,2.0041,0.4557,9.1065,0.8337,0.063941,0,0.0497
AMD,2026-01-14,223.6000061035156,0.011902,1.3929,0.4517,9.0975,0.8796,0.011902,0,0.146
AMD,2026-01-15,227.9199981689453,0.01932,1.8037,0.4548,9.5012,0.9539,0.01932,0,0.0937
AMD,2026-01-16,231.8300018310547,0.017155,1.3641,0.4021,9.2919,1.019,0.017155,0,0.1187
AMD,2026-01-20,231.9199981689453,0.000388,1.3887,0.4022,9.6346,0.9694,0.000388,0,0.1051
AMD,2026-01-21,249.8000030517578,0.077096,1.9425,0.4326,10.445,1.2196,0.077096,1,-0.0043
AMD,2026-01-22,253.72999572753903,0.015733,1.158,0.4334,10.3739,1.1226,0.015733,0,0.1111
AMD,2026-01-23,259.67999267578125,0.02345,1.3925,0.4351,10.5779,1.0823,0.02345,0,0.1024
AMD,2026-01-26,251.30999755859375,-0.032232,0.8698,0.4593,10.4923,0.8937,0.032232,0,0.1366
AMD,2026-01-27,252.02999877929688,0.002865,0.7184,0.4587,10.285,0.8581,0.002865,0,0.1531
AMD,2026-01-28,252.7400054931641,0.002817,0.7497,0.4587,10.064,0.8287,0.002817,0,0.1627
AMD,2026-01-29,252.17999267578125,-0.002216,0.8596,0.4589,10.7465,0.7891,0.002216,0,0.1545
AMD,2026-01-30,236.72999572753903,-0.061266,1.0541,0.5199,11.2382,0.5712,0.061266,0,0.083
AMD,2026-02-02,246.27000427246097,0.040299,0.9561,0.5169,11.5048,0.6825,0.040299,0,0.1428
AMD,2026-02-03,242.11000061035156,-0.016892,1.3603,0.5199,11.798,0.6135,0.016892,0,0.1272
AMD,2026-02-04,200.19000244140625,-0.173144,2.5282,0.8132,14.0238,0.0839,0.173144,1,-0.1338
AMD,2026-02-05,192.5,-0.038414,1.4131,0.8211,13.9736,0.031,0.038414,0,0.0649
AMD,2026-02-06,208.44000244140625,0.082805,1.2015,0.8703,14.1733,0.2145,0.082805,0,0.0162
AMD,2026-02-09,216.0,0.036269,0.842,0.8775,14.1217,0.2898,0.036269,0,0.1098
AMD,2026-02-10,213.57000732421875,-0.01125,0.5506,0.8766,13.5601,0.2516,0.01125,0,0.0985
AMD,2026-02-11,213.5800018310547,4.7e-05,0.7448,0.8465,13.3372,0.2602,4.7e-05,0,0.097
AMD,2026-02-12,205.94000244140625,-0.035771,0.7247,0.8543,13.336,0.1883,0.035771,0,0.1044
AMD,2026-02-13,207.32000732421875,0.006701,0.6083,0.8511,12.8242,0.2265,0.006701,0,0.1132
AMD,2026-02-17,203.0800018310547,-0.020452,0.7931,0.8496,12.8003,0.2059,0.020452,0,0.1195
AMD,2026-02-18,200.1199951171875,-0.014576,0.8476,0.85,12.4717,0.2029,0.014576,0,0.1239
AMD,2026-02-19,203.3699951171875,0.01624,0.6421,0.797,11.9959,0.2627,0.01624,0,0.1257
AMD,2026-02-20,200.1499938964844,-0.015833,0.9042,0.7919,11.5897,0.2534,0.015833,0,0.1333
AMD,2026-02-23,196.6000061035156,-0.017737,0.7191,0.7819,11.1905,0.2376,0.017737,0,0.1328
AMD,2026-02-24,213.83999633789065,0.087691,1.9497,0.8544,11.8276,0.4518,0.087691,0,0.0017
AMD,2026-02-25,210.86000061035156,-0.013936,1.0447,0.854,11.4377,0.4358,0.013936,0,0.1283
AMD,2026-02-26,203.67999267578125,-0.034051,0.813,0.8582,11.2922,0.3599,0.034051,0,0.1212
AMD,2026-02-27,200.2100067138672,-0.017036,0.7272,0.8582,10.9099,0.3222,0.017036,0,0.134
AMD,2026-03-02,198.6199951171875,-0.007942,0.7979,0.8365,10.8599,0.3136,0.007942,0,0.1345
AMD,2026-03-03,190.9499969482422,-0.038616,0.8821,0.8237,10.827,0.1582,0.038616,0,0.1148
AMD,2026-03-04,202.07000732421875,0.058235,0.9689,0.8594,10.9523,0.43,0.058235,0,0.0849
AMD,2026-03-05,199.4499969482422,-0.012966,0.931,0.5984,10.8064,0.3395,0.012966,0,0.166
AMD,2026-03-06,192.42999267578125,-0.035197,0.9103,0.5958,10.6766,0.0933,0.035197,0,0.1322
AMD,2026-03-09,202.67999267578125,0.053266,1.0659,0.5491,10.9105,0.4629,0.053266,0,0.1257
AMD,2026-03-10,203.22999572753903,0.002714,0.8097,0.5317,10.4447,0.5055,0.002714,0,0.1696
AMD,2026-03-11,204.8300018310547,0.007873,0.6432,0.5319,10.1258,0.5914,0.007873,0,0.1722
AMD,2026-03-12,197.7400054931641,-0.034614,0.8103,0.5445,9.9854,0.3115,0.034614,0,0.1564
AMD,2026-03-13,193.38999938964844,-0.021999,0.7781,0.5358,9.8014,0.1552,0.021999,0,0.1651
AMD,2026-03-16,196.5800018310547,0.016495,0.85,0.5392,9.5856,0.3159,0.016495,0,0.1796
AMD,2026-03-17,196.30999755859375,-0.001374,0.6493,0.5348,9.1831,0.3207,0.001374,0,0.1626
AMD,2026-03-18,199.4600067138672,0.016046,0.8227,0.5356,9.035,0.4618,0.016046,0,0.181
AMD,2026-03-19,205.27000427246097,0.029129,0.92,0.5426,9.3218,0.7124,0.029129,0,0.1677
AMD,2026-03-20,201.3300018310547,-0.019194,1.0618,0.5441,9.2302,0.5373,0.019194,0,0.1745
AMD,2026-03-23,202.67999267578125,0.006705,0.903,0.54,9.1266,0.5839,0.006705,0,0.1797
AMD,2026-03-24,205.3699951171875,0.013272,0.8369,0.4385,8.9247,0.7559,0.013272,0,0.1724
AMD,2026-03-25,220.27000427246097,0.072552,1.4806,0.5083,9.4273,1.2802,0.072552,0,0.0222
AMD,2026-03-26,203.77000427246097,-0.074908,1.47,0.565,10.0089,0.6179,0.074908,0,0.0532
AMD,2026-03-27,201.9900054931641,-0.008735,0.8751,0.5623,9.7282,0.5429,0.008735,0,0.179
AMD,2026-03-30,196.0399932861328,-0.029457,1.2175,0.572,10.1448,0.3118,0.029457,0,0.1472
AMD,2026-03-31,203.42999267578125,0.037696,1.2466,0.5678,9.9887,0.5855,0.037696,0,0.1472
AMD,2026-04-01,210.2100067138672,0.033328,1.2031,0.5425,10.0181,0.8376,0.033328,0,0.1498
AMD,2026-04-02,217.5,0.03468,1.1291,0.5507,10.5283,1.0205,0.03468,0,0.1362
AMD,2026-04-06,220.17999267578125,0.012322,0.9079,0.5303,10.4055,1.0239,0.012322,0,0.1453
AMD,2026-04-07,221.52999877929688,0.006131,0.7955,0.5017,10.1423,0.9797,0.006131,0,0.1463
AMD,2026-04-08,231.82000732421875,0.04645,1.0562,0.5227,10.3085,1.1064,0.04645,0,0.1021
AMD,2026-04-09,236.63999938964844,0.020792,0.8023,0.525,10.0144,1.0752,0.020792,0,0.1346
AMD,2026-04-10,245.0399932861328,0.035497,1.0669,0.5086,10.2233,1.0906,0.035497,0,0.1298
AMD,2026-04-13,246.8300018310547,0.007305,0.671,0.4936,9.8717,1.0214,0.007305,0,0.1355
AMD,2026-04-14,255.07000732421875,0.033383,0.7631,0.4989,9.8637,1.0366,0.033383,0,0.1318
AMD,2026-04-15,258.1199951171875,0.011957,0.7302,0.4959,9.6113,0.9915,0.011957,0,0.1458
AMD,2026-04-16,278.260009765625,0.078026,1.8199,0.5452,10.4405,1.0934,0.078026,0,0.0321
AMD,2026-04-17,278.3900146484375,0.000467,0.9923,0.5465,10.1883,0.9986,0.000467,0,0.1291
AMD,2026-04-20,274.95001220703125,-0.012357,0.9764,0.5412,10.5756,0.9079,0.012357,0,0.156
AMD,2026-04-21,284.489990234375,0.034697,1.0811,0.5437,10.6237,0.931,0.034697,0,0.15
AMD,2026-04-22,303.4599914550781,0.066681,1.3215,0.5704,11.2763,1.0011,0.066681,0,0.0708
AMD,2026-04-23,305.3299865722656,0.006162,1.2338,0.5375,11.218,0.9429,0.006162,0,0.1247
AMD,2026-04-24,347.80999755859375,0.139128,2.1147,0.5868,13.821,1.0977,0.139128,1,-0.0731
AMD,2026-04-27,334.6300048828125,-0.037894,1.2753,0.619,14.2909,0.9494,0.037894,0,0.0885
AMD,2026-04-28,323.2099914550781,-0.034127,1.0815,0.6248,15.0294,0.8471,0.034127,0,0.1094
AMD,2026-04-29,337.1099853515625,0.043006,1.1209,0.6264,15.4781,0.8848,0.043006,0,0.1126
AMD,2026-04-30,354.489990234375,0.051556,1.0543,0.6324,15.9696,0.9294,0.051556,0,0.0966
AMD,2026-05-01,360.5400085449219,0.017067,0.8627,0.6328,15.7961,0.9115,0.017067,0,0.12
AMD,2026-05-04,341.5400085449219,-0.052699,1.0423,0.6912,16.3214,0.7812,0.052699,0,0.0682
AMD,2026-05-05,355.260009765625,0.040171,1.5227,0.6907,16.4434,0.8271,0.040171,0,0.0819
AMD,2026-05-06,421.3900146484375,0.186145,1.9585,0.8963,20.6503,1.0804,0.186145,1,-0.1387
AMD,2026-05-07,408.4599914550781,-0.030684,0.9825,0.9229,20.6489,0.9527,0.030684,0,0.055
AMD,2026-05-08,455.19000244140625,0.114405,1.2431,0.9713,22.5904,1.064,0.114405,1,-0.0645
AMD,2026-05-11,458.7900085449219,0.007909,0.9615,0.9711,22.2868,0.9984,0.007909,0,0.0464
AMD,2026-05-12,448.2900085449219,-0.022886,0.8053,0.9912,23.0299,0.9051,0.022886,0,0.0644
AMD,2026-05-13,445.5,-0.006224,0.6223,0.9978,23.3027,0.8562,0.006224,0,0.0656
AMD,2026-05-14,449.7000122070313,0.009428,0.5562,0.9831,22.8975,0.8359,0.009428,0,0.0652
AMD,2026-05-15,424.1000061035156,-0.056927,0.6247,1.0231,23.1434,0.7133,0.056927,1,-0.0009
AMD,2026-05-18,420.989990234375,-0.007333,0.6139,1.021,23.4967,0.6813,0.007333,0,0.0677
AMD,2026-05-19,414.0499877929687,-0.016485,0.837,1.0296,24.3463,0.6326,0.016485,0,0.0613
AMD,2026-05-20,447.5799865722656,0.080981,0.7915,1.0392,25.1315,0.7644,0.080981,1,-0.0096
AMD,2026-05-21,449.5899963378906,0.004491,0.6091,1.0396,24.7364,0.7531,0.004491,0,0.0537
AMD,2026-05-22,467.510009765625,0.039859,0.8199,0.946,25.2424,0.8101,0.039859,0,0.0648
AMD,2026-05-26,503.8900146484375,0.077817,0.9207,0.947,26.2572,0.9364,0.077817,0,0.0
AMD,2026-05-27,495.5400085449219,-0.016571,0.6726,0.9351,26.0639,0.8656,0.016571,0,0.0585
AMD,2026-05-28,518.0900268554688,0.045506,0.779,0.9358,26.6079,0.9335,0.045506,0,0.0398
AMD,2026-05-29,516.0999755859375,-0.003841,0.7741,0.9343,26.0337,0.8838,0.003841,0,0.0625
AMD,2026-06-01,510.1300048828125,-0.011567,0.8381,0.9412,26.367,0.8249,0.011567,0,0.0658
AMD,2026-06-02,521.5399780273438,0.022367,0.6252,0.9022,26.003,0.8699,0.022367,0,0.0545
AMD,2026-06-03,542.52001953125,0.040227,0.7924,0.9022,25.9242,0.9666,0.040227,0,0.0484
AMD,2026-06-04,523.2000122070312,-0.035612,0.8516,0.6877,27.1189,0.8141,0.035612,0,0.0489
AMD,2026-06-05,466.3800048828125,-0.108601,1.368,0.7982,29.414,0.4514,0.108601,1,-0.0699
AMD,2026-06-08,490.3299865722656,0.051353,0.7709,0.7134,29.3551,0.5944,0.051353,0,0.023
AMD,2026-06-09,475.510009765625,-0.030224,1.1731,0.7239,32.099,0.4934,0.030224,0,0.0133
AMD,2026-06-10,452.3999938964844,-0.0486,0.8775,0.7415,31.8862,0.3416,0.0486,1,-0.0013
AMD,2026-06-11,488.4500122070313,0.079686,0.9623,0.7907,32.3272,0.5633,0.079686,1,-0.0217
AMD,2026-06-12,511.5700073242187,0.047333,0.9883,0.8044,32.3939,0.6958,0.047333,0,0.0276
AMD,2026-06-15,547.260009765625,0.069766,1.0416,0.795,33.4229,0.8901,0.069766,1,-0.0127
AMD,2026-06-16,507.2900085449219,-0.073037,0.8839,0.8507,34.0141,0.6072,0.073037,1,-0.0312
AMD,2026-06-17,512.47998046875,0.010231,0.8582,0.8446,33.3852,0.628,0.010231,0,0.0236
AMD,2026-06-18,537.3699951171875,0.048568,1.3713,0.8169,32.9441,0.8133,0.048568,0,0.0015
INTC,2024-07-19,32.7721061706543,-0.054201,1.283,0.3794,1.3213,0.5524,0.054201,0,0.1183
INTC,2024-07-22,33.15964889526367,0.011825,0.93,0.3782,1.2613,0.5931,0.011825,0,0.1774
INTC,2024-07-23,32.7422981262207,-0.012586,0.5711,0.3755,1.198,0.5161,0.012586,0,0.1731
INTC,2024-07-24,31.50017547607422,-0.037936,1.1685,0.4038,1.2052,0.3147,0.037936,0,0.1572
INTC,2024-07-25,30.90395736694336,-0.018927,0.9184,0.4095,1.1907,0.21,0.018927,0,0.18
INTC,2024-07-26,31.152381896972656,0.008039,0.7024,0.4103,1.136,0.2352,0.008039,0,0.1778
INTC,2024-07-29,30.63566017150879,-0.016587,0.5973,0.413,1.098,0.153,0.016587,0,0.1693
INTC,2024-07-30,29.94007110595703,-0.022705,0.8784,0.4207,1.0814,0.0611,0.022705,0,0.1688
INTC,2024-07-31,30.546226501464844,0.020246,1.003,0.4264,1.0534,0.1644,0.020246,0,0.1734
INTC,2024-08-01,28.866878509521484,-0.054977,1.7908,0.4678,1.1163,-0.0221,0.054977,0,0.0834
INTC,2024-08-02,21.3445987701416,-0.260585,4.1272,1.0162,1.7086,-0.3693,0.260585,1,-0.1905
INTC,2024-08-05,19.983234405517575,-0.06378,1.9353,0.9838,1.7454,-0.2005,0.06378,0,0.0087
INTC,2024-08-06,19.704999923706055,-0.013923,1.3923,0.9724,1.6773,-0.0744,0.013923,0,0.1008
INTC,2024-08-07,18.989999771118164,-0.036285,1.2417,0.9649,1.648,-0.0107,0.036285,0,0.1082
INTC,2024-08-08,20.489999771118164,0.078989,1.1958,1.0347,1.6528,0.1135,0.078989,0,0.0374
INTC,2024-08-09,19.709999084472656,-0.038067,0.9355,1.018,1.6019,0.1275,0.038067,0,0.1276
INTC,2024-08-12,19.36000061035156,-0.017757,0.6635,1.0145,1.5537,0.1543,0.017757,0,0.144
INTC,2024-08-13,20.469999313354492,0.057335,0.9134,1.0544,1.5207,0.2288,0.057335,0,0.0941
INTC,2024-08-14,19.920000076293945,-0.026869,0.6915,1.0499,1.4594,0.2336,0.026869,0,0.1443
INTC,2024-08-15,20.690000534057617,0.038655,1.0329,1.0663,1.4354,0.2871,0.038655,0,0.1228
INTC,2024-08-16,20.8700008392334,0.0087,0.5993,1.0653,1.3644,0.3153,0.0087,0,0.1381
INTC,2024-08-19,21.520000457763672,0.031145,0.805,1.0751,1.3387,0.3628,0.031145,0,0.1392
INTC,2024-08-20,20.989999771118164,-0.024628,0.994,1.075,1.2911,0.357,0.024628,0,0.1439
INTC,2024-08-21,21.40999984741211,0.02001,0.6756,1.0814,1.2286,0.3965,0.02001,0,0.1427
INTC,2024-08-22,20.100000381469727,-0.061186,0.9471,1.093,1.2391,0.3463,0.061186,0,0.0888
INTC,2024-08-23,20.540000915527344,0.021891,0.8365,1.0986,1.2089,0.3902,0.021891,0,0.1401
INTC,2024-08-26,20.1299991607666,-0.019961,0.6573,1.0986,1.1647,0.3831,0.019961,0,0.1418
INTC,2024-08-27,20.06999969482422,-0.002981,0.4938,1.0997,1.11,0.3977,0.002981,0,0.1188
INTC,2024-08-28,19.61000061035156,-0.02292,0.5664,1.0909,1.0726,0.3613,0.02292,0,0.1308
INTC,2024-08-29,20.1299991607666,0.026517,0.7471,1.0939,1.0665,0.4379,0.026517,0,0.1385
INTC,2024-08-30,22.040000915527344,0.094883,2.2162,0.6898,1.134,1.0605,0.094883,0,0.0534
INTC,2024-09-03,20.100000381469727,-0.088022,1.4666,0.7252,1.2009,0.42,0.088022,0,0.0602
INTC,2024-09-04,19.43000030517578,-0.033333,1.1069,0.7338,1.1731,0.209,0.033333,0,0.1607
INTC,2024-09-05,19.399999618530273,-0.001544,0.861,0.721,1.1358,0.1791,0.001544,0,0.1545
INTC,2024-09-06,18.88999938964844,-0.026289,1.2237,0.6668,1.115,0.0727,0.026289,0,0.1552
INTC,2024-09-09,19.06999969482422,0.009529,0.8551,0.6552,1.0813,0.1535,0.009529,0,0.1702
INTC,2024-09-10,18.979999542236328,-0.004719,0.7398,0.6523,1.0464,0.1429,0.004719,0,0.1669
INTC,2024-09-11,19.63999938964844,0.034773,0.9536,0.6305,1.0553,0.3465,0.034773,0,0.1726
INTC,2024-09-12,19.36000061035156,-0.014257,0.6905,0.6253,1.0224,0.2789,0.014257,0,0.1836
INTC,2024-09-13,19.65999984741211,0.015496,0.6094,0.6112,0.9803,0.377,0.015496,0,0.1875
INTC,2024-09-16,20.90999984741211,0.063581,1.9239,0.6533,1.0113,0.7278,0.063581,0,0.1032
INTC,2024-09-17,21.469999313354492,0.026781,2.3325,0.6508,1.0589,0.8876,0.026781,0,0.1159
INTC,2024-09-18,20.770000457763672,-0.032604,1.3827,0.6555,1.0561,0.6955,0.032604,0,0.1709
INTC,2024-09-19,21.13999938964844,0.017814,1.1343,0.6547,1.0463,0.812,0.017814,0,0.1878
INTC,2024-09-20,21.84000015258789,0.033113,2.6856,0.6223,1.1718,0.9457,0.033113,0,0.0753
INTC,2024-09-23,22.559999465942383,0.032967,1.7993,0.6275,1.158,1.0307,0.032967,0,0.1348
INTC,2024-09-24,22.809999465942383,0.011082,1.0746,0.6205,1.1337,0.9937,0.011082,0,0.168
INTC,2024-09-25,23.540000915527344,0.032004,1.0746,0.6254,1.1478,1.0281,0.032004,0,0.1623
INTC,2024-09-26,23.920000076293945,0.016143,0.8584,0.6145,1.1494,0.9985,0.016143,0,0.1735
INTC,2024-09-27,23.90999984741211,-0.000418,0.7653,0.6127,1.1358,0.9292,0.000418,0,0.1656
INTC,2024-09-30,23.459999084472656,-0.018821,0.6218,0.5295,1.116,0.8383,0.018821,0,0.1777
INTC,2024-10-01,22.690000534057617,-0.032822,0.8208,0.4295,1.1407,0.7099,0.032822,0,0.1765
INTC,2024-10-02,22.38999938964844,-0.013222,0.5684,0.4103,1.1105,0.6503,0.013222,0,0.185
INTC,2024-10-03,22.260000228881836,-0.005806,0.4809,0.4118,1.1083,0.6151,0.005806,0,0.1827
INTC,2024-10-04,22.59000015258789,0.014825,0.4939,0.3929,1.0755,0.6439,0.014825,0,0.1767
INTC,2024-10-07,22.3799991607666,-0.009296,0.5468,0.3984,1.0435,0.5928,0.009296,0,0.1874
INTC,2024-10-08,23.31999969482422,0.042002,0.583,0.4123,1.0669,0.7294,0.042002,0,0.1384
INTC,2024-10-09,23.459999084472656,0.006003,0.4508,0.4026,1.0206,0.7346,0.006003,0,0.1701
INTC,2024-10-10,23.219999313354492,-0.01023,0.4535,0.3997,0.9883,0.675,0.01023,0,0.1775
INTC,2024-10-11,23.559999465942383,0.014643,0.4406,0.3995,0.9777,0.7434,0.014643,0,0.1672
INTC,2024-10-14,23.440000534057617,-0.005093,0.3798,0.3469,0.9435,0.6942,0.005093,0,0.1491
INTC,2024-10-15,22.65999984741211,-0.033276,0.7933,0.3641,0.9654,0.4603,0.033276,0,0.1606
INTC,2024-10-16,22.309999465942383,-0.015446,0.7397,0.3466,0.9622,0.3052,0.015446,0,0.169
INTC,2024-10-17,22.440000534057617,0.005827,0.5394,0.3427,0.9298,0.2952,0.005827,0,0.1586
INTC,2024-10-18,22.770000457763672,0.014706,0.5694,0.3273,0.8905,0.4029,0.014706,0,0.1604
INTC,2024-10-21,22.84000015258789,0.003074,0.631,0.3067,0.8718,0.4272,0.003074,0,0.1552
INTC,2024-10-22,22.399999618530273,-0.019264,0.8386,0.3121,0.8574,0.2418,0.019264,0,0.1485
INTC,2024-10-23,21.979999542236328,-0.01875,0.8141,0.2929,0.8569,0.107,0.01875,0,0.1259
INTC,2024-10-24,22.34000015258789,0.016379,0.7578,0.2931,0.8242,0.2796,0.016379,0,0.1348
INTC,2024-10-25,22.68000030517578,0.015219,1.2835,0.3003,0.8368,0.4588,0.015219,0,0.1355
INTC,2024-10-28,22.920000076293945,0.010582,0.8159,0.2972,0.8277,0.603,0.010582,0,0.1461
INTC,2024-10-29,22.899999618530273,-0.000873,1.6284,0.2724,0.8207,0.586,0.000873,0,0.0925
INTC,2024-10-30,22.299999237060547,-0.026201,1.0023,0.2847,0.8099,0.262,0.026201,0,0.1244
INTC,2024-10-31,21.520000457763672,-0.034978,2.0842,0.3102,0.8114,-0.0614,0.034978,0,0.0461
INTC,2024-11-01,23.200000762939453,0.078067,2.8839,0.4172,0.9006,0.7179,0.078067,1,-0.0061
INTC,2024-11-04,22.520000457763672,-0.02931,1.3729,0.43,0.922,0.3973,0.02931,0,0.1781
INTC,2024-11-05,23.31999969482422,0.035524,0.9593,0.4223,0.9405,0.7725,0.035524,0,0.1728
INTC,2024-11-06,25.049999237060547,0.074185,1.7892,0.4972,1.0019,1.2655,0.074185,0,0.0529
INTC,2024-11-07,26.229999542236328,0.047106,1.4905,0.517,1.0254,1.2733,0.047106,0,0.077
INTC,2024-11-08,26.200000762939453,-0.001144,1.096,0.5168,0.995,1.1079,0.001144,0,0.1316
INTC,2024-11-11,25.049999237060547,-0.043893,1.1141,0.5453,1.0282,0.8471,0.043893,0,0.1528
INTC,2024-11-12,24.15999984741211,-0.035529,0.8728,0.5473,1.0376,0.6665,0.035529,0,0.1779
INTC,2024-11-13,24.920000076293945,0.031457,0.8145,0.5508,1.0435,0.7765,0.031457,0,0.1817
INTC,2024-11-14,25.030000686645508,0.004414,0.6866,0.5509,1.0182,0.7676,0.004414,0,0.1873
INTC,2024-11-15,24.350000381469727,-0.027167,0.7602,0.5621,1.0026,0.6334,0.027167,0,0.1881
INTC,2024-11-18,24.84000015258789,0.020123,0.811,0.565,0.9925,0.7003,0.020123,0,0.1947
INTC,2024-11-19,24.200000762939453,-0.025765,0.8266,0.5691,0.9744,0.5741,0.025765,0,0.1931
INTC,2024-11-20,24.010000228881836,-0.007851,0.676,0.5645,0.9519,0.5231,0.007851,0,0.1962
INTC,2024-11-21,24.440000534057617,0.017909,0.784,0.5649,0.9511,0.587,0.017909,0,0.1986
INTC,2024-11-22,24.5,0.002455,0.4996,0.5637,0.9217,0.5832,0.002455,0,0.1805
INTC,2024-11-25,24.8700008392334,0.015102,1.1976,0.5646,0.9323,0.6397,0.015102,0,0.193
INTC,2024-11-26,24.049999237060547,-0.032972,0.9232,0.5801,0.95,0.4607,0.032972,0,0.1818
INTC,2024-11-27,23.649999618530273,-0.016632,0.7146,0.5746,0.9529,0.3533,0.016632,0,0.1921
INTC,2024-11-29,24.049999237060547,0.016913,0.5103,0.5577,0.9334,0.395,0.016913,0,0.1794
INTC,2024-12-02,23.93000030517578,-0.00499,2.1313,0.4894,1.0124,0.3454,0.00499,0,0.1185
INTC,2024-12-03,22.469999313354492,-0.061011,1.8851,0.5278,1.0466,-0.069,0.061011,0,0.056
INTC,2024-12-04,21.959999084472656,-0.022697,1.3849,0.5167,1.0239,-0.1018,0.022697,0,0.1205
INTC,2024-12-05,20.799999237060547,-0.052823,2.1503,0.4603,1.0601,-0.1615,0.052823,0,0.0288
INTC,2024-12-06,20.920000076293945,0.005769,1.0203,0.4148,1.0122,-0.0435,0.005769,0,0.1407
INTC,2024-12-09,20.809999465942383,-0.005258,0.8984,0.4138,0.9635,0.0056,0.005258,0,0.1572
INTC,2024-12-10,20.15999984741211,-0.031235,1.1675,0.4028,0.9589,-0.0093,0.031235,0,0.1435
INTC,2024-12-11,20.1200008392334,-0.001984,0.9677,0.3926,0.9176,0.0573,0.001984,0,0.1545
INTC,2024-12-12,20.780000686645508,0.032803,0.9873,0.3945,0.922,0.1874,0.032803,0,0.1562
INTC,2024-12-13,20.34000015258789,-0.021174,0.6976,0.3936,0.8955,0.1635,0.021174,0,0.1724
INTC,2024-12-16,20.829999923706055,0.02409,0.9238,0.4059,0.9101,0.2572,0.02409,0,0.1753
INTC,2024-12-17,20.440000534057617,-0.018723,0.6509,0.3941,0.8836,0.2305,0.018723,0,0.1813
INTC,2024-12-18,19.299999237060547,-0.055773,1.0652,0.4239,0.9184,0.1202,0.055773,0,0.1184
INTC,2024-12-19,19.059999465942383,-0.012435,0.8457,0.4238,0.8999,0.1338,0.012435,0,0.1838
INTC,2024-12-20,19.520000457763672,0.024134,1.288,0.43,0.8971,0.2212,0.024134,0,0.1688
INTC,2024-12-23,20.200000762939453,0.034836,0.6801,0.4577,0.8837,0.3304,0.034836,0,0.1652
INTC,2024-12-24,20.399999618530273,0.009901,0.3636,0.4544,0.852,0.3769,0.009901,0,0.1672
INTC,2024-12-26,20.440000534057617,0.001961,0.4937,0.4473,0.8333,0.4026,0.001961,0,0.1742
INTC,2024-12-27,20.299999237060547,-0.006849,0.6001,0.446,0.8109,0.3981,0.006849,0,0.1935
INTC,2024-12-30,19.81999969482422,-0.023645,0.7307,0.4401,0.7937,0.3174,0.023645,0,0.186
INTC,2024-12-31,20.049999237060547,0.011604,0.6512,0.4461,0.7784,0.3788,0.011604,0,0.1891
INTC,2025-01-02,20.219999313354492,0.008479,0.6454,0.4037,0.7536,0.4594,0.008479,0,0.1831
INTC,2025-01-03,20.559999465942383,0.016815,0.7081,0.405,0.7433,0.6495,0.016815,0,0.1813
INTC,2025-01-06,19.8700008392334,-0.03356,1.2824,0.3785,0.7759,0.3323,0.03356,0,0.1627
INTC,2025-01-07,20.010000228881836,0.007046,0.963,0.3788,0.7541,0.4202,0.007046,0,0.1822
INTC,2025-01-08,19.8799991607666,-0.006497,0.7597,0.379,0.7295,0.3703,0.006497,0,0.1834
INTC,2025-01-10,19.149999618530273,-0.03672,1.1471,0.3851,0.7467,0.044,0.03672,0,0.1361
INTC,2025-01-13,19.200000762939453,0.002611,0.8322,0.3855,0.7305,0.1189,0.002611,0,0.1536
INTC,2025-01-14,19.200000762939453,0.0,0.7943,0.3631,0.7283,0.1546,0.0,0,0.1387
INTC,2025-01-15,19.719999313354492,0.027083,0.9476,0.3725,0.7191,0.4109,0.027083,0,0.1684
INTC,2025-01-16,19.670000076293945,-0.002535,0.7745,0.3603,0.7071,0.4068,0.002535,0,0.1647
INTC,2025-01-17,21.489999771118164,0.092527,2.6133,0.488,0.7958,1.1663,0.092527,1,-0.0124
INTC,2025-01-21,21.770000457763672,0.013029,1.499,0.4367,0.8047,1.1147,0.013029,0,0.1115
INTC,2025-01-22,21.86000061035156,0.004134,0.9555,0.4311,0.7987,1.0421,0.004134,0,0.1454
INTC,2025-01-23,21.56999969482422,-0.013266,0.9118,0.4321,0.778,0.8942,0.013266,0,0.1721
INTC,2025-01-24,20.829999923706055,-0.034307,1.0765,0.4391,0.781,0.6587,0.034307,0,0.1767
INTC,2025-01-27,20.290000915527344,-0.025924,1.3004,0.4488,0.791,0.4985,0.025924,0,0.1844
INTC,2025-01-28,19.799999237060547,-0.02415,1.1131,0.4568,0.7773,0.3622,0.02415,0,0.188
INTC,2025-01-29,19.75,-0.002525,1.2747,0.4564,0.7518,0.3569,0.002525,0,0.1739
INTC,2025-01-30,20.010000228881836,0.013165,1.5388,0.4508,0.746,0.4304,0.013165,0,0.165
INTC,2025-01-31,19.43000030517578,-0.028986,1.5896,0.4609,0.7605,0.2728,0.028986,0,0.1479
INTC,2025-02-03,19.3799991607666,-0.002573,1.0307,0.4595,0.7755,0.2757,0.002573,0,0.1779
INTC,2025-02-04,19.290000915527344,-0.004644,0.7169,0.4543,0.7565,0.2724,0.004644,0,0.1868
INTC,2025-02-05,19.649999618530273,0.018662,0.8854,0.4451,0.7639,0.3761,0.018662,0,0.1974
INTC,2025-02-06,19.3799991607666,-0.01374,0.6173,0.4468,0.7436,0.3131,0.01374,0,0.1884
INTC,2025-02-07,19.100000381469727,-0.014448,0.7842,0.4489,0.7155,0.254,0.014448,0,0.1868
INTC,2025-02-10,19.770000457763672,0.035079,0.9812,0.4468,0.7344,0.4219,0.035079,0,0.1748
INTC,2025-02-11,20.969999313354492,0.060698,1.9008,0.4931,0.8327,0.7238,0.060698,0,0.101
INTC,2025-02-12,22.479999542236328,0.072008,1.909,0.547,0.8896,1.0275,0.072008,0,0.0858
INTC,2025-02-13,24.1299991607666,0.073399,2.6227,0.5908,0.9939,1.1791,0.073399,0,0.0255
INTC,2025-02-14,23.600000381469727,-0.021964,2.2123,0.6006,1.0894,0.9873,0.021964,0,0.1093
INTC,2025-02-18,27.38999938964844,0.160593,2.5852,0.7539,1.2937,1.2601,0.160593,1,-0.0735
INTC,2025-02-19,25.719999313354492,-0.060971,1.3471,0.7986,1.3392,0.9807,0.060971,0,0.1096
INTC,2025-02-20,26.09000015258789,0.014386,1.2393,0.7985,1.3606,0.9514,0.014386,0,0.1598
INTC,2025-02-21,24.8700008392334,-0.046761,0.9323,0.82,1.367,0.804,0.046761,0,0.1497
INTC,2025-02-24,24.270000457763672,-0.024125,0.7551,0.8138,1.3587,0.7274,0.024125,0,0.176
INTC,2025-02-25,22.989999771118164,-0.05274,0.733,0.8343,1.3695,0.5991,0.05274,0,0.125
INTC,2025-02-26,23.520000457763672,0.023054,0.5576,0.8273,1.3309,0.6317,0.023054,0,0.1682
INTC,2025-02-27,23.09000015258789,-0.018282,0.8053,0.8323,1.3309,0.5781,0.018282,0,0.1836
INTC,2025-02-28,23.729999542236328,0.027718,0.8583,0.8349,1.3644,0.6223,0.027718,0,0.1795
INTC,2025-03-03,22.739999771118164,-0.041719,1.1535,0.8439,1.4469,0.513,0.041719,0,0.1567
INTC,2025-03-04,21.329999923706055,-0.062005,1.2052,0.8805,1.485,0.359,0.062005,0,0.1285
INTC,2025-03-05,20.809999465942383,-0.024379,0.9791,0.8865,1.4632,0.2902,0.024379,0,0.17
INTC,2025-03-06,20.75,-0.002883,0.7339,0.8854,1.4394,0.2716,0.002883,0,0.1625
INTC,2025-03-07,20.63999938964844,-0.005301,0.6087,0.8837,1.4145,0.2431,0.005301,0,0.1588
INTC,2025-03-10,19.93000030517578,-0.034399,0.6155,0.8922,1.3841,0.1467,0.034399,0,0.1395
INTC,2025-03-11,19.780000686645508,-0.007526,0.5991,0.885,1.3403,0.1289,0.007526,0,0.1466
INTC,2025-03-12,20.68000030517578,0.0455,0.9622,0.8731,1.3438,0.2381,0.0455,0,0.1396
INTC,2025-03-13,23.700000762939453,0.146035,1.7659,0.9856,1.5228,0.5828,0.146035,1,-0.02
INTC,2025-03-14,24.049999237060547,0.014768,0.8912,0.9525,1.4748,0.6242,0.014768,0,0.1775
INTC,2025-03-17,25.690000534057617,0.068191,1.2587,0.9766,1.5194,0.792,0.068191,0,0.1076
INTC,2025-03-18,25.920000076293945,0.008953,1.1031,0.7883,1.4838,0.8461,0.008953,0,0.1709
INTC,2025-03-19,24.1200008392334,-0.069444,1.1359,0.7973,1.5128,0.6467,0.069444,0,0.1159
INTC,2025-03-20,23.959999084472656,-0.006634,0.5969,0.7951,1.4462,0.6492,0.006634,0,0.1784
INTC,2025-03-21,24.260000228881836,0.012521,0.8212,0.7796,1.4293,0.6958,0.012521,0,0.1856
INTC,2025-03-24,24.219999313354492,-0.001649,0.6094,0.7745,1.3886,0.691,0.001649,0,0.173
INTC,2025-03-25,24.200000762939453,-0.000826,0.4635,0.7482,1.3351,0.6777,0.000826,0,0.1625
INTC,2025-03-26,23.420000076293945,-0.032231,0.5348,0.7548,1.3234,0.5753,0.032231,0,0.1593
INTC,2025-03-27,23.6200008392334,0.00854,0.5284,0.7518,1.2931,0.5979,0.00854,0,0.1777
INTC,2025-03-28,22.709999084472656,-0.038527,0.5457,0.7587,1.2765,0.4846,0.038527,0,0.1471
INTC,2025-03-31,22.709999084472656,0.0,0.6381,0.7434,1.2567,0.4848,0.0,0,0.1656
INTC,2025-04-01,22.049999237060547,-0.029062,0.6486,0.715,1.2419,0.3911,0.029062,0,0.1727
INTC,2025-04-02,21.979999542236328,-0.003175,0.6175,0.7084,1.2018,0.3704,0.003175,0,0.1775
INTC,2025-04-03,22.43000030517578,0.020473,2.3665,0.7104,1.3331,0.4178,0.020473,0,0.0937
INTC,2025-04-04,19.850000381469727,-0.115025,1.63,0.8281,1.4329,0.0694,0.115025,0,0.0
INTC,2025-04-07,19.56999969482422,-0.014106,1.2912,0.8202,1.4813,0.0417,0.014106,0,0.1427
INTC,2025-04-08,18.1299991607666,-0.073582,1.432,0.8611,1.5697,-0.0861,0.073582,0,0.059
INTC,2025-04-09,21.530000686645508,0.187535,1.8793,1.0855,1.7255,0.3262,0.187535,1,-0.0965
INTC,2025-04-10,19.8799991607666,-0.076637,1.1363,0.9823,1.7715,0.1593,0.076637,0,0.0724
INTC,2025-04-11,19.739999771118164,-0.007042,1.125,0.9789,1.7664,0.1801,0.007042,0,0.1421
INTC,2025-04-14,20.309999465942383,0.028875,0.9168,0.9478,1.7338,0.2682,0.028875,0,0.1569
INTC,2025-04-15,19.850000381469727,-0.022649,0.5942,0.946,1.6571,0.2328,0.022649,0,0.158
INTC,2025-04-16,19.229999542236328,-0.031234,0.8481,0.9245,1.6194,0.1872,0.031234,0,0.1579
INTC,2025-04-17,18.93000030517578,-0.015601,0.8055,0.9247,1.5516,0.1835,0.015601,0,0.1659
INTC,2025-04-21,18.84000015258789,-0.004754,0.688,0.9211,1.4937,0.2008,0.004754,0,0.1533
INTC,2025-04-22,19.510000228881836,0.035563,0.7868,0.9354,1.4513,0.3068,0.035563,0,0.1518
INTC,2025-04-23,20.59000015258789,0.055356,0.898,0.963,1.4562,0.4768,0.055356,0,0.1272
INTC,2025-04-24,21.489999771118164,0.043711,1.0538,0.9736,1.4207,0.636,0.043711,0,0.1521
INTC,2025-04-25,20.049999237060547,-0.067008,1.2777,0.9987,1.4728,0.4244,0.067008,0,0.0999
INTC,2025-04-28,20.510000228881836,0.022943,0.8222,0.9963,1.4412,0.5295,0.022943,0,0.1627
INTC,2025-04-29,20.34000015258789,-0.008289,0.5948,0.9964,1.3832,0.5215,0.008289,0,0.1596
INTC,2025-04-30,20.100000381469727,-0.011799,0.5791,0.9924,1.3409,0.49,0.011799,0,0.1599
INTC,2025-05-01,19.979999542236328,-0.00597,0.6121,0.9925,1.2958,0.484,0.00597,0,0.1594
INTC,2025-05-02,20.6200008392334,0.032032,0.5773,0.9969,1.2604,0.7028,0.032032,0,0.1422
INTC,2025-05-05,20.270000457763672,-0.016974,0.429,0.9067,1.1975,0.5898,0.016974,0,0.1594
INTC,2025-05-06,19.940000534057617,-0.01628,0.5209,0.9072,1.1477,0.4841,0.01628,0,0.1663
INTC,2025-05-07,20.309999465942383,0.018556,0.6531,0.8627,1.105,0.5752,0.018556,0,0.1763
INTC,2025-05-08,21.0,0.033973,0.8354,0.5533,1.0925,0.8582,0.033973,0,0.1756
INTC,2025-05-09,21.420000076293945,0.02,0.632,0.4786,1.0587,0.9466,0.02,0,0.1644
INTC,2025-05-12,22.18000030517578,0.035481,1.179,0.489,1.0724,1.0712,0.035481,0,0.145
INTC,2025-05-13,22.559999465942383,0.017133,0.9733,0.4836,1.0458,1.0553,0.017133,0,0.163
INTC,2025-05-14,21.520000457763672,-0.046099,1.14,0.5084,1.0497,0.7622,0.046099,0,0.1501
INTC,2025-05-15,21.549999237060547,0.001394,0.8423,0.4908,1.0061,0.7449,0.001394,0,0.1852
INTC,2025-05-16,21.65999984741211,0.005104,0.718,0.4841,0.9635,0.7519,0.005104,0,0.189
INTC,2025-05-19,21.3799991607666,-0.012927,0.8316,0.4876,0.9383,0.6603,0.012927,0,0.2021
INTC,2025-05-20,21.270000457763672,-0.005145,0.6419,0.4771,0.892,0.6081,0.005145,0,0.1978
INTC,2025-05-21,20.690000534057617,-0.027268,0.8519,0.4502,0.9026,0.418,0.027268,0,0.1914
INTC,2025-05-22,20.549999237060547,-0.006767,0.7921,0.4209,0.8659,0.3867,0.006767,0,0.1957
INTC,2025-05-23,20.049999237060547,-0.024331,1.0208,0.3555,0.8477,0.2225,0.024331,0,0.1704
INTC,2025-05-27,20.549999237060547,0.024938,1.0618,0.3572,0.8314,0.3859,0.024938,0,0.1704
INTC,2025-05-28,20.3700008392334,-0.008759,0.7173,0.3574,0.7942,0.326,0.008759,0,0.1767
INTC,2025-05-29,20.25,-0.005891,1.0344,0.3553,0.7731,0.2818,0.005891,0,0.171
INTC,2025-05-30,19.549999237060547,-0.034568,1.725,0.3762,0.7858,0.0749,0.034568,0,0.1122
INTC,2025-06-02,19.739999771118164,0.009719,1.0211,0.3583,0.7618,0.1662,0.009719,0,0.1601
INTC,2025-06-03,20.290000915527344,0.027862,1.1774,0.3686,0.7795,0.3326,0.027862,0,0.1649
INTC,2025-06-04,20.25,-0.001971,1.0272,0.3635,0.7588,0.3123,0.001971,0,0.1655
INTC,2025-06-05,19.989999771118164,-0.01284,1.0373,0.3605,0.7546,0.2414,0.01284,0,0.1694
INTC,2025-06-06,20.059999465942383,0.003502,1.0043,0.3372,0.7329,0.2815,0.003502,0,0.151
INTC,2025-06-09,20.479999542236328,0.020937,1.2932,0.3381,0.7448,0.4195,0.020937,0,0.152
INTC,2025-06-10,22.079999923706055,0.078125,2.2657,0.4238,0.8459,0.9077,0.078125,0,0.0379
INTC,2025-06-11,20.68000030517578,-0.063406,1.854,0.4743,0.9069,0.5114,0.063406,0,0.0851
INTC,2025-06-12,20.770000457763672,0.004352,0.9959,0.4479,0.8828,0.5595,0.004352,0,0.1956
INTC,2025-06-13,20.13999938964844,-0.030332,1.1019,0.4593,0.8676,0.3437,0.030332,0,0.1859
INTC,2025-06-16,20.739999771118164,0.029791,1.0697,0.4732,0.8621,0.605,0.029791,0,0.1856
INTC,2025-06-17,20.799999237060547,0.002893,1.0639,0.4716,0.8619,0.6514,0.002893,0,0.1903
INTC,2025-06-18,21.489999771118164,0.033173,1.1142,0.4864,0.8675,0.9434,0.033173,0,0.1625
INTC,2025-06-20,21.079999923706055,-0.019079,1.5155,0.481,0.8777,0.7494,0.019079,0,0.1697
INTC,2025-06-23,21.190000534057617,0.005218,0.9118,0.4802,0.8757,0.7732,0.005218,0,0.1916
INTC,2025-06-24,22.549999237060547,0.064181,1.4102,0.5172,0.9203,1.1372,0.064181,0,0.0926
INTC,2025-06-25,22.200000762939453,-0.015521,0.7046,0.5179,0.9003,0.9466,0.015521,0,0.1745
INTC,2025-06-26,22.5,0.013513,0.6793,0.5165,0.866,0.9585,0.013513,0,0.1673
INTC,2025-06-27,22.690000534057617,0.008444,1.0106,0.5148,0.8727,0.9398,0.008444,0,0.1766
INTC,2025-06-30,22.399999618530273,-0.012781,0.8319,0.4974,0.8604,0.8327,0.012781,0,0.1885
INTC,2025-07-01,22.850000381469727,0.020089,0.8483,0.4995,0.8618,0.9008,0.020089,0,0.1803
INTC,2025-07-02,21.8799991607666,-0.042451,1.4381,0.5238,0.8952,0.6386,0.042451,0,0.1516
INTC,2025-07-03,22.489999771118164,0.027879,0.6397,0.5297,0.8848,0.7675,0.027879,0,0.1799
INTC,2025-07-07,22.0,-0.021787,0.8405,0.5348,0.8666,0.6224,0.021787,0,0.194
INTC,2025-07-08,23.59000015258789,0.072273,1.2134,0.585,0.9326,0.9902,0.072273,0,0.0969
INTC,2025-07-09,23.440000534057617,-0.006359,0.7213,0.5855,0.8988,0.901,0.006359,0,0.1724
INTC,2025-07-10,23.81999969482422,0.016212,0.5964,0.5244,0.8775,0.9349,0.016212,0,0.1691
INTC,2025-07-11,23.43000030517578,-0.016373,0.5696,0.4673,0.862,0.8104,0.016373,0,0.1793
INTC,2025-07-14,23.299999237060547,-0.005548,0.5684,0.4693,0.8397,0.7543,0.005548,0,0.1814
INTC,2025-07-15,22.920000076293945,-0.016309,0.7859,0.4573,0.8426,0.6468,0.016309,0,0.1966
INTC,2025-07-16,22.690000534057617,-0.010035,0.7117,0.4527,0.8452,0.5653,0.010035,0,0.1973
INTC,2025-07-17,22.799999237060547,0.004848,0.6111,0.4526,0.8177,0.5764,0.004848,0,0.1907
INTC,2025-07-18,23.100000381469727,0.013158,0.7609,0.4415,0.8157,0.655,0.013158,0,0.1938
INTC,2025-07-21,23.260000228881836,0.006926,0.8165,0.4331,0.8096,0.6962,0.006926,0,0.1878
INTC,2025-07-22,23.239999771118164,-0.00086,0.7279,0.4336,0.7846,0.6786,0.00086,0,0.1817
INTC,2025-07-23,23.489999771118164,0.010757,0.967,0.3743,0.7786,0.7671,0.010757,0,0.1667
INTC,2025-07-24,22.6299991607666,-0.036611,1.7735,0.3946,0.793,0.3596,0.036611,0,0.1314
INTC,2025-07-25,20.700000762939453,-0.085285,2.9351,0.4965,0.8985,-0.2402,0.085285,1,-0.0731
INTC,2025-07-28,20.68000030517578,-0.000966,1.0371,0.4946,0.88,-0.092,0.000966,0,0.1275
INTC,2025-07-29,20.40999984741211,-0.013056,1.1973,0.4946,0.8536,-0.0506,0.013056,0,0.1486
INTC,2025-07-30,20.34000015258789,-0.00343,0.8062,0.4863,0.8312,0.0204,0.00343,0,0.1597
INTC,2025-07-31,19.799999237060547,-0.026549,1.1159,0.4733,0.8204,-0.0097,0.026549,0,0.1562
INTC,2025-08-01,19.309999465942383,-0.024747,1.0482,0.4622,0.8211,-0.0053,0.024747,0,0.1595
INTC,2025-08-04,19.5,0.009839,0.8451,0.4626,0.7824,0.0845,0.009839,0,0.1727
INTC,2025-08-05,20.190000534057617,0.035385,1.2042,0.3936,0.8008,0.2237,0.035385,0,0.1514
INTC,2025-08-06,20.40999984741211,0.010896,0.8314,0.399,0.7872,0.2812,0.010896,0,0.1838
INTC,2025-08-07,19.770000457763672,-0.031357,1.5546,0.3987,0.791,0.2101,0.031357,0,0.1459
INTC,2025-08-08,19.950000762939453,0.009105,0.8788,0.4026,0.7638,0.2631,0.009105,0,0.1799
INTC,2025-08-11,20.649999618530273,0.035088,1.9045,0.4304,0.8271,0.393,0.035088,0,0.1285
INTC,2025-08-12,21.809999465942383,0.056174,1.4036,0.4806,0.8544,0.5985,0.056174,0,0.1235
INTC,2025-08-13,22.219999313354492,0.018799,0.8875,0.4851,0.8605,0.6754,0.018799,0,0.1965
INTC,2025-08-14,23.86000061035156,0.073807,1.8105,0.5524,0.9633,0.9283,0.073807,0,0.0913
INTC,2025-08-15,24.559999465942383,0.029338,2.6654,0.5594,1.0224,0.9918,0.029338,0,0.0773
INTC,2025-08-18,23.65999984741211,-0.036645,1.7151,0.5771,1.0701,0.8456,0.036645,0,0.1416
INTC,2025-08-19,25.309999465942383,0.069738,2.1872,0.6257,1.1986,1.0221,0.069738,0,0.0914
INTC,2025-08-20,23.540000915527344,-0.069933,1.1452,0.6791,1.2545,0.7811,0.069933,0,0.103
INTC,2025-08-21,23.5,-0.001699,0.703,0.6646,1.2213,0.7643,0.001699,0,0.178
INTC,2025-08-22,24.799999237060547,0.055319,1.4644,0.6022,1.2576,0.8838,0.055319,0,0.1281
INTC,2025-08-25,24.549999237060547,-0.010081,1.1178,0.6052,1.2706,0.8161,0.010081,0,0.1869
INTC,2025-08-26,24.350000381469727,-0.008147,0.5644,0.603,1.2256,0.764,0.008147,0,0.1857
INTC,2025-08-27,24.850000381469727,0.020534,0.6479,0.6022,1.2052,0.7905,0.020534,0,0.1814
INTC,2025-08-28,24.93000030517578,0.003219,0.4324,0.5868,1.157,0.7716,0.003219,0,0.1697
INTC,2025-08-29,24.350000381469727,-0.023265,0.4629,0.5856,1.1236,0.6848,0.023265,0,0.1766
INTC,2025-09-02,24.209999084472656,-0.00575,0.4206,0.5891,1.0912,0.6489,0.00575,0,0.1806
INTC,2025-09-03,24.0,-0.008674,0.3552,0.5861,1.0483,0.6027,0.008674,0,0.1737
INTC,2025-09-04,24.61000061035156,0.025417,0.44,0.5889,1.037,0.6688,0.025417,0,0.1757
INTC,2025-09-05,24.489999771118164,-0.004876,0.4291,0.5715,1.0015,0.6345,0.004876,0,0.1847
INTC,2025-09-08,24.479999542236328,-0.000408,0.3955,0.573,0.9742,0.6175,0.000408,0,0.1686
INTC,2025-09-09,24.440000534057617,-0.001634,0.3438,0.5672,0.9432,0.591,0.001634,0,0.165
INTC,2025-09-10,24.770000457763672,0.013502,0.5179,0.5398,0.918,0.6828,0.013502,0,0.1866
INTC,2025-09-11,24.61000061035156,-0.006459,0.4729,0.5398,0.8781,0.6131,0.006459,0,0.1868
INTC,2025-09-12,24.079999923706055,-0.021536,0.476,0.4833,0.8568,0.3266,0.021536,0,0.1719
INTC,2025-09-15,24.770000457763672,0.028655,0.845,0.4828,0.8942,0.6872,0.028655,0,0.1893
INTC,2025-09-16,25.270000457763672,0.020186,0.6577,0.4661,0.8768,0.907,0.020186,0,0.1721
INTC,2025-09-17,24.899999618530273,-0.014642,0.7886,0.399,0.8727,0.7378,0.014642,0,0.1833
INTC,2025-09-18,30.56999969482422,0.227711,5.3379,0.8528,1.3446,1.5208,0.227711,1,-0.1764
INTC,2025-09-19,29.579999923706055,-0.032385,2.1589,0.8673,1.3415,1.1446,0.032385,0,0.0544
INTC,2025-09-22,28.760000228881836,-0.027721,1.2896,0.8635,1.3435,0.9506,0.027721,0,0.152
INTC,2025-09-23,29.34000015258789,0.020167,1.2692,0.8614,1.3504,0.9506,0.020167,0,0.1565
INTC,2025-09-24,31.219999313354492,0.064076,1.5841,0.879,1.4304,1.0483,0.064076,0,0.0929
INTC,2025-09-25,33.9900016784668,0.088725,2.5926,0.9184,1.5453,1.1346,0.088725,1,-0.0037
INTC,2025-09-26,35.5,0.044425,2.1576,0.9217,1.6,1.0965,0.044425,0,0.0689
INTC,2025-09-29,34.47999954223633,-0.028732,1.1836,0.9252,1.6121,0.9506,0.028732,0,0.1502
INTC,2025-09-30,33.54999923706055,-0.026972,0.9435,0.9358,1.6012,0.8481,0.026972,0,0.1607
INTC,2025-10-01,35.939998626708984,0.071237,1.1784,0.9485,1.6697,0.9297,0.071237,0,0.0948
INTC,2025-10-02,37.29999923706055,0.037841,1.0478,0.9502,1.7026,0.939,0.037841,0,0.1433
INTC,2025-10-03,36.83000183105469,-0.0126,0.8586,0.9535,1.6974,0.8673,0.0126,0,0.1586
INTC,2025-10-06,36.59000015258789,-0.006516,0.7519,0.9557,1.7369,0.8192,0.006516,0,0.1573
INTC,2025-10-07,37.16999816894531,0.015851,0.7287,0.952,1.7342,0.8149,0.015851,0,0.1645
INTC,2025-10-08,37.43000030517578,0.006995,0.6676,0.9531,1.7447,0.7975,0.006995,0,0.1563
INTC,2025-10-09,37.79999923706055,0.009885,0.575,0.9483,1.7086,0.7888,0.009885,0,0.1602
INTC,2025-10-10,36.369998931884766,-0.037831,1.1243,0.9602,1.8259,0.6956,0.037831,0,0.1536
INTC,2025-10-13,37.220001220703125,0.023371,0.6349,0.9599,1.7833,0.725,0.023371,0,0.1632
INTC,2025-10-14,35.630001068115234,-0.042719,0.7073,0.9872,1.8366,0.61,0.042719,0,0.1364
INTC,2025-10-15,37.150001525878906,0.042661,0.5889,0.9822,1.8383,0.7069,0.042661,0,0.1269
INTC,2025-10-16,36.84000015258789,-0.008345,0.569,0.6148,1.822,0.6622,0.008345,0,0.1839
INTC,2025-10-17,37.0099983215332,0.004614,0.8457,0.5946,1.8561,0.6588,0.004614,0,0.188
INTC,2025-10-20,38.099998474121094,0.029452,0.5786,0.5785,1.8314,0.757,0.029452,0,0.1673
INTC,2025-10-21,38.119998931884766,0.000525,0.5377,0.5802,1.7492,0.7738,0.000525,0,0.1652
INTC,2025-10-22,36.91999816894531,-0.03148,0.6591,0.5695,1.7728,0.582,0.03148,0,0.1706
INTC,2025-10-23,38.15999984741211,0.033586,0.988,0.496,1.7869,0.8038,0.033586,0,0.1759
INTC,2025-10-24,38.279998779296875,0.003145,2.0138,0.4751,1.8942,0.7964,0.003145,0,0.116
INTC,2025-10-27,39.540000915527344,0.032915,1.3039,0.4687,1.9332,1.0007,0.032915,0,0.1502
INTC,2025-10-28,41.529998779296875,0.050329,1.4438,0.4741,2.0051,1.2754,0.050329,0,0.0689
INTC,2025-10-29,41.34000015258789,-0.004575,0.8714,0.4199,1.9419,1.0937,0.004575,0,0.12
INTC,2025-10-30,40.15999984741211,-0.028544,0.7099,0.4221,1.8975,0.8535,0.028544,0,0.1542
INTC,2025-10-31,39.9900016784668,-0.004233,0.6861,0.4188,1.8362,0.794,0.004233,0,0.1671
INTC,2025-11-03,39.5,-0.012253,0.534,0.4213,1.8051,0.6979,0.012253,0,0.17
INTC,2025-11-04,37.029998779296875,-0.062532,0.8946,0.4802,1.8812,0.3197,0.062532,0,0.11
INTC,2025-11-05,38.380001068115234,0.036457,0.6612,0.4968,1.8654,0.5195,0.036457,0,0.1623
INTC,2025-11-06,37.2400016784668,-0.029703,0.6915,0.5079,1.9493,0.3492,0.029703,0,0.1717
INTC,2025-11-07,38.130001068115234,0.023899,0.8854,0.4944,1.9029,0.4709,0.023899,0,0.1844
INTC,2025-11-10,38.45000076293945,0.008392,0.7302,0.489,1.8784,0.5121,0.008392,0,0.1871
INTC,2025-11-11,37.880001068115234,-0.014824,0.5199,0.4645,1.8128,0.3931,0.014824,0,0.176
INTC,2025-11-12,37.88999938964844,0.000264,0.5329,0.4409,1.744,0.3862,0.000264,0,0.1639
INTC,2025-11-13,35.90999984741211,-0.052257,0.9399,0.4795,1.7937,0.0621,0.052257,0,0.1201
INTC,2025-11-14,35.52000045776367,-0.01086,0.7221,0.4803,1.7713,0.0433,0.01086,0,0.1644
INTC,2025-11-17,34.709999084472656,-0.022804,0.7336,0.4712,1.7519,0.0055,0.022804,0,0.1522
INTC,2025-11-18,34.33000183105469,-0.010948,0.6253,0.4715,1.7118,0.032,0.010948,0,0.1565
INTC,2025-11-19,35.11000061035156,0.022721,0.6894,0.47,1.6967,0.1577,0.022721,0,0.1581
INTC,2025-11-20,33.619998931884766,-0.042438,1.0032,0.471,1.8041,0.0518,0.042438,0,0.1356
INTC,2025-11-21,34.5,0.026175,1.1864,0.4838,1.8245,0.1831,0.026175,0,0.1594
INTC,2025-11-24,35.790000915527344,0.037391,1.2038,0.4886,1.8127,0.3359,0.037391,0,0.1627
INTC,2025-11-25,35.83000183105469,0.001118,0.7748,0.4446,1.7868,0.3586,0.001118,0,0.1762
INTC,2025-11-26,36.810001373291016,0.027351,0.7026,0.461,1.7599,0.4963,0.027351,0,0.1777
INTC,2025-11-28,40.560001373291016,0.101874,1.225,0.5888,1.9042,0.9681,0.101874,0,0.0475
INTC,2025-12-01,40.0099983215332,-0.01356,0.9567,0.5909,1.8368,0.898,0.01356,0,0.1766
INTC,2025-12-02,43.470001220703125,0.086478,2.0095,0.6619,1.9677,1.1652,0.086478,0,0.0475
INTC,2025-12-03,43.7599983215332,0.006671,1.1121,0.611,1.935,1.0608,0.006671,0,0.1471
INTC,2025-12-04,40.5,-0.074497,1.2786,0.6692,2.0554,0.7572,0.074497,0,0.0858
INTC,2025-12-05,41.40999984741211,0.022469,1.2034,0.6605,2.075,0.8042,0.022469,0,0.1695
INTC,2025-12-08,40.29999923706055,-0.026805,1.0983,0.6669,2.0996,0.7005,0.026805,0,0.1752
INTC,2025-12-09,40.5,0.004963,0.7301,0.6666,2.0375,0.7047,0.004963,0,0.178
INTC,2025-12-10,40.779998779296875,0.006914,0.8849,0.6632,2.042,0.7111,0.006914,0,0.1821
INTC,2025-12-11,39.5099983215332,-0.031143,0.6862,0.6751,2.0175,0.6055,0.031143,0,0.167
INTC,2025-12-12,37.810001373291016,-0.043027,1.024,0.6659,2.0456,0.4662,0.043027,0,0.1574
INTC,2025-12-15,37.5099983215332,-0.007934,0.7149,0.6651,1.9823,0.4336,0.007934,0,0.1827
INTC,2025-12-16,37.310001373291016,-0.005332,0.6005,0.6588,1.915,0.404,0.005332,0,0.1768
INTC,2025-12-17,36.04999923706055,-0.033771,0.6542,0.6707,1.9118,0.2855,0.033771,0,0.155
INTC,2025-12-18,36.279998779296875,0.00638,0.8283,0.6669,1.9052,0.2959,0.00638,0,0.1716
INTC,2025-12-19,36.81999969482422,0.014884,1.8716,0.6465,1.862,0.3154,0.014884,0,0.1218
INTC,2025-12-22,36.369998931884766,-0.012222,0.6116,0.6444,1.844,0.252,0.012222,0,0.1722
INTC,2025-12-23,36.349998474121094,-0.00055,0.4433,0.6318,1.7673,0.2439,0.00055,0,0.1536
INTC,2025-12-24,36.15999984741211,-0.005227,0.4688,0.6323,1.7411,0.2208,0.005227,0,0.1604
INTC,2025-12-26,36.20000076293945,0.001106,0.3662,0.6247,1.6624,0.2313,0.001106,0,0.1402
INTC,2025-12-29,36.68000030517578,0.01326,0.5028,0.4995,1.6137,0.2999,0.01326,0,0.1699
INTC,2025-12-30,37.29999923706055,0.016903,0.825,0.5039,1.6113,0.3751,0.016903,0,0.192
INTC,2025-12-31,36.900001525878906,-0.010724,0.7436,0.377,1.5469,0.3526,0.010724,0,0.1757
INTC,2026-01-02,39.380001068115234,0.067209,1.3734,0.4601,1.6478,0.6847,0.067209,0,0.1189
INTC,2026-01-05,39.369998931884766,-0.000254,1.4029,0.3795,1.7323,0.6978,0.000254,0,0.1347
INTC,2026-01-06,40.040000915527344,0.017018,0.9899,0.3754,1.7057,0.8215,0.017018,0,0.1596
INTC,2026-01-07,42.630001068115234,0.064685,2.3492,0.4299,1.9074,1.1034,0.064685,0,0.0473
INTC,2026-01-08,41.11000061035156,-0.035656,1.2257,0.4513,1.9612,0.892,0.035656,0,0.1526
INTC,2026-01-09,45.54999923706055,0.108003,2.4081,0.5899,2.1511,1.2208,0.108003,1,-0.0149
INTC,2026-01-12,44.060001373291016,-0.032711,1.2801,0.5912,2.116,0.9916,0.032711,0,0.1466
INTC,2026-01-13,47.290000915527344,0.073309,2.0146,0.607,2.2634,1.105,0.073309,0,0.0744
INTC,2026-01-14,48.720001220703125,0.030239,1.6828,0.6056,2.2239,1.0676,0.030239,0,0.1216
INTC,2026-01-15,48.31999969482422,-0.00821,1.4356,0.6068,2.2479,0.9621,0.00821,0,0.1452
INTC,2026-01-16,46.959999084472656,-0.028146,1.329,0.6013,2.3373,0.844,0.028146,0,0.1604
INTC,2026-01-20,48.560001373291016,0.034072,1.504,0.6047,2.404,0.8806,0.034072,0,0.1437
INTC,2026-01-21,54.25,0.117175,2.1476,0.7044,2.6501,1.0522,0.117175,0,0.0148
INTC,2026-01-22,54.31999969482422,0.00129,1.7338,0.6977,2.5694,0.9748,0.00129,0,0.0976
INTC,2026-01-23,45.06999969482422,-0.170287,2.4044,0.9734,3.0909,0.5706,0.170287,1,-0.0921
INTC,2026-01-26,42.4900016784668,-0.057244,1.1658,1.0031,3.0694,0.4423,0.057244,0,0.102
INTC,2026-01-27,43.93000030517578,0.03389,0.9174,1.006,2.9958,0.4896,0.03389,0,0.1369
INTC,2026-01-28,48.779998779296875,0.110403,1.4325,1.0654,3.1647,0.7016,0.110403,0,0.0153
INTC,2026-01-29,48.65999984741211,-0.00246,0.8622,1.0675,3.0665,0.676,0.00246,0,0.1292
INTC,2026-01-30,46.470001220703125,-0.045006,0.7802,1.0855,3.1061,0.539,0.045006,0,0.1018
INTC,2026-02-02,48.810001373291016,0.050355,0.6871,1.0761,3.1942,0.6555,0.050355,0,0.0936
INTC,2026-02-03,49.25,0.009015,0.8209,1.0751,3.1846,0.6639,0.009015,0,0.1333
INTC,2026-02-04,48.599998474121094,-0.013198,0.8468,1.0791,3.15,0.6017,0.013198,0,0.1373
INTC,2026-02-05,48.2400016784668,-0.007407,0.7651,1.0626,3.2157,0.5582,0.007407,0,0.1328
INTC,2026-02-06,50.59000015258789,0.048715,0.7668,1.0584,3.2046,0.7202,0.048715,0,0.0979
INTC,2026-02-09,50.2400016784668,-0.006918,0.6488,0.9979,3.235,0.6723,0.006918,0,0.1364
INTC,2026-02-10,47.130001068115234,-0.061903,0.6835,1.0184,3.2732,0.394,0.061903,0,0.0671
INTC,2026-02-11,48.290000915527344,0.024613,0.7529,0.9896,3.2315,0.4917,0.024613,0,0.1421
INTC,2026-02-12,46.47999954223633,-0.037482,0.6308,0.994,3.1979,0.3434,0.037482,0,0.1149
INTC,2026-02-13,46.790000915527344,0.00667,0.5095,0.9939,3.1637,0.378,0.00667,0,0.1215
INTC,2026-02-17,46.18000030517578,-0.013037,0.4917,0.9896,3.0356,0.3297,0.013037,0,0.1252
INTC,2026-02-18,45.459999084472656,-0.015591,0.504,0.9833,2.9538,0.2855,0.015591,0,0.1257
INTC,2026-02-19,44.619998931884766,-0.018478,0.5952,0.8786,2.8528,0.2274,0.018478,0,0.1411
INTC,2026-02-20,44.11000061035156,-0.01143,0.7742,0.878,2.7733,0.1751,0.01143,0,0.1437
INTC,2026-02-23,43.630001068115234,-0.010882,0.5424,0.639,2.6731,0.1433,0.010882,0,0.1341
INTC,2026-02-24,46.119998931884766,0.057071,0.9617,0.6341,2.7007,0.38,0.057071,0,0.1185
INTC,2026-02-25,46.880001068115234,0.016479,0.7527,0.6265,2.6428,0.4503,0.016479,0,0.172
INTC,2026-02-26,45.459999084472656,-0.03029,0.7604,0.4947,2.6369,0.2897,0.03029,0,0.1496
INTC,2026-02-27,45.61000061035156,0.0033,0.8648,0.4952,2.6028,0.3276,0.0033,0,0.1578
INTC,2026-03-02,45.5,-0.002412,0.6819,0.4694,2.5498,0.322,0.002412,0,0.1526
INTC,2026-03-03,43.099998474121094,-0.052747,0.9526,0.4635,2.6076,0.0785,0.052747,0,0.0935
INTC,2026-03-04,45.58000183105469,0.057541,1.1124,0.5134,2.6378,0.3937,0.057541,0,0.1122
INTC,2026-03-05,45.95000076293945,0.008118,0.9275,0.5135,2.5765,0.455,0.008118,0,0.1723
INTC,2026-03-06,43.41999816894531,-0.05506,0.9069,0.5466,2.5832,0.1671,0.05506,0,0.1094
INTC,2026-03-09,45.58000183105469,0.049747,1.0273,0.5479,2.693,0.4661,0.049747,0,0.1295
INTC,2026-03-10,46.779998779296875,0.026327,1.0621,0.5587,2.6771,0.7155,0.026327,0,0.1632
INTC,2026-03-11,47.97999954223633,0.025652,0.9189,0.5214,2.6408,0.9136,0.025652,0,0.1554
INTC,2026-03-12,45.25,-0.056899,1.0946,0.5526,2.6529,0.4452,0.056899,0,0.1249
INTC,2026-03-13,45.77000045776367,0.011492,0.8909,0.5389,2.5634,0.5571,0.011492,0,0.1762
INTC,2026-03-16,45.7599983215332,-0.000219,1.4459,0.5383,2.6289,0.5675,0.000219,0,0.133
INTC,2026-03-17,44.060001373291016,-0.03715,1.1113,0.5523,2.5961,0.2397,0.03715,0,0.1413
INTC,2026-03-18,45.029998779296875,0.022015,0.9663,0.556,2.5292,0.4428,0.022015,0,0.1678
INTC,2026-03-19,46.18000030517578,0.025539,0.916,0.5584,2.5479,0.6617,0.025539,0,0.1733
INTC,2026-03-20,43.869998931884766,-0.050022,1.9279,0.587,2.6452,0.1964,0.050022,0,0.0754
INTC,2026-03-23,44.0099983215332,0.003191,0.9432,0.5856,2.5791,0.2149,0.003191,0,0.1514
INTC,2026-03-24,44.060001373291016,0.001136,0.7781,0.5471,2.4742,0.251,0.001136,0,0.1536
INTC,2026-03-25,47.18000030517578,0.070813,1.1461,0.6022,2.5681,0.8722,0.070813,0,0.1021
INTC,2026-03-26,44.099998474121094,-0.065282,0.9676,0.6381,2.6176,0.2787,0.065282,0,0.0953
INTC,2026-03-27,43.130001068115234,-0.021995,0.8221,0.6423,2.5213,0.1367,0.021995,0,0.1504
INTC,2026-03-30,41.189998626708984,-0.04498,0.9798,0.6601,2.5812,-0.073,0.04498,0,0.0887
INTC,2026-03-31,44.130001068115234,0.071377,1.0965,0.6855,2.614,0.3697,0.071377,0,0.0961
INTC,2026-04-01,48.029998779296875,0.088375,1.4634,0.7261,2.7587,0.9312,0.088375,0,0.0634
INTC,2026-04-02,50.380001068115234,0.048928,1.2943,0.7437,2.8795,1.111,0.048928,0,0.1021
INTC,2026-04-06,50.779998779296875,0.00794,0.8811,0.7083,2.8538,1.0413,0.00794,0,0.1334
INTC,2026-04-07,52.90999984741211,0.041946,1.3915,0.7028,2.8278,1.1004,0.041946,0,0.1051
INTC,2026-04-08,58.95000076293945,0.114156,1.8824,0.7955,3.073,1.256,0.114156,1,-0.0086
INTC,2026-04-09,61.720001220703125,0.046989,1.5223,0.8037,3.1171,1.1806,0.046989,0,0.0689
INTC,2026-04-10,62.380001068115234,0.010693,0.9585,0.7593,3.083,1.0692,0.010693,0,0.1294
INTC,2026-04-13,65.18000030517578,0.044886,1.0669,0.7652,3.1106,1.0515,0.044886,0,0.1187
INTC,2026-04-14,63.810001373291016,-0.021019,1.0741,0.7756,3.1092,0.9345,0.021019,0,0.1453
INTC,2026-04-15,64.94000244140625,0.017709,0.8753,0.7479,3.0985,0.9099,0.017709,0,0.1508
INTC,2026-04-16,68.5,0.05482,1.0155,0.7577,3.1872,0.9431,0.05482,0,0.1185
INTC,2026-04-17,68.5,0.0,1.091,0.7617,3.1445,0.8888,0.0,0,0.1287
INTC,2026-04-20,65.69999694824219,-0.040876,0.917,0.751,3.2585,0.7858,0.040876,0,0.133
INTC,2026-04-21,66.26000213623047,0.008524,0.8611,0.7495,3.1707,0.7714,0.008524,0,0.1541
INTC,2026-04-22,65.2699966430664,-0.014941,0.8405,0.7575,3.215,0.723,0.014941,0,0.1577
INTC,2026-04-23,66.77999877929688,0.023135,1.4068,0.7344,3.2003,0.7371,0.023135,0,0.1284
INTC,2026-04-24,82.54000091552734,0.235999,2.341,1.0066,4.2889,1.0426,0.235999,1,-0.1271
INTC,2026-04-27,84.98999786376953,0.029683,1.4232,0.9853,4.3082,1.017,0.029683,0,0.0914
INTC,2026-04-28,84.5199966430664,-0.00553,1.1472,0.9515,4.2998,0.9576,0.00553,0,0.1045
INTC,2026-04-29,94.75,0.121036,1.731,0.9901,4.7377,1.0775,0.121036,1,-0.0147
INTC,2026-04-30,94.4800033569336,-0.00285,1.1693,0.9847,4.6986,0.9956,0.00285,0,0.0853
INTC,2026-05-01,99.62000274658205,0.054403,1.1369,0.9858,4.9229,1.0088,0.054403,0,0.0761
INTC,2026-05-04,95.77999877929688,-0.038547,0.8438,1.0169,4.8727,0.8952,0.038547,0,0.0952
INTC,2026-05-05,108.1500015258789,0.12915,1.3705,1.0716,5.5747,1.0227,0.12915,1,-0.0207
INTC,2026-05-06,113.01000213623048,0.044938,1.0966,1.0342,5.6708,1.008,0.044938,0,0.0648
INTC,2026-05-07,109.62000274658205,-0.029997,0.8652,1.0581,5.6486,0.9023,0.029997,0,0.0736
INTC,2026-05-08,124.91999816894533,0.139573,1.5356,1.1221,6.7415,1.0184,0.139573,1,-0.0587
INTC,2026-05-11,129.44000244140625,0.036183,1.1836,1.1218,6.8907,0.9884,0.036183,0,0.0423
INTC,2026-05-12,120.61000061035156,-0.068217,1.1157,1.1658,7.4299,0.8451,0.068217,1,-0.0127
INTC,2026-05-13,120.29000091552734,-0.002653,0.7405,1.172,7.5128,0.8083,0.002653,0,0.0289
INTC,2026-05-14,115.93000030517578,-0.036246,0.7568,1.1946,7.4847,0.7343,0.036246,0,0.0241
INTC,2026-05-15,108.7699966430664,-0.061761,0.8606,1.234,7.7294,0.6337,0.061761,1,-0.0091
INTC,2026-05-18,108.16999816894533,-0.005516,0.9136,1.2148,8.0123,0.6078,0.005516,0,0.0238
INTC,2026-05-19,110.8000030517578,0.024314,0.9245,1.2128,8.2021,0.6224,0.024314,0,0.0288
INTC,2026-05-20,118.95999908447266,0.073646,0.9931,1.2114,8.412,0.7201,0.073646,1,-0.0162
INTC,2026-05-21,118.5,-0.003867,0.6262,1.2181,8.2568,0.7031,0.003867,0,0.0118
INTC,2026-05-22,119.83999633789062,0.011308,0.5379,0.9498,8.0021,0.709,0.011308,0,0.0649
INTC,2026-05-26,123.5199966430664,0.030708,0.7205,0.9499,8.0212,0.762,0.030708,0,0.0721
INTC,2026-05-27,121.7699966430664,-0.014168,0.6331,0.9536,8.039,0.714,0.014168,0,0.0694
INTC,2026-05-28,120.88999938964844,-0.007227,0.6926,0.8792,7.9483,0.6746,0.007227,0,0.077
INTC,2026-05-29,114.68000030517578,-0.051369,1.3491,0.9077,8.3163,0.4857,0.051369,0,0.0389
INTC,2026-06-01,109.33000183105467,-0.046652,0.9574,0.9148,8.3187,0.2968,0.046652,0,0.0419
INTC,2026-06-02,107.93000030517578,-0.012805,0.7582,0.9026,8.0931,0.1803,0.012805,0,0.0574
INTC,2026-06-03,112.70999908447266,0.044288,0.8727,0.7947,8.255,0.3499,0.044288,0,0.0417
INTC,2026-06-04,111.77999877929688,-0.008251,0.5846,0.7799,8.0697,0.3166,0.008251,0,0.0538
INTC,2026-06-05,99.16999816894533,-0.112811,1.0886,0.8728,8.454,-0.0745,0.112811,1,-0.0825
INTC,2026-06-08,110.2699966430664,0.111929,1.063,0.8164,8.8051,0.3265,0.111929,1,-0.0371
INTC,2026-06-09,107.91999816894533,-0.021311,1.1747,0.8034,9.2148,0.258,0.021311,0,0.0348
INTC,2026-06-10,107.04000091552734,-0.008154,0.9822,0.7712,9.0266,0.2498,0.008154,0,0.0379
INTC,2026-06-11,116.95999908447266,0.092676,1.4661,0.8454,9.2675,0.6492,0.092676,1,-0.0178
INTC,2026-06-12,124.56999969482422,0.065065,1.1613,0.8642,9.482,0.9065,0.065065,0,0.0078
INTC,2026-06-15,127.86000061035156,0.026411,1.0336,0.8298,9.379,0.9533,0.026411,0,0.0401
INTC,2026-06-16,117.0500030517578,-0.084546,1.0268,0.8936,9.6162,0.569,0.084546,1,-0.0339
INTC,2026-06-17,121.0999984741211,0.034601,0.9027,0.8972,9.5115,0.6913,0.034601,0,0.0512
INTC,2026-06-18,133.99000549316406,0.106441,1.7829,0.9367,9.8592,1.0334,0.106441,1,-0.0632
